2025-09-05 21:53:39,955 [Worker-2: Loading available Gradle versions] INFO  o.e.b.c.i.u.g.PublishedGradleVersions - Gradle version information cache is out-of-date. Trying to update.
2025-09-05 21:54:45,374 [Worker-16: Import Getting Started Content] INFO  o.e.m.c.i.l.LifecycleMappingFactory - Using org.maven.ide.eclipse.wtp.WarLifecycleMapping lifecycle mapping for MavenProject: com.example:Backend:0.0.1-SNAPSHOT @ D:\3-1\watchlist\Backend\pom.xml.
2025-09-05 21:54:47,903 [Worker-16: Import Getting Started Content] INFO  o.e.m.j.i.AbstractJavaProjectConfigurator - Adding source folder /Backend/src/main/java
2025-09-05 21:54:47,906 [Worker-16: Import Getting Started Content] INFO  o.e.m.j.i.AbstractJavaProjectConfigurator - Adding resource folder /Backend/src/main/resources
2025-09-05 21:54:47,913 [Worker-16: Import Getting Started Content] INFO  o.e.m.j.i.AbstractJavaProjectConfigurator - Adding resource folder /Backend/src/main/resources
2025-09-05 21:54:47,919 [Worker-16: Import Getting Started Content] INFO  o.e.m.j.i.AbstractJavaProjectConfigurator - Adding source folder /Backend/src/test/java
2025-09-05 21:54:47,921 [Worker-16: Import Getting Started Content] INFO  o.e.m.j.i.AbstractJavaProjectConfigurator - Adding resource folder /Backend/src/test/resources
2025-09-05 21:54:52,843 [Worker-16: Import Getting Started Content] INFO  o.e.m.c.i.p.ProjectConfigurationManager - Imported and configured 1 project(s) in 12 sec
2025-09-05 21:54:52,852 [Worker-16: Import Getting Started Content] INFO  o.e.m.c.i.p.ProjectConfigurationManager - Update started
2025-09-05 21:54:53,756 [Worker-16: Import Getting Started Content] INFO  o.e.m.c.i.l.LifecycleMappingFactory - Using org.maven.ide.eclipse.wtp.WarLifecycleMapping lifecycle mapping for MavenProject: com.example:Backend:0.0.1-SNAPSHOT @ D:\3-1\watchlist\Backend\pom.xml.
2025-09-05 21:54:54,946 [Worker-16: Import Getting Started Content] INFO  o.e.m.j.i.AbstractJavaProjectConfigurator - Adding source folder /Backend/src/main/java
2025-09-05 21:54:54,947 [Worker-16: Import Getting Started Content] INFO  o.e.m.j.i.AbstractJavaProjectConfigurator - Adding resource folder /Backend/src/main/resources
2025-09-05 21:54:54,949 [Worker-16: Import Getting Started Content] INFO  o.e.m.j.i.AbstractJavaProjectConfigurator - Adding resource folder /Backend/src/main/resources
2025-09-05 21:54:54,949 [Worker-16: Import Getting Started Content] INFO  o.e.m.j.i.AbstractJavaProjectConfigurator - Adding source folder /Backend/src/test/java
2025-09-05 21:54:54,950 [Worker-16: Import Getting Started Content] INFO  o.e.m.j.i.AbstractJavaProjectConfigurator - Adding resource folder /Backend/src/test/resources
2025-09-05 21:54:56,938 [Worker-16: Import Getting Started Content] INFO  o.e.m.w.i.f.ResourceFilteringBuildParticipant - Cleaning filtered folder for Backend
2025-09-05 21:54:56,980 [Worker-16: Import Getting Started Content] INFO  o.e.m.c.i.p.ProjectConfigurationManager - Update completed for 1 poms: local refresh takes 0.00 sec, refresh facades takes 2.00 sec, update config takes 1.00 sec 
2025-09-05 21:54:58,461 [Worker-6: Building] INFO  o.a.m.s.f.DefaultMavenResourcesFiltering - Copying 1 resource from src\main\resources to target\classes
2025-09-05 21:54:58,548 [Worker-6: Building] INFO  o.a.m.s.f.DefaultMavenResourcesFiltering - Copying 0 resource from src\main\resources to target\classes
2025-09-05 21:54:58,571 [Worker-6: Building] INFO  o.a.m.s.f.DefaultMavenResourcesFiltering - skip non existing resourceDirectory D:\3-1\watchlist\Backend\src\test\resources
2025-09-05 21:54:58,573 [Worker-6: Building] INFO  o.e.m.w.i.f.ResourceFilteringBuildParticipant - Changed resources require a complete clean of filtered resources of Backend
2025-09-05 21:54:58,582 [Worker-6: Building] INFO  o.e.m.w.i.f.ResourceFilteringBuildParticipant - Executing resource filtering for Backend
2025-09-05 21:57:30,141 [Worker-25: Import Getting Started Content] INFO  o.e.m.c.i.l.LifecycleMappingFactory - Using org.maven.ide.eclipse.wtp.WarLifecycleMapping lifecycle mapping for MavenProject: com.example:Backend:0.0.1-SNAPSHOT @ D:\3-1\watchlist\Backend\pom.xml.
2025-09-05 21:57:31,095 [Worker-25: Import Getting Started Content] INFO  o.e.m.c.i.e.AbstractTransferListenerAdapter - Downloading https://repo.maven.apache.org/maven2/com/mysql/mysql-connector-j/9.4.0/mysql-connector-j-9.4.0.jar
2025-09-05 21:57:31,424 [Worker-25: Import Getting Started Content] INFO  o.e.m.c.i.e.AbstractTransferListenerAdapter - Downloaded https://repo.maven.apache.org/maven2/com/mysql/mysql-connector-j/9.4.0/mysql-connector-j-9.4.0.jar
2025-09-05 21:57:31,604 [Worker-25: Import Getting Started Content] INFO  o.e.m.j.i.AbstractJavaProjectConfigurator - Adding source folder /Backend/src/main/java
2025-09-05 21:57:31,604 [Worker-25: Import Getting Started Content] INFO  o.e.m.j.i.AbstractJavaProjectConfigurator - Adding resource folder /Backend/src/main/resources
2025-09-05 21:57:31,610 [Worker-25: Import Getting Started Content] INFO  o.e.m.j.i.AbstractJavaProjectConfigurator - Adding resource folder /Backend/src/main/resources
2025-09-05 21:57:31,615 [Worker-25: Import Getting Started Content] INFO  o.e.m.j.i.AbstractJavaProjectConfigurator - Adding source folder /Backend/src/test/java
2025-09-05 21:57:31,615 [Worker-25: Import Getting Started Content] INFO  o.e.m.j.i.AbstractJavaProjectConfigurator - Adding resource folder /Backend/src/test/resources
2025-09-05 21:57:32,856 [Worker-25: Import Getting Started Content] INFO  o.e.m.c.i.p.ProjectConfigurationManager - Imported and configured 1 project(s) in 3 sec
2025-09-05 21:57:32,860 [Worker-25: Import Getting Started Content] INFO  o.e.m.c.i.p.ProjectConfigurationManager - Update started
2025-09-05 21:57:33,471 [Worker-25: Import Getting Started Content] INFO  o.e.m.c.i.l.LifecycleMappingFactory - Using org.maven.ide.eclipse.wtp.WarLifecycleMapping lifecycle mapping for MavenProject: com.example:Backend:0.0.1-SNAPSHOT @ D:\3-1\watchlist\Backend\pom.xml.
2025-09-05 21:57:34,213 [Worker-25: Import Getting Started Content] INFO  o.e.m.j.i.AbstractJavaProjectConfigurator - Adding source folder /Backend/src/main/java
2025-09-05 21:57:34,214 [Worker-25: Import Getting Started Content] INFO  o.e.m.j.i.AbstractJavaProjectConfigurator - Adding resource folder /Backend/src/main/resources
2025-09-05 21:57:34,215 [Worker-25: Import Getting Started Content] INFO  o.e.m.j.i.AbstractJavaProjectConfigurator - Adding resource folder /Backend/src/main/resources
2025-09-05 21:57:34,216 [Worker-25: Import Getting Started Content] INFO  o.e.m.j.i.AbstractJavaProjectConfigurator - Adding source folder /Backend/src/test/java
2025-09-05 21:57:34,217 [Worker-25: Import Getting Started Content] INFO  o.e.m.j.i.AbstractJavaProjectConfigurator - Adding resource folder /Backend/src/test/resources
2025-09-05 21:57:35,057 [Worker-25: Import Getting Started Content] INFO  o.e.m.w.i.f.ResourceFilteringBuildParticipant - Cleaning filtered folder for Backend
2025-09-05 21:57:35,087 [Worker-25: Import Getting Started Content] INFO  o.e.m.c.i.p.ProjectConfigurationManager - Update completed for 1 poms: local refresh takes 0.00 sec, refresh facades takes 1.00 sec, update config takes 0.00 sec 
2025-09-05 21:57:35,662 [Worker-28: Building] INFO  o.a.m.s.f.DefaultMavenResourcesFiltering - Copying 1 resource from src\main\resources to target\classes
2025-09-05 21:57:35,689 [Worker-28: Building] INFO  o.a.m.s.f.DefaultMavenResourcesFiltering - Copying 0 resource from src\main\resources to target\classes
2025-09-05 21:57:35,696 [Worker-28: Building] INFO  o.a.m.s.f.DefaultMavenResourcesFiltering - skip non existing resourceDirectory D:\3-1\watchlist\Backend\src\test\resources
2025-09-05 21:57:35,696 [Worker-28: Building] INFO  o.e.m.w.i.f.ResourceFilteringBuildParticipant - Changed resources require a complete clean of filtered resources of Backend
2025-09-05 21:57:35,696 [Worker-28: Building] INFO  o.e.m.w.i.f.ResourceFilteringBuildParticipant - Executing resource filtering for Backend
2025-09-05 22:00:26,621 [Worker-29: Building] INFO  o.a.m.s.f.DefaultMavenResourcesFiltering - Copying 1 resource from src\main\resources to target\classes
2025-09-05 22:00:26,637 [Worker-29: Building] INFO  o.a.m.s.f.DefaultMavenResourcesFiltering - Copying 0 resource from src\main\resources to target\classes
2025-09-05 22:00:26,644 [Worker-29: Building] INFO  o.a.m.s.f.DefaultMavenResourcesFiltering - skip non existing resourceDirectory D:\3-1\watchlist\Backend\src\test\resources
2025-09-05 22:00:34,158 [Worker-18: Building] INFO  o.a.m.s.f.DefaultMavenResourcesFiltering - Copying 1 resource from src\main\resources to target\classes
2025-09-05 22:00:34,173 [Worker-18: Building] INFO  o.a.m.s.f.DefaultMavenResourcesFiltering - Copying 0 resource from src\main\resources to target\classes
2025-09-05 22:00:34,180 [Worker-18: Building] INFO  o.a.m.s.f.DefaultMavenResourcesFiltering - skip non existing resourceDirectory D:\3-1\watchlist\Backend\src\test\resources
2025-09-05 22:00:53,149 [Worker-2: Building] INFO  o.a.m.s.f.DefaultMavenResourcesFiltering - Copying 1 resource from src\main\resources to target\classes
2025-09-05 22:00:53,162 [Worker-2: Building] INFO  o.a.m.s.f.DefaultMavenResourcesFiltering - Copying 0 resource from src\main\resources to target\classes
2025-09-05 22:00:53,166 [Worker-2: Building] INFO  o.a.m.s.f.DefaultMavenResourcesFiltering - skip non existing resourceDirectory D:\3-1\watchlist\Backend\src\test\resources
2025-09-05 22:05:39,153 [Worker-32: Building] INFO  o.a.m.s.f.DefaultMavenResourcesFiltering - Copying 1 resource from src\main\resources to target\classes
2025-09-05 22:05:39,166 [Worker-32: Building] INFO  o.a.m.s.f.DefaultMavenResourcesFiltering - Copying 0 resource from src\main\resources to target\classes
2025-09-05 22:05:39,175 [Worker-32: Building] INFO  o.a.m.s.f.DefaultMavenResourcesFiltering - skip non existing resourceDirectory D:\3-1\watchlist\Backend\src\test\resources
2025-09-05 22:07:32,331 [Worker-36: Building] INFO  o.a.m.s.f.DefaultMavenResourcesFiltering - Copying 0 resource from src\main\resources to target\classes
2025-09-05 22:07:32,335 [Worker-36: Building] INFO  o.a.m.s.f.DefaultMavenResourcesFiltering - Copying 0 resource from src\main\resources to target\classes
2025-09-05 22:07:32,339 [Worker-36: Building] INFO  o.a.m.s.f.DefaultMavenResourcesFiltering - Copying 0 resource from src\test\resources to target\test-classes
2025-09-05 22:07:56,738 [Worker-32: Building] INFO  o.a.m.s.f.DefaultMavenResourcesFiltering - Copying 1 resource from src\main\resources to target\classes
2025-09-05 22:07:56,758 [Worker-32: Building] INFO  o.a.m.s.f.DefaultMavenResourcesFiltering - Copying 0 resource from src\main\resources to target\classes
2025-09-05 22:07:56,770 [Worker-32: Building] INFO  o.a.m.s.f.DefaultMavenResourcesFiltering - Copying 0 resource from src\test\resources to target\test-classes
2025-09-05 22:08:23,368 [Worker-4: Loading available Gradle versions] INFO  o.e.b.c.i.u.g.PublishedGradleVersions - Gradle version information cache is up-to-date. Trying to read.
2025-09-05 22:09:43,068 [Worker-11: Building] INFO  o.e.m.c.i.l.LifecycleMappingFactory - Using org.maven.ide.eclipse.wtp.WarLifecycleMapping lifecycle mapping for MavenProject: com.example:TODOSPRINGBOOT:0.0.1-SNAPSHOT @ D:\3-1\watchlist\Backend\pom.xml.
2025-09-05 22:09:45,550 [Worker-11: Building] INFO  o.a.m.s.f.DefaultMavenResourcesFiltering - Copying 1 resource from src\main\resources to target\classes
2025-09-05 22:09:45,598 [Worker-11: Building] INFO  o.a.m.s.f.DefaultMavenResourcesFiltering - Copying 0 resource from src\main\resources to target\classes
2025-09-05 22:09:45,610 [Worker-11: Building] INFO  o.a.m.s.f.DefaultMavenResourcesFiltering - Copying 0 resource from src\test\resources to target\test-classes
2025-09-05 22:09:45,614 [Worker-11: Building] INFO  o.e.m.w.i.f.ResourceFilteringBuildParticipant - Changed resources require a complete clean of filtered resources of Backend
2025-09-05 22:09:45,615 [Worker-11: Building] INFO  o.e.m.w.i.f.ResourceFilteringBuildParticipant - Executing resource filtering for Backend
2025-09-05 22:09:46,394 [Worker-3: Updating Maven Project] INFO  o.e.m.c.i.p.ProjectConfigurationManager - Update started
2025-09-05 22:09:47,463 [Worker-3: Updating Maven Project] INFO  o.e.m.c.i.l.LifecycleMappingFactory - Using org.maven.ide.eclipse.wtp.WarLifecycleMapping lifecycle mapping for MavenProject: com.example:TODOSPRINGBOOT:0.0.1-SNAPSHOT @ D:\3-1\watchlist\Backend\pom.xml.
2025-09-05 22:09:50,115 [Worker-3: Updating Maven Project] INFO  o.e.m.j.i.AbstractJavaProjectConfigurator - Adding source folder /Backend/src/main/java
2025-09-05 22:09:50,120 [Worker-3: Updating Maven Project] INFO  o.e.m.j.i.AbstractJavaProjectConfigurator - Adding resource folder /Backend/src/main/resources
2025-09-05 22:09:50,121 [Worker-3: Updating Maven Project] INFO  o.e.m.j.i.AbstractJavaProjectConfigurator - Adding resource folder /Backend/src/main/resources
2025-09-05 22:09:50,123 [Worker-3: Updating Maven Project] INFO  o.e.m.j.i.AbstractJavaProjectConfigurator - Adding source folder /Backend/src/test/java
2025-09-05 22:09:50,124 [Worker-3: Updating Maven Project] INFO  o.e.m.j.i.AbstractJavaProjectConfigurator - Adding resource folder /Backend/src/test/resources
2025-09-05 22:09:51,527 [Worker-3: Updating Maven Project] INFO  o.e.m.w.i.f.ResourceFilteringBuildParticipant - Cleaning filtered folder for Backend
2025-09-05 22:09:51,581 [Worker-3: Updating Maven Project] INFO  o.e.m.c.i.p.ProjectConfigurationManager - Update completed for 1 poms: local refresh takes 0.00 sec, refresh facades takes 3.00 sec, update config takes 1.00 sec 
2025-09-05 22:09:52,171 [Worker-14: Building] INFO  o.a.m.s.f.DefaultMavenResourcesFiltering - Copying 1 resource from src\main\resources to target\classes
2025-09-05 22:09:52,208 [Worker-14: Building] INFO  o.a.m.s.f.DefaultMavenResourcesFiltering - Copying 0 resource from src\main\resources to target\classes
2025-09-05 22:09:52,216 [Worker-14: Building] INFO  o.a.m.s.f.DefaultMavenResourcesFiltering - Copying 0 resource from src\test\resources to target\test-classes
2025-09-05 22:09:52,218 [Worker-14: Building] INFO  o.e.m.w.i.f.ResourceFilteringBuildParticipant - Changed resources require a complete clean of filtered resources of Backend
2025-09-05 22:09:52,218 [Worker-14: Building] INFO  o.e.m.w.i.f.ResourceFilteringBuildParticipant - Executing resource filtering for Backend
2025-09-05 22:10:19,255 [Worker-17: Building] INFO  o.a.m.s.f.DefaultMavenResourcesFiltering - Copying 1 resource from src\main\resources to target\classes
2025-09-05 22:10:19,270 [Worker-17: Building] INFO  o.a.m.s.f.DefaultMavenResourcesFiltering - Copying 0 resource from src\main\resources to target\classes
2025-09-05 22:10:19,280 [Worker-17: Building] INFO  o.a.m.s.f.DefaultMavenResourcesFiltering - Copying 0 resource from src\test\resources to target\test-classes
2025-09-05 22:11:01,392 [Worker-17: Building] INFO  o.a.m.s.f.DefaultMavenResourcesFiltering - Copying 1 resource from src\main\resources to target\classes
2025-09-05 22:11:01,404 [Worker-17: Building] INFO  o.a.m.s.f.DefaultMavenResourcesFiltering - Copying 0 resource from src\main\resources to target\classes
2025-09-05 22:11:01,410 [Worker-17: Building] INFO  o.a.m.s.f.DefaultMavenResourcesFiltering - Copying 0 resource from src\test\resources to target\test-classes
2025-09-05 22:11:07,186 [Worker-12: Building] INFO  o.a.m.s.f.DefaultMavenResourcesFiltering - Copying 1 resource from src\main\resources to target\classes
2025-09-05 22:11:07,197 [Worker-12: Building] INFO  o.a.m.s.f.DefaultMavenResourcesFiltering - Copying 0 resource from src\main\resources to target\classes
2025-09-05 22:11:07,203 [Worker-12: Building] INFO  o.a.m.s.f.DefaultMavenResourcesFiltering - Copying 0 resource from src\test\resources to target\test-classes
2025-09-05 22:11:50,351 [Worker-20: Building] INFO  o.a.m.s.f.DefaultMavenResourcesFiltering - Copying 1 resource from src\main\resources to target\classes
2025-09-05 22:11:50,361 [Worker-20: Building] INFO  o.a.m.s.f.DefaultMavenResourcesFiltering - Copying 0 resource from src\main\resources to target\classes
2025-09-05 22:11:50,367 [Worker-20: Building] INFO  o.a.m.s.f.DefaultMavenResourcesFiltering - Copying 0 resource from src\test\resources to target\test-classes
2025-09-05 22:11:57,223 [Worker-5: Building] INFO  o.a.m.s.f.DefaultMavenResourcesFiltering - Copying 1 resource from src\main\resources to target\classes
2025-09-05 22:11:57,235 [Worker-5: Building] INFO  o.a.m.s.f.DefaultMavenResourcesFiltering - Copying 0 resource from src\main\resources to target\classes
2025-09-05 22:11:57,242 [Worker-5: Building] INFO  o.a.m.s.f.DefaultMavenResourcesFiltering - Copying 0 resource from src\test\resources to target\test-classes
2025-09-05 22:12:29,452 [Worker-14: Building] INFO  o.a.m.s.f.DefaultMavenResourcesFiltering - Copying 1 resource from src\main\resources to target\classes
2025-09-05 22:12:29,492 [Worker-14: Building] INFO  o.a.m.s.f.DefaultMavenResourcesFiltering - Copying 0 resource from src\main\resources to target\classes
2025-09-05 22:12:29,505 [Worker-14: Building] INFO  o.a.m.s.f.DefaultMavenResourcesFiltering - Copying 0 resource from src\test\resources to target\test-classes
2025-09-05 22:12:42,495 [Worker-21: Building] INFO  o.a.m.s.f.DefaultMavenResourcesFiltering - Copying 1 resource from src\main\resources to target\classes
2025-09-05 22:12:42,507 [Worker-21: Building] INFO  o.a.m.s.f.DefaultMavenResourcesFiltering - Copying 0 resource from src\main\resources to target\classes
2025-09-05 22:12:42,514 [Worker-21: Building] INFO  o.a.m.s.f.DefaultMavenResourcesFiltering - Copying 0 resource from src\test\resources to target\test-classes
2025-09-05 22:12:54,615 [Worker-15: Building] INFO  o.a.m.s.f.DefaultMavenResourcesFiltering - Copying 1 resource from src\main\resources to target\classes
2025-09-05 22:12:54,625 [Worker-15: Building] INFO  o.a.m.s.f.DefaultMavenResourcesFiltering - Copying 0 resource from src\main\resources to target\classes
2025-09-05 22:12:54,632 [Worker-15: Building] INFO  o.a.m.s.f.DefaultMavenResourcesFiltering - Copying 0 resource from src\test\resources to target\test-classes
2025-09-05 22:13:11,800 [Worker-10: Building] INFO  o.a.m.s.f.DefaultMavenResourcesFiltering - Copying 1 resource from src\main\resources to target\classes
2025-09-05 22:13:11,813 [Worker-10: Building] INFO  o.a.m.s.f.DefaultMavenResourcesFiltering - Copying 0 resource from src\main\resources to target\classes
2025-09-05 22:13:11,820 [Worker-10: Building] INFO  o.a.m.s.f.DefaultMavenResourcesFiltering - Copying 0 resource from src\test\resources to target\test-classes
2025-09-05 22:13:24,263 [Worker-20: Building] INFO  o.a.m.s.f.DefaultMavenResourcesFiltering - Copying 1 resource from src\main\resources to target\classes
2025-09-05 22:13:24,271 [Worker-20: Building] INFO  o.a.m.s.f.DefaultMavenResourcesFiltering - Copying 0 resource from src\main\resources to target\classes
2025-09-05 22:13:24,278 [Worker-20: Building] INFO  o.a.m.s.f.DefaultMavenResourcesFiltering - Copying 0 resource from src\test\resources to target\test-classes
2025-09-05 22:13:38,469 [Worker-17: Building] INFO  o.a.m.s.f.DefaultMavenResourcesFiltering - Copying 1 resource from src\main\resources to target\classes
2025-09-05 22:13:38,478 [Worker-17: Building] INFO  o.a.m.s.f.DefaultMavenResourcesFiltering - Copying 0 resource from src\main\resources to target\classes
2025-09-05 22:13:38,485 [Worker-17: Building] INFO  o.a.m.s.f.DefaultMavenResourcesFiltering - Copying 0 resource from src\test\resources to target\test-classes
2025-09-05 22:13:48,610 [Worker-4: Building] INFO  o.a.m.s.f.DefaultMavenResourcesFiltering - Copying 1 resource from src\main\resources to target\classes
2025-09-05 22:13:48,618 [Worker-4: Building] INFO  o.a.m.s.f.DefaultMavenResourcesFiltering - Copying 0 resource from src\main\resources to target\classes
2025-09-05 22:13:48,624 [Worker-4: Building] INFO  o.a.m.s.f.DefaultMavenResourcesFiltering - Copying 0 resource from src\test\resources to target\test-classes
2025-09-05 22:14:00,242 [Worker-8: Building] INFO  o.a.m.s.f.DefaultMavenResourcesFiltering - Copying 1 resource from src\main\resources to target\classes
2025-09-05 22:14:00,255 [Worker-8: Building] INFO  o.a.m.s.f.DefaultMavenResourcesFiltering - Copying 0 resource from src\main\resources to target\classes
2025-09-05 22:14:00,262 [Worker-8: Building] INFO  o.a.m.s.f.DefaultMavenResourcesFiltering - Copying 0 resource from src\test\resources to target\test-classes
2025-09-05 22:16:37,816 [Worker-18: Building] INFO  o.a.m.s.f.DefaultMavenResourcesFiltering - Copying 1 resource from src\main\resources to target\classes
2025-09-05 22:16:37,826 [Worker-18: Building] INFO  o.a.m.s.f.DefaultMavenResourcesFiltering - Copying 0 resource from src\main\resources to target\classes
2025-09-05 22:16:37,830 [Worker-18: Building] INFO  o.a.m.s.f.DefaultMavenResourcesFiltering - Copying 0 resource from src\test\resources to target\test-classes
2025-09-05 22:20:10,495 [Worker-29: Building] INFO  o.a.m.s.f.DefaultMavenResourcesFiltering - Copying 1 resource from src\main\resources to target\classes
2025-09-05 22:20:10,507 [Worker-29: Building] INFO  o.a.m.s.f.DefaultMavenResourcesFiltering - Copying 0 resource from src\main\resources to target\classes
2025-09-05 22:20:10,514 [Worker-29: Building] INFO  o.a.m.s.f.DefaultMavenResourcesFiltering - Copying 0 resource from src\test\resources to target\test-classes
2025-09-05 22:20:41,849 [Worker-29: Building] INFO  o.a.m.s.f.DefaultMavenResourcesFiltering - Copying 1 resource from src\main\resources to target\classes
2025-09-05 22:20:41,860 [Worker-29: Building] INFO  o.a.m.s.f.DefaultMavenResourcesFiltering - Copying 0 resource from src\main\resources to target\classes
2025-09-05 22:20:41,866 [Worker-29: Building] INFO  o.a.m.s.f.DefaultMavenResourcesFiltering - Copying 0 resource from src\test\resources to target\test-classes
2025-09-05 22:20:59,247 [Worker-31: Building] INFO  o.a.m.s.f.DefaultMavenResourcesFiltering - Copying 1 resource from src\main\resources to target\classes
2025-09-05 22:20:59,259 [Worker-31: Building] INFO  o.a.m.s.f.DefaultMavenResourcesFiltering - Copying 0 resource from src\main\resources to target\classes
2025-09-05 22:20:59,266 [Worker-31: Building] INFO  o.a.m.s.f.DefaultMavenResourcesFiltering - Copying 0 resource from src\test\resources to target\test-classes
2025-09-05 22:24:39,913 [Worker-33: Building] INFO  o.a.m.s.f.DefaultMavenResourcesFiltering - Copying 1 resource from src\main\resources to target\classes
2025-09-05 22:24:39,921 [Worker-33: Building] INFO  o.a.m.s.f.DefaultMavenResourcesFiltering - Copying 0 resource from src\main\resources to target\classes
2025-09-05 22:24:39,927 [Worker-33: Building] INFO  o.a.m.s.f.DefaultMavenResourcesFiltering - Copying 0 resource from src\test\resources to target\test-classes
2025-09-05 22:24:53,750 [Worker-36: Launching Backend - BackendApplication] INFO  o.a.m.s.f.DefaultMavenResourcesFiltering - Copying 1 resource from src\main\resources to target\classes
2025-09-05 22:24:53,763 [Worker-36: Launching Backend - BackendApplication] INFO  o.a.m.s.f.DefaultMavenResourcesFiltering - Copying 0 resource from src\main\resources to target\classes
2025-09-05 22:24:53,772 [Worker-36: Launching Backend - BackendApplication] INFO  o.a.m.s.f.DefaultMavenResourcesFiltering - Copying 0 resource from src\test\resources to target\test-classes
2025-09-05 22:28:59,178 [Worker-37: Building] INFO  o.a.m.s.f.DefaultMavenResourcesFiltering - Copying 1 resource from src\main\resources to target\classes
2025-09-05 22:28:59,185 [Worker-37: Building] INFO  o.a.m.s.f.DefaultMavenResourcesFiltering - Copying 0 resource from src\main\resources to target\classes
2025-09-05 22:28:59,188 [Worker-37: Building] INFO  o.a.m.s.f.DefaultMavenResourcesFiltering - Copying 0 resource from src\test\resources to target\test-classes
2025-09-05 22:30:58,093 [Worker-38: Building] INFO  o.a.m.s.f.DefaultMavenResourcesFiltering - Copying 1 resource from src\main\resources to target\classes
2025-09-05 22:30:58,103 [Worker-38: Building] INFO  o.a.m.s.f.DefaultMavenResourcesFiltering - Copying 0 resource from src\main\resources to target\classes
2025-09-05 22:30:58,108 [Worker-38: Building] INFO  o.a.m.s.f.DefaultMavenResourcesFiltering - Copying 0 resource from src\test\resources to target\test-classes
2025-09-05 22:45:33,962 [Worker-39: Building] INFO  o.a.m.s.f.DefaultMavenResourcesFiltering - Copying 1 resource from src\main\resources to target\classes
2025-09-05 22:45:34,089 [Worker-39: Building] INFO  o.a.m.s.f.DefaultMavenResourcesFiltering - Copying 0 resource from src\main\resources to target\classes
2025-09-05 22:45:34,098 [Worker-39: Building] INFO  o.a.m.s.f.DefaultMavenResourcesFiltering - Copying 0 resource from src\test\resources to target\test-classes
2025-09-05 22:46:06,864 [Worker-43: Building] INFO  o.a.m.s.f.DefaultMavenResourcesFiltering - Copying 1 resource from src\main\resources to target\classes
2025-09-05 22:46:06,913 [Worker-43: Building] INFO  o.a.m.s.f.DefaultMavenResourcesFiltering - Copying 0 resource from src\main\resources to target\classes
2025-09-05 22:46:06,917 [Worker-43: Building] INFO  o.a.m.s.f.DefaultMavenResourcesFiltering - Copying 0 resource from src\test\resources to target\test-classes
2025-09-05 22:47:51,645 [Worker-42: Launching Backend - BackendApplication] INFO  o.a.m.s.f.DefaultMavenResourcesFiltering - Copying 1 resource from src\main\resources to target\classes
2025-09-05 22:47:51,672 [Worker-42: Launching Backend - BackendApplication] INFO  o.a.m.s.f.DefaultMavenResourcesFiltering - Copying 0 resource from src\main\resources to target\classes
2025-09-05 22:47:51,678 [Worker-42: Launching Backend - BackendApplication] INFO  o.a.m.s.f.DefaultMavenResourcesFiltering - Copying 0 resource from src\test\resources to target\test-classes
2025-09-05 22:54:06,621 [Worker-46: Building] INFO  o.a.m.s.f.DefaultMavenResourcesFiltering - Copying 1 resource from src\main\resources to target\classes
2025-09-05 22:54:06,641 [Worker-46: Building] INFO  o.a.m.s.f.DefaultMavenResourcesFiltering - Copying 0 resource from src\main\resources to target\classes
2025-09-05 22:54:06,647 [Worker-46: Building] INFO  o.a.m.s.f.DefaultMavenResourcesFiltering - Copying 0 resource from src\test\resources to target\test-classes
2025-09-05 22:54:31,403 [Worker-40: Building] INFO  o.a.m.s.f.DefaultMavenResourcesFiltering - Copying 1 resource from src\main\resources to target\classes
2025-09-05 22:54:31,412 [Worker-40: Building] INFO  o.a.m.s.f.DefaultMavenResourcesFiltering - Copying 0 resource from src\main\resources to target\classes
2025-09-05 22:54:31,416 [Worker-40: Building] INFO  o.a.m.s.f.DefaultMavenResourcesFiltering - Copying 0 resource from src\test\resources to target\test-classes
2025-09-05 22:59:32,432 [Worker-48: Building] INFO  o.a.m.s.f.DefaultMavenResourcesFiltering - Copying 1 resource from src\main\resources to target\classes
2025-09-05 22:59:32,438 [Worker-48: Building] INFO  o.a.m.s.f.DefaultMavenResourcesFiltering - Copying 0 resource from src\main\resources to target\classes
2025-09-05 22:59:32,446 [Worker-48: Building] INFO  o.a.m.s.f.DefaultMavenResourcesFiltering - Copying 0 resource from src\test\resources to target\test-classes
2025-09-06 01:29:56,746 [Worker-63: Launching Backend - BackendApplication] INFO  o.a.m.s.f.DefaultMavenResourcesFiltering - Copying 1 resource from src\main\resources to target\classes
2025-09-06 01:29:56,866 [Worker-63: Launching Backend - BackendApplication] INFO  o.a.m.s.f.DefaultMavenResourcesFiltering - Copying 0 resource from src\main\resources to target\classes
2025-09-06 01:29:56,874 [Worker-63: Launching Backend - BackendApplication] INFO  o.a.m.s.f.DefaultMavenResourcesFiltering - Copying 0 resource from src\test\resources to target\test-classes
2025-09-06 07:16:06,340 [Worker-1: Loading available Gradle versions] INFO  o.e.b.c.i.u.g.PublishedGradleVersions - Gradle version information cache is up-to-date. Trying to read.
2025-09-06 07:17:56,209 [Worker-4: Loading available Gradle versions] INFO  o.e.b.c.i.u.g.PublishedGradleVersions - Gradle version information cache is up-to-date. Trying to read.
2025-09-12 17:39:22,405 [Worker-2: Loading available Gradle versions] INFO  o.e.b.c.i.u.g.PublishedGradleVersions - Gradle version information cache is up-to-date. Trying to read.
2025-09-20 22:54:19,065 [Worker-4: Loading available Gradle versions] INFO  o.e.b.c.i.u.g.PublishedGradleVersions - Gradle version information cache is out-of-date. Trying to update.
2025-09-20 22:54:25,371 [Worker-5: Building] INFO  o.a.m.s.f.DefaultMavenResourcesFiltering - Copying 1 resource from src\main\resources to target\classes
2025-09-20 22:54:25,404 [Worker-5: Building] INFO  o.a.m.s.f.DefaultMavenResourcesFiltering - Copying 0 resource from src\main\resources to target\classes
2025-09-20 22:54:25,411 [Worker-5: Building] INFO  o.a.m.s.f.DefaultMavenResourcesFiltering - Copying 0 resource from src\test\resources to target\test-classes
2025-09-20 22:57:56,360 [Worker-17: Building] INFO  o.e.m.c.i.l.LifecycleMappingFactory - Using org.maven.ide.eclipse.wtp.WarLifecycleMapping lifecycle mapping for MavenProject: com.example:TODOSPRINGBOOT:0.0.1-SNAPSHOT @ D:\3-1\watchlist\Backend\pom.xml.
2025-09-20 22:57:57,335 [Worker-17: Building] INFO  o.a.m.s.f.DefaultMavenResourcesFiltering - Copying 1 resource from src\main\resources to target\classes
2025-09-20 22:57:57,363 [Worker-17: Building] INFO  o.a.m.s.f.DefaultMavenResourcesFiltering - Copying 0 resource from src\main\resources to target\classes
2025-09-20 22:57:57,372 [Worker-17: Building] INFO  o.a.m.s.f.DefaultMavenResourcesFiltering - Copying 0 resource from src\test\resources to target\test-classes
2025-09-20 22:59:27,117 [Worker-4: Building] INFO  o.a.m.s.f.DefaultMavenResourcesFiltering - Copying 1 resource from src\main\resources to target\classes
2025-09-20 22:59:27,131 [Worker-4: Building] INFO  o.a.m.s.f.DefaultMavenResourcesFiltering - Copying 0 resource from src\main\resources to target\classes
2025-09-20 22:59:27,138 [Worker-4: Building] INFO  o.a.m.s.f.DefaultMavenResourcesFiltering - Copying 0 resource from src\test\resources to target\test-classes
2025-09-20 23:07:33,559 [Worker-33: Launching Backend - BackendApplication] INFO  o.a.m.s.f.DefaultMavenResourcesFiltering - Copying 1 resource from src\main\resources to target\classes
2025-09-20 23:07:33,574 [Worker-33: Launching Backend - BackendApplication] INFO  o.a.m.s.f.DefaultMavenResourcesFiltering - Copying 0 resource from src\main\resources to target\classes
2025-09-20 23:07:33,581 [Worker-33: Launching Backend - BackendApplication] INFO  o.a.m.s.f.DefaultMavenResourcesFiltering - Copying 0 resource from src\test\resources to target\test-classes
2025-09-20 23:09:29,512 [Worker-33: Building] INFO  o.a.m.s.f.DefaultMavenResourcesFiltering - Copying 1 resource from src\main\resources to target\classes
2025-09-20 23:09:29,524 [Worker-33: Building] INFO  o.a.m.s.f.DefaultMavenResourcesFiltering - Copying 0 resource from src\main\resources to target\classes
2025-09-20 23:09:29,529 [Worker-33: Building] INFO  o.a.m.s.f.DefaultMavenResourcesFiltering - Copying 0 resource from src\test\resources to target\test-classes
2025-09-20 23:16:27,750 [Worker-34: Building] INFO  o.a.m.s.f.DefaultMavenResourcesFiltering - Copying 1 resource from src\main\resources to target\classes
2025-09-20 23:16:27,760 [Worker-34: Building] INFO  o.a.m.s.f.DefaultMavenResourcesFiltering - Copying 0 resource from src\main\resources to target\classes
2025-09-20 23:16:27,765 [Worker-34: Building] INFO  o.a.m.s.f.DefaultMavenResourcesFiltering - Copying 0 resource from src\test\resources to target\test-classes
2025-09-20 23:38:55,879 [Worker-42: Building] INFO  o.a.m.s.f.DefaultMavenResourcesFiltering - Copying 1 resource from src\main\resources to target\classes
2025-09-20 23:38:55,897 [Worker-42: Building] INFO  o.a.m.s.f.DefaultMavenResourcesFiltering - Copying 0 resource from src\main\resources to target\classes
2025-09-20 23:38:55,901 [Worker-42: Building] INFO  o.a.m.s.f.DefaultMavenResourcesFiltering - Copying 0 resource from src\test\resources to target\test-classes
2025-09-20 23:56:39,623 [Worker-43: Launching Backend - BackendApplication] INFO  o.a.m.s.f.DefaultMavenResourcesFiltering - Copying 1 resource from src\main\resources to target\classes
2025-09-20 23:56:39,634 [Worker-43: Launching Backend - BackendApplication] INFO  o.a.m.s.f.DefaultMavenResourcesFiltering - Copying 0 resource from src\main\resources to target\classes
2025-09-20 23:56:39,637 [Worker-43: Launching Backend - BackendApplication] INFO  o.a.m.s.f.DefaultMavenResourcesFiltering - Copying 0 resource from src\test\resources to target\test-classes
2025-09-21 16:05:51,167 [Worker-1: Loading available Gradle versions] INFO  o.e.b.c.i.u.g.PublishedGradleVersions - Gradle version information cache is up-to-date. Trying to read.
2025-09-21 16:11:45,580 [Worker-30: Building] INFO  o.a.m.s.f.DefaultMavenResourcesFiltering - Copying 1 resource from src\main\resources to target\classes
2025-09-21 16:11:45,614 [Worker-30: Building] INFO  o.a.m.s.f.DefaultMavenResourcesFiltering - Copying 0 resource from src\main\resources to target\classes
2025-09-21 16:11:45,627 [Worker-30: Building] INFO  o.a.m.s.f.DefaultMavenResourcesFiltering - Copying 0 resource from src\test\resources to target\test-classes
2025-09-21 16:12:25,803 [Worker-2: Building] INFO  o.a.m.s.f.DefaultMavenResourcesFiltering - Copying 1 resource from src\main\resources to target\classes
2025-09-21 16:12:25,819 [Worker-2: Building] INFO  o.a.m.s.f.DefaultMavenResourcesFiltering - Copying 0 resource from src\main\resources to target\classes
2025-09-21 16:12:25,835 [Worker-2: Building] INFO  o.a.m.s.f.DefaultMavenResourcesFiltering - Copying 0 resource from src\test\resources to target\test-classes
2025-09-22 12:08:52,507 [Worker-5: Loading available Gradle versions] INFO  o.e.b.c.i.u.g.PublishedGradleVersions - Gradle version information cache is out-of-date. Trying to update.
2025-09-22 12:23:47,496 [Worker-36: Building] INFO  o.a.m.s.f.DefaultMavenResourcesFiltering - Copying 1 resource from src\main\resources to target\classes
2025-09-22 12:23:47,541 [Worker-36: Building] INFO  o.a.m.s.f.DefaultMavenResourcesFiltering - Copying 0 resource from src\main\resources to target\classes
2025-09-22 12:23:47,557 [Worker-36: Building] INFO  o.a.m.s.f.DefaultMavenResourcesFiltering - Copying 0 resource from src\test\resources to target\test-classes
2025-09-22 12:25:00,171 [Worker-36: Building] INFO  o.a.m.s.f.DefaultMavenResourcesFiltering - Copying 1 resource from src\main\resources to target\classes
2025-09-22 12:25:00,189 [Worker-36: Building] INFO  o.a.m.s.f.DefaultMavenResourcesFiltering - Copying 0 resource from src\main\resources to target\classes
2025-09-22 12:25:00,197 [Worker-36: Building] INFO  o.a.m.s.f.DefaultMavenResourcesFiltering - Copying 0 resource from src\test\resources to target\test-classes
2025-09-22 12:29:43,278 [Worker-38: Building] INFO  o.a.m.s.f.DefaultMavenResourcesFiltering - Copying 1 resource from src\main\resources to target\classes
2025-09-22 12:29:43,307 [Worker-38: Building] INFO  o.a.m.s.f.DefaultMavenResourcesFiltering - Copying 0 resource from src\main\resources to target\classes
2025-09-22 12:29:43,321 [Worker-38: Building] INFO  o.a.m.s.f.DefaultMavenResourcesFiltering - Copying 0 resource from src\test\resources to target\test-classes
2025-09-22 12:32:18,107 [Worker-41: Building] INFO  o.a.m.s.f.DefaultMavenResourcesFiltering - Copying 1 resource from src\main\resources to target\classes
2025-09-22 12:32:18,121 [Worker-41: Building] INFO  o.a.m.s.f.DefaultMavenResourcesFiltering - Copying 0 resource from src\main\resources to target\classes
2025-09-22 12:32:18,129 [Worker-41: Building] INFO  o.a.m.s.f.DefaultMavenResourcesFiltering - Copying 0 resource from src\test\resources to target\test-classes
2025-09-22 12:34:04,719 [Worker-38: Building] INFO  o.a.m.s.f.DefaultMavenResourcesFiltering - Copying 1 resource from src\main\resources to target\classes
2025-09-22 12:34:04,725 [Worker-38: Building] INFO  o.a.m.s.f.DefaultMavenResourcesFiltering - Copying 0 resource from src\main\resources to target\classes
2025-09-22 12:34:04,728 [Worker-38: Building] INFO  o.a.m.s.f.DefaultMavenResourcesFiltering - Copying 0 resource from src\test\resources to target\test-classes
2025-09-22 12:38:21,548 [Worker-34: Building] INFO  o.e.m.c.i.l.LifecycleMappingFactory - Using org.maven.ide.eclipse.wtp.WarLifecycleMapping lifecycle mapping for MavenProject: com.example:TODOSPRINGBOOT:0.0.1-SNAPSHOT @ D:\3-1\watchlist\Backend\pom.xml.
2025-09-22 12:38:22,887 [Worker-34: Building] INFO  o.a.m.s.f.DefaultMavenResourcesFiltering - Copying 0 resource from src\main\resources to target\classes
2025-09-22 12:38:22,889 [Worker-34: Building] INFO  o.a.m.s.f.DefaultMavenResourcesFiltering - Copying 0 resource from src\main\resources to target\classes
2025-09-22 12:38:22,897 [Worker-34: Building] INFO  o.a.m.s.f.DefaultMavenResourcesFiltering - Copying 0 resource from src\test\resources to target\test-classes
2025-09-22 12:38:22,898 [Worker-34: Building] INFO  o.e.m.w.i.f.ResourceFilteringBuildParticipant - Changed resources require a complete clean of filtered resources of Backend
2025-09-22 12:38:22,899 [Worker-34: Building] INFO  o.e.m.w.i.f.ResourceFilteringBuildParticipant - Executing resource filtering for Backend
2025-09-22 12:38:30,237 [Worker-46: Updating Maven Project] INFO  o.e.m.c.i.p.ProjectConfigurationManager - Update started
2025-09-22 12:38:30,700 [Worker-46: Updating Maven Project] INFO  o.e.m.c.i.l.LifecycleMappingFactory - Using org.maven.ide.eclipse.wtp.WarLifecycleMapping lifecycle mapping for MavenProject: com.example:TODOSPRINGBOOT:0.0.1-SNAPSHOT @ D:\3-1\watchlist\Backend\pom.xml.
2025-09-22 12:38:31,928 [Worker-46: Updating Maven Project] INFO  o.e.m.j.i.AbstractJavaProjectConfigurator - Adding source folder /Backend/src/main/java
2025-09-22 12:38:31,931 [Worker-46: Updating Maven Project] INFO  o.e.m.j.i.AbstractJavaProjectConfigurator - Adding resource folder /Backend/src/main/resources
2025-09-22 12:38:31,932 [Worker-46: Updating Maven Project] INFO  o.e.m.j.i.AbstractJavaProjectConfigurator - Adding resource folder /Backend/src/main/resources
2025-09-22 12:38:31,932 [Worker-46: Updating Maven Project] INFO  o.e.m.j.i.AbstractJavaProjectConfigurator - Adding source folder /Backend/src/test/java
2025-09-22 12:38:31,933 [Worker-46: Updating Maven Project] INFO  o.e.m.j.i.AbstractJavaProjectConfigurator - Adding resource folder /Backend/src/test/resources
2025-09-22 12:38:32,953 [Worker-46: Updating Maven Project] INFO  o.e.m.w.i.f.ResourceFilteringBuildParticipant - Cleaning filtered folder for Backend
2025-09-22 12:38:33,005 [Worker-46: Updating Maven Project] INFO  o.e.m.c.i.p.ProjectConfigurationManager - Update completed for 1 poms: local refresh takes 0.00 sec, refresh facades takes 1.00 sec, update config takes 0.00 sec 
2025-09-22 12:38:33,513 [Worker-47: Building] INFO  o.a.m.s.f.DefaultMavenResourcesFiltering - Copying 1 resource from src\main\resources to target\classes
2025-09-22 12:38:33,549 [Worker-47: Building] INFO  o.a.m.s.f.DefaultMavenResourcesFiltering - Copying 0 resource from src\main\resources to target\classes
2025-09-22 12:38:33,558 [Worker-47: Building] INFO  o.a.m.s.f.DefaultMavenResourcesFiltering - Copying 0 resource from src\test\resources to target\test-classes
2025-09-22 12:38:33,559 [Worker-47: Building] INFO  o.e.m.w.i.f.ResourceFilteringBuildParticipant - Changed resources require a complete clean of filtered resources of Backend
2025-09-22 12:38:33,559 [Worker-47: Building] INFO  o.e.m.w.i.f.ResourceFilteringBuildParticipant - Executing resource filtering for Backend
2025-09-22 12:38:46,970 [Worker-41: Launching Executing clean in D__3-1_watchlist_Backend] INFO  o.eclipse.m2e.core.internal.Bundles - getClasspathEntries(Bundle=org.eclipse.m2e.maven.runtime_3.9.900.20240824-1409 [642])
2025-09-22 12:38:46,972 [Worker-41: Launching Executing clean in D__3-1_watchlist_Backend] INFO  o.eclipse.m2e.core.internal.Bundles - 	Entry: C:\Users\SHYAMALA\.p2\pool\plugins\org.eclipse.m2e.maven.runtime_3.9.900.20240824-1409
2025-09-22 12:38:46,972 [Worker-41: Launching Executing clean in D__3-1_watchlist_Backend] INFO  o.eclipse.m2e.core.internal.Bundles - 	Entry: C:\Users\SHYAMALA\.p2\pool\plugins\org.eclipse.m2e.maven.runtime_3.9.900.20240824-1409\jars\aopalliance-1.0.jar
2025-09-22 12:38:46,973 [Worker-41: Launching Executing clean in D__3-1_watchlist_Backend] INFO  o.eclipse.m2e.core.internal.Bundles - 	Entry: C:\Users\SHYAMALA\.p2\pool\plugins\org.eclipse.m2e.maven.runtime_3.9.900.20240824-1409\jars\guice-5.1.0.jar
2025-09-22 12:38:46,973 [Worker-41: Launching Executing clean in D__3-1_watchlist_Backend] INFO  o.eclipse.m2e.core.internal.Bundles - 	Entry: C:\Users\SHYAMALA\.p2\pool\plugins\org.eclipse.m2e.maven.runtime_3.9.900.20240824-1409\jars\httpclient-4.5.14.jar
2025-09-22 12:38:46,973 [Worker-41: Launching Executing clean in D__3-1_watchlist_Backend] INFO  o.eclipse.m2e.core.internal.Bundles - 	Entry: C:\Users\SHYAMALA\.p2\pool\plugins\org.eclipse.m2e.maven.runtime_3.9.900.20240824-1409\jars\httpcore-4.4.16.jar
2025-09-22 12:38:46,973 [Worker-41: Launching Executing clean in D__3-1_watchlist_Backend] INFO  o.eclipse.m2e.core.internal.Bundles - 	Entry: C:\Users\SHYAMALA\.p2\pool\plugins\org.eclipse.m2e.maven.runtime_3.9.900.20240824-1409\jars\jansi-2.4.1.jar
2025-09-22 12:38:46,973 [Worker-41: Launching Executing clean in D__3-1_watchlist_Backend] INFO  o.eclipse.m2e.core.internal.Bundles - 	Entry: C:\Users\SHYAMALA\.p2\pool\plugins\org.eclipse.m2e.maven.runtime_3.9.900.20240824-1409\jars\jcl-over-slf4j-1.7.36.jar
2025-09-22 12:38:46,974 [Worker-41: Launching Executing clean in D__3-1_watchlist_Backend] INFO  o.eclipse.m2e.core.internal.Bundles - 	Entry: C:\Users\SHYAMALA\.p2\pool\plugins\org.eclipse.m2e.maven.runtime_3.9.900.20240824-1409\jars\maven-artifact-3.9.9.jar
2025-09-22 12:38:46,974 [Worker-41: Launching Executing clean in D__3-1_watchlist_Backend] INFO  o.eclipse.m2e.core.internal.Bundles - 	Entry: C:\Users\SHYAMALA\.p2\pool\plugins\org.eclipse.m2e.maven.runtime_3.9.900.20240824-1409\jars\maven-builder-support-3.9.9.jar
2025-09-22 12:38:46,974 [Worker-41: Launching Executing clean in D__3-1_watchlist_Backend] INFO  o.eclipse.m2e.core.internal.Bundles - 	Entry: C:\Users\SHYAMALA\.p2\pool\plugins\org.eclipse.m2e.maven.runtime_3.9.900.20240824-1409\jars\maven-compat-3.9.9.jar
2025-09-22 12:38:46,974 [Worker-41: Launching Executing clean in D__3-1_watchlist_Backend] INFO  o.eclipse.m2e.core.internal.Bundles - 	Entry: C:\Users\SHYAMALA\.p2\pool\plugins\org.eclipse.m2e.maven.runtime_3.9.900.20240824-1409\jars\maven-core-3.9.9.jar
2025-09-22 12:38:46,974 [Worker-41: Launching Executing clean in D__3-1_watchlist_Backend] INFO  o.eclipse.m2e.core.internal.Bundles - 	Entry: C:\Users\SHYAMALA\.p2\pool\plugins\org.eclipse.m2e.maven.runtime_3.9.900.20240824-1409\jars\maven-embedder-3.9.9.jar
2025-09-22 12:38:46,975 [Worker-41: Launching Executing clean in D__3-1_watchlist_Backend] INFO  o.eclipse.m2e.core.internal.Bundles - 	Entry: C:\Users\SHYAMALA\.p2\pool\plugins\org.eclipse.m2e.maven.runtime_3.9.900.20240824-1409\jars\maven-model-3.9.9.jar
2025-09-22 12:38:46,975 [Worker-41: Launching Executing clean in D__3-1_watchlist_Backend] INFO  o.eclipse.m2e.core.internal.Bundles - 	Entry: C:\Users\SHYAMALA\.p2\pool\plugins\org.eclipse.m2e.maven.runtime_3.9.900.20240824-1409\jars\maven-model-builder-3.9.9.jar
2025-09-22 12:38:46,975 [Worker-41: Launching Executing clean in D__3-1_watchlist_Backend] INFO  o.eclipse.m2e.core.internal.Bundles - 	Entry: C:\Users\SHYAMALA\.p2\pool\plugins\org.eclipse.m2e.maven.runtime_3.9.900.20240824-1409\jars\maven-plugin-api-3.9.9.jar
2025-09-22 12:38:46,975 [Worker-41: Launching Executing clean in D__3-1_watchlist_Backend] INFO  o.eclipse.m2e.core.internal.Bundles - 	Entry: C:\Users\SHYAMALA\.p2\pool\plugins\org.eclipse.m2e.maven.runtime_3.9.900.20240824-1409\jars\maven-repository-metadata-3.9.9.jar
2025-09-22 12:38:46,976 [Worker-41: Launching Executing clean in D__3-1_watchlist_Backend] INFO  o.eclipse.m2e.core.internal.Bundles - 	Entry: C:\Users\SHYAMALA\.p2\pool\plugins\org.eclipse.m2e.maven.runtime_3.9.900.20240824-1409\jars\maven-resolver-api-1.9.22.jar
2025-09-22 12:38:46,976 [Worker-41: Launching Executing clean in D__3-1_watchlist_Backend] INFO  o.eclipse.m2e.core.internal.Bundles - 	Entry: C:\Users\SHYAMALA\.p2\pool\plugins\org.eclipse.m2e.maven.runtime_3.9.900.20240824-1409\jars\maven-resolver-connector-basic-1.9.22.jar
2025-09-22 12:38:46,976 [Worker-41: Launching Executing clean in D__3-1_watchlist_Backend] INFO  o.eclipse.m2e.core.internal.Bundles - 	Entry: C:\Users\SHYAMALA\.p2\pool\plugins\org.eclipse.m2e.maven.runtime_3.9.900.20240824-1409\jars\maven-resolver-impl-1.9.22.jar
2025-09-22 12:38:46,976 [Worker-41: Launching Executing clean in D__3-1_watchlist_Backend] INFO  o.eclipse.m2e.core.internal.Bundles - 	Entry: C:\Users\SHYAMALA\.p2\pool\plugins\org.eclipse.m2e.maven.runtime_3.9.900.20240824-1409\jars\maven-resolver-named-locks-1.9.22.jar
2025-09-22 12:38:46,977 [Worker-41: Launching Executing clean in D__3-1_watchlist_Backend] INFO  o.eclipse.m2e.core.internal.Bundles - 	Entry: C:\Users\SHYAMALA\.p2\pool\plugins\org.eclipse.m2e.maven.runtime_3.9.900.20240824-1409\jars\maven-resolver-provider-3.9.9.jar
2025-09-22 12:38:46,977 [Worker-41: Launching Executing clean in D__3-1_watchlist_Backend] INFO  o.eclipse.m2e.core.internal.Bundles - 	Entry: C:\Users\SHYAMALA\.p2\pool\plugins\org.eclipse.m2e.maven.runtime_3.9.900.20240824-1409\jars\maven-resolver-spi-1.9.22.jar
2025-09-22 12:38:46,977 [Worker-41: Launching Executing clean in D__3-1_watchlist_Backend] INFO  o.eclipse.m2e.core.internal.Bundles - 	Entry: C:\Users\SHYAMALA\.p2\pool\plugins\org.eclipse.m2e.maven.runtime_3.9.900.20240824-1409\jars\maven-resolver-transport-file-1.9.22.jar
2025-09-22 12:38:46,977 [Worker-41: Launching Executing clean in D__3-1_watchlist_Backend] INFO  o.eclipse.m2e.core.internal.Bundles - 	Entry: C:\Users\SHYAMALA\.p2\pool\plugins\org.eclipse.m2e.maven.runtime_3.9.900.20240824-1409\jars\maven-resolver-transport-http-1.9.22.jar
2025-09-22 12:38:46,977 [Worker-41: Launching Executing clean in D__3-1_watchlist_Backend] INFO  o.eclipse.m2e.core.internal.Bundles - 	Entry: C:\Users\SHYAMALA\.p2\pool\plugins\org.eclipse.m2e.maven.runtime_3.9.900.20240824-1409\jars\maven-resolver-transport-wagon-1.9.22.jar
2025-09-22 12:38:46,977 [Worker-41: Launching Executing clean in D__3-1_watchlist_Backend] INFO  o.eclipse.m2e.core.internal.Bundles - 	Entry: C:\Users\SHYAMALA\.p2\pool\plugins\org.eclipse.m2e.maven.runtime_3.9.900.20240824-1409\jars\maven-resolver-util-1.9.22.jar
2025-09-22 12:38:46,978 [Worker-41: Launching Executing clean in D__3-1_watchlist_Backend] INFO  o.eclipse.m2e.core.internal.Bundles - 	Entry: C:\Users\SHYAMALA\.p2\pool\plugins\org.eclipse.m2e.maven.runtime_3.9.900.20240824-1409\jars\maven-settings-3.9.9.jar
2025-09-22 12:38:46,978 [Worker-41: Launching Executing clean in D__3-1_watchlist_Backend] INFO  o.eclipse.m2e.core.internal.Bundles - 	Entry: C:\Users\SHYAMALA\.p2\pool\plugins\org.eclipse.m2e.maven.runtime_3.9.900.20240824-1409\jars\maven-settings-builder-3.9.9.jar
2025-09-22 12:38:46,978 [Worker-41: Launching Executing clean in D__3-1_watchlist_Backend] INFO  o.eclipse.m2e.core.internal.Bundles - 	Entry: C:\Users\SHYAMALA\.p2\pool\plugins\org.eclipse.m2e.maven.runtime_3.9.900.20240824-1409\jars\maven-shared-utils-3.4.2.jar
2025-09-22 12:38:46,978 [Worker-41: Launching Executing clean in D__3-1_watchlist_Backend] INFO  o.eclipse.m2e.core.internal.Bundles - 	Entry: C:\Users\SHYAMALA\.p2\pool\plugins\org.eclipse.m2e.maven.runtime_3.9.900.20240824-1409\jars\org.eclipse.sisu.inject-0.9.0.M3.jar
2025-09-22 12:38:46,979 [Worker-41: Launching Executing clean in D__3-1_watchlist_Backend] INFO  o.eclipse.m2e.core.internal.Bundles - 	Entry: C:\Users\SHYAMALA\.p2\pool\plugins\org.eclipse.m2e.maven.runtime_3.9.900.20240824-1409\jars\org.eclipse.sisu.plexus-0.9.0.M3.jar
2025-09-22 12:38:46,979 [Worker-41: Launching Executing clean in D__3-1_watchlist_Backend] INFO  o.eclipse.m2e.core.internal.Bundles - 	Entry: C:\Users\SHYAMALA\.p2\pool\plugins\org.eclipse.m2e.maven.runtime_3.9.900.20240824-1409\jars\plexus-build-api-0.0.7.jar
2025-09-22 12:38:46,979 [Worker-41: Launching Executing clean in D__3-1_watchlist_Backend] INFO  o.eclipse.m2e.core.internal.Bundles - 	Entry: C:\Users\SHYAMALA\.p2\pool\plugins\org.eclipse.m2e.maven.runtime_3.9.900.20240824-1409\jars\plexus-build-api-1.2.0.jar
2025-09-22 12:38:46,979 [Worker-41: Launching Executing clean in D__3-1_watchlist_Backend] INFO  o.eclipse.m2e.core.internal.Bundles - 	Entry: C:\Users\SHYAMALA\.p2\pool\plugins\org.eclipse.m2e.maven.runtime_3.9.900.20240824-1409\jars\plexus-cipher-2.0.jar
2025-09-22 12:38:46,979 [Worker-41: Launching Executing clean in D__3-1_watchlist_Backend] INFO  o.eclipse.m2e.core.internal.Bundles - 	Entry: C:\Users\SHYAMALA\.p2\pool\plugins\org.eclipse.m2e.maven.runtime_3.9.900.20240824-1409\jars\plexus-classworlds-2.8.0.jar
2025-09-22 12:38:46,979 [Worker-41: Launching Executing clean in D__3-1_watchlist_Backend] INFO  o.eclipse.m2e.core.internal.Bundles - 	Entry: C:\Users\SHYAMALA\.p2\pool\plugins\org.eclipse.m2e.maven.runtime_3.9.900.20240824-1409\jars\plexus-component-annotations-2.1.0.jar
2025-09-22 12:38:46,980 [Worker-41: Launching Executing clean in D__3-1_watchlist_Backend] INFO  o.eclipse.m2e.core.internal.Bundles - 	Entry: C:\Users\SHYAMALA\.p2\pool\plugins\org.eclipse.m2e.maven.runtime_3.9.900.20240824-1409\jars\plexus-interpolation-1.27.jar
2025-09-22 12:38:46,980 [Worker-41: Launching Executing clean in D__3-1_watchlist_Backend] INFO  o.eclipse.m2e.core.internal.Bundles - 	Entry: C:\Users\SHYAMALA\.p2\pool\plugins\org.eclipse.m2e.maven.runtime_3.9.900.20240824-1409\jars\plexus-sec-dispatcher-2.0.jar
2025-09-22 12:38:46,980 [Worker-41: Launching Executing clean in D__3-1_watchlist_Backend] INFO  o.eclipse.m2e.core.internal.Bundles - 	Entry: C:\Users\SHYAMALA\.p2\pool\plugins\org.eclipse.m2e.maven.runtime_3.9.900.20240824-1409\jars\plexus-utils-3.5.1.jar
2025-09-22 12:38:46,980 [Worker-41: Launching Executing clean in D__3-1_watchlist_Backend] INFO  o.eclipse.m2e.core.internal.Bundles - 	Entry: C:\Users\SHYAMALA\.p2\pool\plugins\org.eclipse.m2e.maven.runtime_3.9.900.20240824-1409\jars\plexus-xml-3.0.1.jar
2025-09-22 12:38:46,980 [Worker-41: Launching Executing clean in D__3-1_watchlist_Backend] INFO  o.eclipse.m2e.core.internal.Bundles - 	Entry: C:\Users\SHYAMALA\.p2\pool\plugins\org.eclipse.m2e.maven.runtime_3.9.900.20240824-1409\jars\wagon-file-3.5.3.jar
2025-09-22 12:38:46,981 [Worker-41: Launching Executing clean in D__3-1_watchlist_Backend] INFO  o.eclipse.m2e.core.internal.Bundles - 	Entry: C:\Users\SHYAMALA\.p2\pool\plugins\org.eclipse.m2e.maven.runtime_3.9.900.20240824-1409\jars\wagon-http-3.5.3.jar
2025-09-22 12:38:46,981 [Worker-41: Launching Executing clean in D__3-1_watchlist_Backend] INFO  o.eclipse.m2e.core.internal.Bundles - 	Entry: C:\Users\SHYAMALA\.p2\pool\plugins\org.eclipse.m2e.maven.runtime_3.9.900.20240824-1409\jars\wagon-http-shared-3.5.3.jar
2025-09-22 12:38:46,981 [Worker-41: Launching Executing clean in D__3-1_watchlist_Backend] INFO  o.eclipse.m2e.core.internal.Bundles - 	Entry: C:\Users\SHYAMALA\.p2\pool\plugins\org.eclipse.m2e.maven.runtime_3.9.900.20240824-1409\jars\wagon-provider-api-3.5.3.jar
2025-09-22 12:38:46,983 [Worker-41: Launching Executing clean in D__3-1_watchlist_Backend] INFO  o.eclipse.m2e.core.internal.Bundles - getClasspathEntries(Bundle=com.google.guava_33.3.1.jre [1028])
2025-09-22 12:38:46,983 [Worker-41: Launching Executing clean in D__3-1_watchlist_Backend] INFO  o.eclipse.m2e.core.internal.Bundles - 	Entry: C:\Users\SHYAMALA\.p2\pool\plugins\com.google.guava_33.3.1.jre.jar
2025-09-22 12:38:46,984 [Worker-41: Launching Executing clean in D__3-1_watchlist_Backend] INFO  o.eclipse.m2e.core.internal.Bundles - getClasspathEntries(Bundle=slf4j.api_2.0.16 [1007])
2025-09-22 12:38:46,984 [Worker-41: Launching Executing clean in D__3-1_watchlist_Backend] INFO  o.eclipse.m2e.core.internal.Bundles - 	Entry: C:\Users\SHYAMALA\.p2\pool\plugins\slf4j.api_2.0.16.jar
2025-09-22 12:38:46,984 [Worker-41: Launching Executing clean in D__3-1_watchlist_Backend] INFO  o.eclipse.m2e.core.internal.Bundles - getClasspathEntries(Bundle=jakarta.inject.jakarta.inject-api_1.0.5 [34])
2025-09-22 12:38:46,985 [Worker-41: Launching Executing clean in D__3-1_watchlist_Backend] INFO  o.eclipse.m2e.core.internal.Bundles - 	Entry: C:\Users\SHYAMALA\.p2\pool\plugins\jakarta.inject.jakarta.inject-api_1.0.5.jar
2025-09-22 12:38:46,985 [Worker-41: Launching Executing clean in D__3-1_watchlist_Backend] INFO  o.eclipse.m2e.core.internal.Bundles - getClasspathEntries(Bundle=jakarta.annotation-api_1.3.5 [29])
2025-09-22 12:38:46,985 [Worker-41: Launching Executing clean in D__3-1_watchlist_Backend] INFO  o.eclipse.m2e.core.internal.Bundles - 	Entry: C:\Users\SHYAMALA\.p2\pool\plugins\jakarta.annotation-api_1.3.5.jar
2025-09-22 12:38:46,985 [Worker-41: Launching Executing clean in D__3-1_watchlist_Backend] INFO  o.eclipse.m2e.core.internal.Bundles - getClasspathEntries(Bundle=org.apache.commons.cli_1.9.0 [78])
2025-09-22 12:38:46,986 [Worker-41: Launching Executing clean in D__3-1_watchlist_Backend] INFO  o.eclipse.m2e.core.internal.Bundles - 	Entry: C:\Users\SHYAMALA\.p2\pool\plugins\org.apache.commons.cli_1.9.0.jar
2025-09-22 12:38:46,986 [Worker-41: Launching Executing clean in D__3-1_watchlist_Backend] INFO  o.eclipse.m2e.core.internal.Bundles - getClasspathEntries(Bundle=org.apache.commons.commons-codec_1.16.0 [81])
2025-09-22 12:38:46,986 [Worker-41: Launching Executing clean in D__3-1_watchlist_Backend] INFO  o.eclipse.m2e.core.internal.Bundles - 	Entry: C:\Users\SHYAMALA\.p2\pool\plugins\org.apache.commons.commons-codec_1.16.0.jar
2025-09-22 12:38:46,986 [Worker-41: Launching Executing clean in D__3-1_watchlist_Backend] INFO  o.eclipse.m2e.core.internal.Bundles - getClasspathEntries(Bundle=com.google.guava.failureaccess_1.0.2 [17])
2025-09-22 12:38:46,986 [Worker-41: Launching Executing clean in D__3-1_watchlist_Backend] INFO  o.eclipse.m2e.core.internal.Bundles - 	Entry: C:\Users\SHYAMALA\.p2\pool\plugins\com.google.guava.failureaccess_1.0.2.jar
2025-09-22 12:38:46,992 [Worker-41: Launching Executing clean in D__3-1_watchlist_Backend] INFO  o.e.m.i.launch.MavenLaunchDelegate - Run build in "D:\3-1\watchlist\Backend":
2025-09-22 12:38:46,993 [Worker-41: Launching Executing clean in D__3-1_watchlist_Backend] INFO  o.e.m.i.launch.MavenLaunchDelegate -  mvn  -B -Dstyle.color=always clean
2025-09-22 12:42:52,038 [Worker-45: Updating Maven Project] INFO  o.e.m.c.i.p.ProjectConfigurationManager - Update started
2025-09-22 12:42:52,484 [Worker-45: Updating Maven Project] INFO  o.e.m.c.i.l.LifecycleMappingFactory - Using org.maven.ide.eclipse.wtp.WarLifecycleMapping lifecycle mapping for MavenProject: com.example:TODOSPRINGBOOT:0.0.1-SNAPSHOT @ D:\3-1\watchlist\Backend\pom.xml.
2025-09-22 12:42:53,169 [Worker-45: Updating Maven Project] INFO  o.e.m.j.i.AbstractJavaProjectConfigurator - Adding source folder /Backend/src/main/java
2025-09-22 12:42:53,170 [Worker-45: Updating Maven Project] INFO  o.e.m.j.i.AbstractJavaProjectConfigurator - Adding resource folder /Backend/src/main/resources
2025-09-22 12:42:53,170 [Worker-45: Updating Maven Project] INFO  o.e.m.j.i.AbstractJavaProjectConfigurator - Adding resource folder /Backend/src/main/resources
2025-09-22 12:42:53,170 [Worker-45: Updating Maven Project] INFO  o.e.m.j.i.AbstractJavaProjectConfigurator - Adding source folder /Backend/src/test/java
2025-09-22 12:42:53,171 [Worker-45: Updating Maven Project] INFO  o.e.m.j.i.AbstractJavaProjectConfigurator - Adding resource folder /Backend/src/test/resources
2025-09-22 12:42:54,539 [Worker-45: Updating Maven Project] INFO  o.e.m.w.i.f.ResourceFilteringBuildParticipant - Cleaning filtered folder for Backend
2025-09-22 12:42:54,565 [Worker-45: Updating Maven Project] INFO  o.e.m.c.i.p.ProjectConfigurationManager - Update completed for 1 poms: local refresh takes 0.00 sec, refresh facades takes 1.00 sec, update config takes 1.00 sec 
2025-09-22 12:42:54,886 [Worker-46: Building] INFO  o.a.m.s.f.DefaultMavenResourcesFiltering - Copying 1 resource from src\main\resources to target\classes
2025-09-22 12:42:54,910 [Worker-46: Building] INFO  o.a.m.s.f.DefaultMavenResourcesFiltering - Copying 0 resource from src\main\resources to target\classes
2025-09-22 12:42:54,917 [Worker-46: Building] INFO  o.a.m.s.f.DefaultMavenResourcesFiltering - Copying 0 resource from src\test\resources to target\test-classes
2025-09-22 12:42:54,917 [Worker-46: Building] INFO  o.e.m.w.i.f.ResourceFilteringBuildParticipant - Changed resources require a complete clean of filtered resources of Backend
2025-09-22 12:42:54,917 [Worker-46: Building] INFO  o.e.m.w.i.f.ResourceFilteringBuildParticipant - Executing resource filtering for Backend
2025-09-22 12:44:59,560 [Worker-51: Building] INFO  o.e.m.c.i.l.LifecycleMappingFactory - Using org.maven.ide.eclipse.wtp.WarLifecycleMapping lifecycle mapping for MavenProject: com.example:TODOSPRINGBOOT:0.0.1-SNAPSHOT @ D:\3-1\watchlist\Backend\pom.xml.
2025-09-22 12:45:00,432 [Worker-51: Building] INFO  o.a.m.s.f.DefaultMavenResourcesFiltering - Copying 0 resource from src\main\resources to target\classes
2025-09-22 12:45:00,433 [Worker-51: Building] INFO  o.a.m.s.f.DefaultMavenResourcesFiltering - Copying 0 resource from src\main\resources to target\classes
2025-09-22 12:45:00,438 [Worker-51: Building] INFO  o.a.m.s.f.DefaultMavenResourcesFiltering - Copying 0 resource from src\test\resources to target\test-classes
2025-09-22 12:45:00,439 [Worker-51: Building] INFO  o.e.m.w.i.f.ResourceFilteringBuildParticipant - Changed resources require a complete clean of filtered resources of Backend
2025-09-22 12:45:00,439 [Worker-51: Building] INFO  o.e.m.w.i.f.ResourceFilteringBuildParticipant - Executing resource filtering for Backend
2025-09-22 12:45:56,787 [Worker-52: Import Getting Started Content] INFO  o.e.m.c.i.e.AbstractTransferListenerAdapter - Downloading https://repo.maven.apache.org/maven2/org/springframework/boot/spring-boot-starter-parent/3.5.6/spring-boot-starter-parent-3.5.6.pom
2025-09-22 12:45:56,854 [Worker-52: Import Getting Started Content] INFO  o.e.m.c.i.e.AbstractTransferListenerAdapter - Downloaded https://repo.maven.apache.org/maven2/org/springframework/boot/spring-boot-starter-parent/3.5.6/spring-boot-starter-parent-3.5.6.pom
2025-09-22 12:45:57,009 [Worker-52: Import Getting Started Content] INFO  o.e.m.c.i.e.AbstractTransferListenerAdapter - Downloading https://repo.maven.apache.org/maven2/org/springframework/boot/spring-boot-dependencies/3.5.6/spring-boot-dependencies-3.5.6.pom
2025-09-22 12:45:57,065 [Worker-52: Import Getting Started Content] INFO  o.e.m.c.i.e.AbstractTransferListenerAdapter - Downloaded https://repo.maven.apache.org/maven2/org/springframework/boot/spring-boot-dependencies/3.5.6/spring-boot-dependencies-3.5.6.pom
2025-09-22 12:45:57,289 [Worker-52: Import Getting Started Content] INFO  o.e.m.c.i.e.AbstractTransferListenerAdapter - Downloading https://repo.maven.apache.org/maven2/org/infinispan/infinispan-bom/15.2.6.Final/infinispan-bom-15.2.6.Final.pom
2025-09-22 12:45:57,395 [Worker-52: Import Getting Started Content] INFO  o.e.m.c.i.e.AbstractTransferListenerAdapter - Downloaded https://repo.maven.apache.org/maven2/org/infinispan/infinispan-bom/15.2.6.Final/infinispan-bom-15.2.6.Final.pom
2025-09-22 12:45:57,486 [Worker-52: Import Getting Started Content] INFO  o.e.m.c.i.e.AbstractTransferListenerAdapter - Downloading https://repo.maven.apache.org/maven2/org/infinispan/infinispan-build-configuration-parent/15.2.6.Final/infinispan-build-configuration-parent-15.2.6.Final.pom
2025-09-22 12:45:57,511 [Worker-52: Import Getting Started Content] INFO  o.e.m.c.i.e.AbstractTransferListenerAdapter - Downloaded https://repo.maven.apache.org/maven2/org/infinispan/infinispan-build-configuration-parent/15.2.6.Final/infinispan-build-configuration-parent-15.2.6.Final.pom
2025-09-22 12:45:57,581 [Worker-52: Import Getting Started Content] INFO  o.e.m.c.i.e.AbstractTransferListenerAdapter - Downloading https://repo.maven.apache.org/maven2/org/eclipse/jetty/ee10/jetty-ee10-bom/12.0.27/jetty-ee10-bom-12.0.27.pom
2025-09-22 12:45:57,601 [Worker-52: Import Getting Started Content] INFO  o.e.m.c.i.e.AbstractTransferListenerAdapter - Downloaded https://repo.maven.apache.org/maven2/org/eclipse/jetty/ee10/jetty-ee10-bom/12.0.27/jetty-ee10-bom-12.0.27.pom
2025-09-22 12:45:57,665 [Worker-52: Import Getting Started Content] INFO  o.e.m.c.i.e.AbstractTransferListenerAdapter - Downloading https://repo.maven.apache.org/maven2/org/eclipse/jetty/jetty-bom/12.0.27/jetty-bom-12.0.27.pom
2025-09-22 12:45:57,699 [Worker-52: Import Getting Started Content] INFO  o.e.m.c.i.e.AbstractTransferListenerAdapter - Downloaded https://repo.maven.apache.org/maven2/org/eclipse/jetty/jetty-bom/12.0.27/jetty-bom-12.0.27.pom
2025-09-22 12:45:57,761 [Worker-52: Import Getting Started Content] INFO  o.e.m.c.i.e.AbstractTransferListenerAdapter - Downloading https://repo.maven.apache.org/maven2/io/micrometer/micrometer-bom/1.15.4/micrometer-bom-1.15.4.pom
2025-09-22 12:45:57,774 [Worker-52: Import Getting Started Content] INFO  o.e.m.c.i.e.AbstractTransferListenerAdapter - Downloaded https://repo.maven.apache.org/maven2/io/micrometer/micrometer-bom/1.15.4/micrometer-bom-1.15.4.pom
2025-09-22 12:45:57,814 [Worker-52: Import Getting Started Content] INFO  o.e.m.c.i.e.AbstractTransferListenerAdapter - Downloading https://repo.maven.apache.org/maven2/io/micrometer/micrometer-tracing-bom/1.5.4/micrometer-tracing-bom-1.5.4.pom
2025-09-22 12:45:57,834 [Worker-52: Import Getting Started Content] INFO  o.e.m.c.i.e.AbstractTransferListenerAdapter - Downloaded https://repo.maven.apache.org/maven2/io/micrometer/micrometer-tracing-bom/1.5.4/micrometer-tracing-bom-1.5.4.pom
2025-09-22 12:45:57,909 [Worker-52: Import Getting Started Content] INFO  o.e.m.c.i.e.AbstractTransferListenerAdapter - Downloading https://repo.maven.apache.org/maven2/io/netty/netty-bom/4.1.127.Final/netty-bom-4.1.127.Final.pom
2025-09-22 12:45:57,957 [Worker-52: Import Getting Started Content] INFO  o.e.m.c.i.e.AbstractTransferListenerAdapter - Downloaded https://repo.maven.apache.org/maven2/io/netty/netty-bom/4.1.127.Final/netty-bom-4.1.127.Final.pom
2025-09-22 12:45:58,032 [Worker-52: Import Getting Started Content] INFO  o.e.m.c.i.e.AbstractTransferListenerAdapter - Downloading https://repo.maven.apache.org/maven2/io/projectreactor/reactor-bom/2024.0.10/reactor-bom-2024.0.10.pom
2025-09-22 12:45:58,045 [Worker-52: Import Getting Started Content] INFO  o.e.m.c.i.e.AbstractTransferListenerAdapter - Downloaded https://repo.maven.apache.org/maven2/io/projectreactor/reactor-bom/2024.0.10/reactor-bom-2024.0.10.pom
2025-09-22 12:45:58,096 [Worker-52: Import Getting Started Content] INFO  o.e.m.c.i.e.AbstractTransferListenerAdapter - Downloading https://repo.maven.apache.org/maven2/org/springframework/amqp/spring-amqp-bom/3.2.7/spring-amqp-bom-3.2.7.pom
2025-09-22 12:45:58,110 [Worker-52: Import Getting Started Content] INFO  o.e.m.c.i.e.AbstractTransferListenerAdapter - Downloaded https://repo.maven.apache.org/maven2/org/springframework/amqp/spring-amqp-bom/3.2.7/spring-amqp-bom-3.2.7.pom
2025-09-22 12:45:58,146 [Worker-52: Import Getting Started Content] INFO  o.e.m.c.i.e.AbstractTransferListenerAdapter - Downloading https://repo.maven.apache.org/maven2/org/springframework/batch/spring-batch-bom/5.2.3/spring-batch-bom-5.2.3.pom
2025-09-22 12:45:58,157 [Worker-52: Import Getting Started Content] INFO  o.e.m.c.i.e.AbstractTransferListenerAdapter - Downloaded https://repo.maven.apache.org/maven2/org/springframework/batch/spring-batch-bom/5.2.3/spring-batch-bom-5.2.3.pom
2025-09-22 12:45:58,205 [Worker-52: Import Getting Started Content] INFO  o.e.m.c.i.e.AbstractTransferListenerAdapter - Downloading https://repo.maven.apache.org/maven2/org/springframework/data/spring-data-bom/2025.0.4/spring-data-bom-2025.0.4.pom
2025-09-22 12:45:58,218 [Worker-52: Import Getting Started Content] INFO  o.e.m.c.i.e.AbstractTransferListenerAdapter - Downloaded https://repo.maven.apache.org/maven2/org/springframework/data/spring-data-bom/2025.0.4/spring-data-bom-2025.0.4.pom
2025-09-22 12:45:58,263 [Worker-52: Import Getting Started Content] INFO  o.e.m.c.i.e.AbstractTransferListenerAdapter - Downloading https://repo.maven.apache.org/maven2/org/springframework/spring-framework-bom/6.2.11/spring-framework-bom-6.2.11.pom
2025-09-22 12:45:58,278 [Worker-52: Import Getting Started Content] INFO  o.e.m.c.i.e.AbstractTransferListenerAdapter - Downloaded https://repo.maven.apache.org/maven2/org/springframework/spring-framework-bom/6.2.11/spring-framework-bom-6.2.11.pom
2025-09-22 12:45:58,317 [Worker-52: Import Getting Started Content] INFO  o.e.m.c.i.e.AbstractTransferListenerAdapter - Downloading https://repo.maven.apache.org/maven2/org/springframework/integration/spring-integration-bom/6.5.2/spring-integration-bom-6.5.2.pom
2025-09-22 12:45:58,336 [Worker-52: Import Getting Started Content] INFO  o.e.m.c.i.e.AbstractTransferListenerAdapter - Downloaded https://repo.maven.apache.org/maven2/org/springframework/integration/spring-integration-bom/6.5.2/spring-integration-bom-6.5.2.pom
2025-09-22 12:45:58,370 [Worker-52: Import Getting Started Content] INFO  o.e.m.c.i.e.AbstractTransferListenerAdapter - Downloading https://repo.maven.apache.org/maven2/org/springframework/pulsar/spring-pulsar-bom/1.2.10/spring-pulsar-bom-1.2.10.pom
2025-09-22 12:45:58,382 [Worker-52: Import Getting Started Content] INFO  o.e.m.c.i.e.AbstractTransferListenerAdapter - Downloaded https://repo.maven.apache.org/maven2/org/springframework/pulsar/spring-pulsar-bom/1.2.10/spring-pulsar-bom-1.2.10.pom
2025-09-22 12:45:58,416 [Worker-52: Import Getting Started Content] INFO  o.e.m.c.i.e.AbstractTransferListenerAdapter - Downloading https://repo.maven.apache.org/maven2/org/springframework/security/spring-security-bom/6.5.5/spring-security-bom-6.5.5.pom
2025-09-22 12:45:58,428 [Worker-52: Import Getting Started Content] INFO  o.e.m.c.i.e.AbstractTransferListenerAdapter - Downloaded https://repo.maven.apache.org/maven2/org/springframework/security/spring-security-bom/6.5.5/spring-security-bom-6.5.5.pom
2025-09-22 12:45:58,919 [Worker-52: Import Getting Started Content] INFO  o.e.m.c.i.e.AbstractTransferListenerAdapter - Downloading https://repo.maven.apache.org/maven2/org/springframework/boot/spring-boot-maven-plugin/3.5.6/spring-boot-maven-plugin-3.5.6.pom
2025-09-22 12:45:58,930 [Worker-52: Import Getting Started Content] INFO  o.e.m.c.i.e.AbstractTransferListenerAdapter - Downloaded https://repo.maven.apache.org/maven2/org/springframework/boot/spring-boot-maven-plugin/3.5.6/spring-boot-maven-plugin-3.5.6.pom
2025-09-22 12:45:58,966 [Worker-52: Import Getting Started Content] INFO  o.e.m.c.i.e.AbstractTransferListenerAdapter - Downloading https://repo.maven.apache.org/maven2/org/springframework/boot/spring-boot-maven-plugin/3.5.6/spring-boot-maven-plugin-3.5.6.jar
2025-09-22 12:45:59,035 [Worker-52: Import Getting Started Content] INFO  o.e.m.c.i.e.AbstractTransferListenerAdapter - Downloaded https://repo.maven.apache.org/maven2/org/springframework/boot/spring-boot-maven-plugin/3.5.6/spring-boot-maven-plugin-3.5.6.jar
2025-09-22 12:45:59,089 [Worker-52: Import Getting Started Content] INFO  o.e.m.c.i.e.AbstractTransferListenerAdapter - Downloading https://repo.maven.apache.org/maven2/org/apache/maven/plugins/maven-surefire-plugin/3.5.4/maven-surefire-plugin-3.5.4.jar
2025-09-22 12:45:59,115 [Worker-52: Import Getting Started Content] INFO  o.e.m.c.i.e.AbstractTransferListenerAdapter - Downloaded https://repo.maven.apache.org/maven2/org/apache/maven/plugins/maven-surefire-plugin/3.5.4/maven-surefire-plugin-3.5.4.jar
2025-09-22 12:45:59,308 [Worker-52: Import Getting Started Content] INFO  o.e.m.c.i.l.LifecycleMappingFactory - Using org.maven.ide.eclipse.wtp.WarLifecycleMapping lifecycle mapping for MavenProject: com.example:Backend-1:0.0.1-SNAPSHOT @ D:\3-1\watchlist\Backend-1\pom.xml.
2025-09-22 12:45:59,340 [Worker-52: Import Getting Started Content] INFO  o.e.m.c.i.e.AbstractTransferListenerAdapter - Downloading https://repo.maven.apache.org/maven2/org/springframework/boot/spring-boot-starter-data-jpa/3.5.6/spring-boot-starter-data-jpa-3.5.6.pom
2025-09-22 12:45:59,352 [Worker-52: Import Getting Started Content] INFO  o.e.m.c.i.e.AbstractTransferListenerAdapter - Downloaded https://repo.maven.apache.org/maven2/org/springframework/boot/spring-boot-starter-data-jpa/3.5.6/spring-boot-starter-data-jpa-3.5.6.pom
2025-09-22 12:45:59,388 [Worker-52: Import Getting Started Content] INFO  o.e.m.c.i.e.AbstractTransferListenerAdapter - Downloading https://repo.maven.apache.org/maven2/org/springframework/boot/spring-boot-starter/3.5.6/spring-boot-starter-3.5.6.pom
2025-09-22 12:45:59,400 [Worker-52: Import Getting Started Content] INFO  o.e.m.c.i.e.AbstractTransferListenerAdapter - Downloaded https://repo.maven.apache.org/maven2/org/springframework/boot/spring-boot-starter/3.5.6/spring-boot-starter-3.5.6.pom
2025-09-22 12:45:59,434 [Worker-52: Import Getting Started Content] INFO  o.e.m.c.i.e.AbstractTransferListenerAdapter - Downloading https://repo.maven.apache.org/maven2/org/springframework/boot/spring-boot/3.5.6/spring-boot-3.5.6.pom
2025-09-22 12:45:59,445 [Worker-52: Import Getting Started Content] INFO  o.e.m.c.i.e.AbstractTransferListenerAdapter - Downloaded https://repo.maven.apache.org/maven2/org/springframework/boot/spring-boot/3.5.6/spring-boot-3.5.6.pom
2025-09-22 12:45:59,477 [Worker-52: Import Getting Started Content] INFO  o.e.m.c.i.e.AbstractTransferListenerAdapter - Downloading https://repo.maven.apache.org/maven2/org/springframework/spring-core/6.2.11/spring-core-6.2.11.pom
2025-09-22 12:45:59,487 [Worker-52: Import Getting Started Content] INFO  o.e.m.c.i.e.AbstractTransferListenerAdapter - Downloaded https://repo.maven.apache.org/maven2/org/springframework/spring-core/6.2.11/spring-core-6.2.11.pom
2025-09-22 12:45:59,519 [Worker-52: Import Getting Started Content] INFO  o.e.m.c.i.e.AbstractTransferListenerAdapter - Downloading https://repo.maven.apache.org/maven2/org/springframework/spring-jcl/6.2.11/spring-jcl-6.2.11.pom
2025-09-22 12:45:59,541 [Worker-52: Import Getting Started Content] INFO  o.e.m.c.i.e.AbstractTransferListenerAdapter - Downloaded https://repo.maven.apache.org/maven2/org/springframework/spring-jcl/6.2.11/spring-jcl-6.2.11.pom
2025-09-22 12:45:59,574 [Worker-52: Import Getting Started Content] INFO  o.e.m.c.i.e.AbstractTransferListenerAdapter - Downloading https://repo.maven.apache.org/maven2/org/springframework/spring-context/6.2.11/spring-context-6.2.11.pom
2025-09-22 12:45:59,584 [Worker-52: Import Getting Started Content] INFO  o.e.m.c.i.e.AbstractTransferListenerAdapter - Downloaded https://repo.maven.apache.org/maven2/org/springframework/spring-context/6.2.11/spring-context-6.2.11.pom
2025-09-22 12:45:59,619 [Worker-52: Import Getting Started Content] INFO  o.e.m.c.i.e.AbstractTransferListenerAdapter - Downloading https://repo.maven.apache.org/maven2/org/springframework/spring-aop/6.2.11/spring-aop-6.2.11.pom
2025-09-22 12:45:59,631 [Worker-52: Import Getting Started Content] INFO  o.e.m.c.i.e.AbstractTransferListenerAdapter - Downloaded https://repo.maven.apache.org/maven2/org/springframework/spring-aop/6.2.11/spring-aop-6.2.11.pom
2025-09-22 12:45:59,665 [Worker-52: Import Getting Started Content] INFO  o.e.m.c.i.e.AbstractTransferListenerAdapter - Downloading https://repo.maven.apache.org/maven2/org/springframework/spring-beans/6.2.11/spring-beans-6.2.11.pom
2025-09-22 12:45:59,673 [Worker-52: Import Getting Started Content] INFO  o.e.m.c.i.e.AbstractTransferListenerAdapter - Downloaded https://repo.maven.apache.org/maven2/org/springframework/spring-beans/6.2.11/spring-beans-6.2.11.pom
2025-09-22 12:45:59,706 [Worker-52: Import Getting Started Content] INFO  o.e.m.c.i.e.AbstractTransferListenerAdapter - Downloading https://repo.maven.apache.org/maven2/org/springframework/spring-expression/6.2.11/spring-expression-6.2.11.pom
2025-09-22 12:45:59,716 [Worker-52: Import Getting Started Content] INFO  o.e.m.c.i.e.AbstractTransferListenerAdapter - Downloaded https://repo.maven.apache.org/maven2/org/springframework/spring-expression/6.2.11/spring-expression-6.2.11.pom
2025-09-22 12:45:59,753 [Worker-52: Import Getting Started Content] INFO  o.e.m.c.i.e.AbstractTransferListenerAdapter - Downloading https://repo.maven.apache.org/maven2/io/micrometer/micrometer-observation/1.15.4/micrometer-observation-1.15.4.pom
2025-09-22 12:45:59,765 [Worker-52: Import Getting Started Content] INFO  o.e.m.c.i.e.AbstractTransferListenerAdapter - Downloaded https://repo.maven.apache.org/maven2/io/micrometer/micrometer-observation/1.15.4/micrometer-observation-1.15.4.pom
2025-09-22 12:45:59,800 [Worker-52: Import Getting Started Content] INFO  o.e.m.c.i.e.AbstractTransferListenerAdapter - Downloading https://repo.maven.apache.org/maven2/io/micrometer/micrometer-commons/1.15.4/micrometer-commons-1.15.4.pom
2025-09-22 12:45:59,809 [Worker-52: Import Getting Started Content] INFO  o.e.m.c.i.e.AbstractTransferListenerAdapter - Downloaded https://repo.maven.apache.org/maven2/io/micrometer/micrometer-commons/1.15.4/micrometer-commons-1.15.4.pom
2025-09-22 12:45:59,841 [Worker-52: Import Getting Started Content] INFO  o.e.m.c.i.e.AbstractTransferListenerAdapter - Downloading https://repo.maven.apache.org/maven2/org/springframework/boot/spring-boot-autoconfigure/3.5.6/spring-boot-autoconfigure-3.5.6.pom
2025-09-22 12:45:59,857 [Worker-52: Import Getting Started Content] INFO  o.e.m.c.i.e.AbstractTransferListenerAdapter - Downloaded https://repo.maven.apache.org/maven2/org/springframework/boot/spring-boot-autoconfigure/3.5.6/spring-boot-autoconfigure-3.5.6.pom
2025-09-22 12:45:59,888 [Worker-52: Import Getting Started Content] INFO  o.e.m.c.i.e.AbstractTransferListenerAdapter - Downloading https://repo.maven.apache.org/maven2/org/springframework/boot/spring-boot-starter-logging/3.5.6/spring-boot-starter-logging-3.5.6.pom
2025-09-22 12:45:59,898 [Worker-52: Import Getting Started Content] INFO  o.e.m.c.i.e.AbstractTransferListenerAdapter - Downloaded https://repo.maven.apache.org/maven2/org/springframework/boot/spring-boot-starter-logging/3.5.6/spring-boot-starter-logging-3.5.6.pom
2025-09-22 12:45:59,982 [Worker-52: Import Getting Started Content] INFO  o.e.m.c.i.e.AbstractTransferListenerAdapter - Downloading https://repo.maven.apache.org/maven2/org/springframework/boot/spring-boot-starter-jdbc/3.5.6/spring-boot-starter-jdbc-3.5.6.pom
2025-09-22 12:45:59,990 [Worker-52: Import Getting Started Content] INFO  o.e.m.c.i.e.AbstractTransferListenerAdapter - Downloaded https://repo.maven.apache.org/maven2/org/springframework/boot/spring-boot-starter-jdbc/3.5.6/spring-boot-starter-jdbc-3.5.6.pom
2025-09-22 12:46:00,024 [Worker-52: Import Getting Started Content] INFO  o.e.m.c.i.e.AbstractTransferListenerAdapter - Downloading https://repo.maven.apache.org/maven2/com/zaxxer/HikariCP/6.3.3/HikariCP-6.3.3.pom
2025-09-22 12:46:00,058 [Worker-52: Import Getting Started Content] INFO  o.e.m.c.i.e.AbstractTransferListenerAdapter - Downloaded https://repo.maven.apache.org/maven2/com/zaxxer/HikariCP/6.3.3/HikariCP-6.3.3.pom
2025-09-22 12:46:00,096 [Worker-52: Import Getting Started Content] INFO  o.e.m.c.i.e.AbstractTransferListenerAdapter - Downloading https://repo.maven.apache.org/maven2/org/springframework/spring-jdbc/6.2.11/spring-jdbc-6.2.11.pom
2025-09-22 12:46:00,106 [Worker-52: Import Getting Started Content] INFO  o.e.m.c.i.e.AbstractTransferListenerAdapter - Downloaded https://repo.maven.apache.org/maven2/org/springframework/spring-jdbc/6.2.11/spring-jdbc-6.2.11.pom
2025-09-22 12:46:00,142 [Worker-52: Import Getting Started Content] INFO  o.e.m.c.i.e.AbstractTransferListenerAdapter - Downloading https://repo.maven.apache.org/maven2/org/springframework/spring-tx/6.2.11/spring-tx-6.2.11.pom
2025-09-22 12:46:00,152 [Worker-52: Import Getting Started Content] INFO  o.e.m.c.i.e.AbstractTransferListenerAdapter - Downloaded https://repo.maven.apache.org/maven2/org/springframework/spring-tx/6.2.11/spring-tx-6.2.11.pom
2025-09-22 12:46:00,190 [Worker-52: Import Getting Started Content] INFO  o.e.m.c.i.e.AbstractTransferListenerAdapter - Downloading https://repo.maven.apache.org/maven2/org/hibernate/orm/hibernate-core/6.6.29.Final/hibernate-core-6.6.29.Final.pom
2025-09-22 12:46:00,200 [Worker-52: Import Getting Started Content] INFO  o.e.m.c.i.e.AbstractTransferListenerAdapter - Downloaded https://repo.maven.apache.org/maven2/org/hibernate/orm/hibernate-core/6.6.29.Final/hibernate-core-6.6.29.Final.pom
2025-09-22 12:46:00,274 [Worker-52: Import Getting Started Content] INFO  o.e.m.c.i.e.AbstractTransferListenerAdapter - Downloading https://repo.maven.apache.org/maven2/jakarta/activation/jakarta.activation-api/2.1.4/jakarta.activation-api-2.1.4.pom
2025-09-22 12:46:00,288 [Worker-52: Import Getting Started Content] INFO  o.e.m.c.i.e.AbstractTransferListenerAdapter - Downloaded https://repo.maven.apache.org/maven2/jakarta/activation/jakarta.activation-api/2.1.4/jakarta.activation-api-2.1.4.pom
2025-09-22 12:46:00,353 [Worker-52: Import Getting Started Content] INFO  o.e.m.c.i.e.AbstractTransferListenerAdapter - Downloading https://repo.maven.apache.org/maven2/org/springframework/data/spring-data-jpa/3.5.4/spring-data-jpa-3.5.4.pom
2025-09-22 12:46:00,373 [Worker-52: Import Getting Started Content] INFO  o.e.m.c.i.e.AbstractTransferListenerAdapter - Downloaded https://repo.maven.apache.org/maven2/org/springframework/data/spring-data-jpa/3.5.4/spring-data-jpa-3.5.4.pom
2025-09-22 12:46:00,407 [Worker-52: Import Getting Started Content] INFO  o.e.m.c.i.e.AbstractTransferListenerAdapter - Downloading https://repo.maven.apache.org/maven2/org/springframework/data/spring-data-jpa-parent/3.5.4/spring-data-jpa-parent-3.5.4.pom
2025-09-22 12:46:00,419 [Worker-52: Import Getting Started Content] INFO  o.e.m.c.i.e.AbstractTransferListenerAdapter - Downloaded https://repo.maven.apache.org/maven2/org/springframework/data/spring-data-jpa-parent/3.5.4/spring-data-jpa-parent-3.5.4.pom
2025-09-22 12:46:00,460 [Worker-52: Import Getting Started Content] INFO  o.e.m.c.i.e.AbstractTransferListenerAdapter - Downloading https://repo.maven.apache.org/maven2/org/springframework/data/build/spring-data-parent/3.5.4/spring-data-parent-3.5.4.pom
2025-09-22 12:46:00,489 [Worker-52: Import Getting Started Content] INFO  o.e.m.c.i.e.AbstractTransferListenerAdapter - Downloaded https://repo.maven.apache.org/maven2/org/springframework/data/build/spring-data-parent/3.5.4/spring-data-parent-3.5.4.pom
2025-09-22 12:46:00,536 [Worker-52: Import Getting Started Content] INFO  o.e.m.c.i.e.AbstractTransferListenerAdapter - Downloading https://repo.maven.apache.org/maven2/org/springframework/data/build/spring-data-build/3.5.4/spring-data-build-3.5.4.pom
2025-09-22 12:46:00,548 [Worker-52: Import Getting Started Content] INFO  o.e.m.c.i.e.AbstractTransferListenerAdapter - Downloaded https://repo.maven.apache.org/maven2/org/springframework/data/build/spring-data-build/3.5.4/spring-data-build-3.5.4.pom
2025-09-22 12:46:00,607 [Worker-52: Import Getting Started Content] INFO  o.e.m.c.i.e.AbstractTransferListenerAdapter - Downloading https://repo.maven.apache.org/maven2/org/springframework/data/spring-data-commons/3.5.4/spring-data-commons-3.5.4.pom
2025-09-22 12:46:00,618 [Worker-52: Import Getting Started Content] INFO  o.e.m.c.i.e.AbstractTransferListenerAdapter - Downloaded https://repo.maven.apache.org/maven2/org/springframework/data/spring-data-commons/3.5.4/spring-data-commons-3.5.4.pom
2025-09-22 12:46:00,660 [Worker-52: Import Getting Started Content] INFO  o.e.m.c.i.e.AbstractTransferListenerAdapter - Downloading https://repo.maven.apache.org/maven2/org/springframework/spring-orm/6.2.11/spring-orm-6.2.11.pom
2025-09-22 12:46:00,677 [Worker-52: Import Getting Started Content] INFO  o.e.m.c.i.e.AbstractTransferListenerAdapter - Downloaded https://repo.maven.apache.org/maven2/org/springframework/spring-orm/6.2.11/spring-orm-6.2.11.pom
2025-09-22 12:46:00,713 [Worker-52: Import Getting Started Content] INFO  o.e.m.c.i.e.AbstractTransferListenerAdapter - Downloading https://repo.maven.apache.org/maven2/org/springframework/spring-aspects/6.2.11/spring-aspects-6.2.11.pom
2025-09-22 12:46:00,722 [Worker-52: Import Getting Started Content] INFO  o.e.m.c.i.e.AbstractTransferListenerAdapter - Downloaded https://repo.maven.apache.org/maven2/org/springframework/spring-aspects/6.2.11/spring-aspects-6.2.11.pom
2025-09-22 12:46:00,772 [Worker-52: Import Getting Started Content] INFO  o.e.m.c.i.e.AbstractTransferListenerAdapter - Downloading https://repo.maven.apache.org/maven2/org/springframework/boot/spring-boot-starter-web/3.5.6/spring-boot-starter-web-3.5.6.pom
2025-09-22 12:46:00,781 [Worker-52: Import Getting Started Content] INFO  o.e.m.c.i.e.AbstractTransferListenerAdapter - Downloaded https://repo.maven.apache.org/maven2/org/springframework/boot/spring-boot-starter-web/3.5.6/spring-boot-starter-web-3.5.6.pom
2025-09-22 12:46:00,816 [Worker-52: Import Getting Started Content] INFO  o.e.m.c.i.e.AbstractTransferListenerAdapter - Downloading https://repo.maven.apache.org/maven2/org/springframework/boot/spring-boot-starter-json/3.5.6/spring-boot-starter-json-3.5.6.pom
2025-09-22 12:46:00,827 [Worker-52: Import Getting Started Content] INFO  o.e.m.c.i.e.AbstractTransferListenerAdapter - Downloaded https://repo.maven.apache.org/maven2/org/springframework/boot/spring-boot-starter-json/3.5.6/spring-boot-starter-json-3.5.6.pom
2025-09-22 12:46:00,878 [Worker-52: Import Getting Started Content] INFO  o.e.m.c.i.e.AbstractTransferListenerAdapter - Downloading https://repo.maven.apache.org/maven2/org/springframework/spring-web/6.2.11/spring-web-6.2.11.pom
2025-09-22 12:46:00,895 [Worker-52: Import Getting Started Content] INFO  o.e.m.c.i.e.AbstractTransferListenerAdapter - Downloaded https://repo.maven.apache.org/maven2/org/springframework/spring-web/6.2.11/spring-web-6.2.11.pom
2025-09-22 12:46:00,962 [Worker-52: Import Getting Started Content] INFO  o.e.m.c.i.e.AbstractTransferListenerAdapter - Downloading https://repo.maven.apache.org/maven2/org/springframework/boot/spring-boot-starter-tomcat/3.5.6/spring-boot-starter-tomcat-3.5.6.pom
2025-09-22 12:46:00,973 [Worker-52: Import Getting Started Content] INFO  o.e.m.c.i.e.AbstractTransferListenerAdapter - Downloaded https://repo.maven.apache.org/maven2/org/springframework/boot/spring-boot-starter-tomcat/3.5.6/spring-boot-starter-tomcat-3.5.6.pom
2025-09-22 12:46:01,008 [Worker-52: Import Getting Started Content] INFO  o.e.m.c.i.e.AbstractTransferListenerAdapter - Downloading https://repo.maven.apache.org/maven2/org/apache/tomcat/embed/tomcat-embed-core/10.1.46/tomcat-embed-core-10.1.46.pom
2025-09-22 12:46:01,020 [Worker-52: Import Getting Started Content] INFO  o.e.m.c.i.e.AbstractTransferListenerAdapter - Downloaded https://repo.maven.apache.org/maven2/org/apache/tomcat/embed/tomcat-embed-core/10.1.46/tomcat-embed-core-10.1.46.pom
2025-09-22 12:46:01,069 [Worker-52: Import Getting Started Content] INFO  o.e.m.c.i.e.AbstractTransferListenerAdapter - Downloading https://repo.maven.apache.org/maven2/org/apache/tomcat/embed/tomcat-embed-el/10.1.46/tomcat-embed-el-10.1.46.pom
2025-09-22 12:46:01,085 [Worker-52: Import Getting Started Content] INFO  o.e.m.c.i.e.AbstractTransferListenerAdapter - Downloaded https://repo.maven.apache.org/maven2/org/apache/tomcat/embed/tomcat-embed-el/10.1.46/tomcat-embed-el-10.1.46.pom
2025-09-22 12:46:01,120 [Worker-52: Import Getting Started Content] INFO  o.e.m.c.i.e.AbstractTransferListenerAdapter - Downloading https://repo.maven.apache.org/maven2/org/apache/tomcat/embed/tomcat-embed-websocket/10.1.46/tomcat-embed-websocket-10.1.46.pom
2025-09-22 12:46:01,130 [Worker-52: Import Getting Started Content] INFO  o.e.m.c.i.e.AbstractTransferListenerAdapter - Downloaded https://repo.maven.apache.org/maven2/org/apache/tomcat/embed/tomcat-embed-websocket/10.1.46/tomcat-embed-websocket-10.1.46.pom
2025-09-22 12:46:01,169 [Worker-52: Import Getting Started Content] INFO  o.e.m.c.i.e.AbstractTransferListenerAdapter - Downloading https://repo.maven.apache.org/maven2/org/springframework/spring-webmvc/6.2.11/spring-webmvc-6.2.11.pom
2025-09-22 12:46:01,179 [Worker-52: Import Getting Started Content] INFO  o.e.m.c.i.e.AbstractTransferListenerAdapter - Downloaded https://repo.maven.apache.org/maven2/org/springframework/spring-webmvc/6.2.11/spring-webmvc-6.2.11.pom
2025-09-22 12:46:01,210 [Worker-52: Import Getting Started Content] INFO  o.e.m.c.i.e.AbstractTransferListenerAdapter - Downloading https://repo.maven.apache.org/maven2/org/springframework/boot/spring-boot-devtools/3.5.6/spring-boot-devtools-3.5.6.pom
2025-09-22 12:46:01,221 [Worker-52: Import Getting Started Content] INFO  o.e.m.c.i.e.AbstractTransferListenerAdapter - Downloaded https://repo.maven.apache.org/maven2/org/springframework/boot/spring-boot-devtools/3.5.6/spring-boot-devtools-3.5.6.pom
2025-09-22 12:46:01,257 [Worker-52: Import Getting Started Content] INFO  o.e.m.c.i.e.AbstractTransferListenerAdapter - Downloading https://repo.maven.apache.org/maven2/org/springframework/boot/spring-boot-starter-test/3.5.6/spring-boot-starter-test-3.5.6.pom
2025-09-22 12:46:01,266 [Worker-52: Import Getting Started Content] INFO  o.e.m.c.i.e.AbstractTransferListenerAdapter - Downloaded https://repo.maven.apache.org/maven2/org/springframework/boot/spring-boot-starter-test/3.5.6/spring-boot-starter-test-3.5.6.pom
2025-09-22 12:46:01,304 [Worker-52: Import Getting Started Content] INFO  o.e.m.c.i.e.AbstractTransferListenerAdapter - Downloading https://repo.maven.apache.org/maven2/org/springframework/boot/spring-boot-test/3.5.6/spring-boot-test-3.5.6.pom
2025-09-22 12:46:01,313 [Worker-52: Import Getting Started Content] INFO  o.e.m.c.i.e.AbstractTransferListenerAdapter - Downloaded https://repo.maven.apache.org/maven2/org/springframework/boot/spring-boot-test/3.5.6/spring-boot-test-3.5.6.pom
2025-09-22 12:46:01,348 [Worker-52: Import Getting Started Content] INFO  o.e.m.c.i.e.AbstractTransferListenerAdapter - Downloading https://repo.maven.apache.org/maven2/org/springframework/spring-test/6.2.11/spring-test-6.2.11.pom
2025-09-22 12:46:01,357 [Worker-52: Import Getting Started Content] INFO  o.e.m.c.i.e.AbstractTransferListenerAdapter - Downloaded https://repo.maven.apache.org/maven2/org/springframework/spring-test/6.2.11/spring-test-6.2.11.pom
2025-09-22 12:46:01,412 [Worker-52: Import Getting Started Content] INFO  o.e.m.c.i.e.AbstractTransferListenerAdapter - Downloading https://repo.maven.apache.org/maven2/org/springframework/boot/spring-boot-test-autoconfigure/3.5.6/spring-boot-test-autoconfigure-3.5.6.pom
2025-09-22 12:46:01,422 [Worker-52: Import Getting Started Content] INFO  o.e.m.c.i.e.AbstractTransferListenerAdapter - Downloaded https://repo.maven.apache.org/maven2/org/springframework/boot/spring-boot-test-autoconfigure/3.5.6/spring-boot-test-autoconfigure-3.5.6.pom
2025-09-22 12:46:01,501 [Worker-52: Import Getting Started Content] INFO  o.e.m.c.i.e.AbstractTransferListenerAdapter - Downloading https://repo.maven.apache.org/maven2/org/xmlunit/xmlunit-core/2.10.4/xmlunit-core-2.10.4.pom
2025-09-22 12:46:01,510 [Worker-52: Import Getting Started Content] INFO  o.e.m.c.i.e.AbstractTransferListenerAdapter - Downloaded https://repo.maven.apache.org/maven2/org/xmlunit/xmlunit-core/2.10.4/xmlunit-core-2.10.4.pom
2025-09-22 12:46:01,545 [Worker-52: Import Getting Started Content] INFO  o.e.m.c.i.e.AbstractTransferListenerAdapter - Downloading https://repo.maven.apache.org/maven2/org/xmlunit/xmlunit-parent/2.10.4/xmlunit-parent-2.10.4.pom
2025-09-22 12:46:01,572 [Worker-52: Import Getting Started Content] INFO  o.e.m.c.i.e.AbstractTransferListenerAdapter - Downloaded https://repo.maven.apache.org/maven2/org/xmlunit/xmlunit-parent/2.10.4/xmlunit-parent-2.10.4.pom
2025-09-22 12:46:01,680 [Worker-52: Import Getting Started Content] INFO  o.e.m.c.i.e.AbstractTransferListenerAdapter - Downloading https://repo.maven.apache.org/maven2/org/springframework/boot/spring-boot-starter-data-jpa/3.5.6/spring-boot-starter-data-jpa-3.5.6.jar
2025-09-22 12:46:01,690 [Worker-52: Import Getting Started Content] INFO  o.e.m.c.i.e.AbstractTransferListenerAdapter - Downloaded https://repo.maven.apache.org/maven2/org/springframework/boot/spring-boot-starter-data-jpa/3.5.6/spring-boot-starter-data-jpa-3.5.6.jar
2025-09-22 12:46:01,718 [BasicRepositoryConnector-repo.maven.apache.org-0-0] INFO  o.e.m.c.i.e.AbstractTransferListenerAdapter - Downloading https://repo.maven.apache.org/maven2/org/springframework/boot/spring-boot-starter/3.5.6/spring-boot-starter-3.5.6.jar
2025-09-22 12:46:01,727 [BasicRepositoryConnector-repo.maven.apache.org-0-0] INFO  o.e.m.c.i.e.AbstractTransferListenerAdapter - Downloaded https://repo.maven.apache.org/maven2/org/springframework/boot/spring-boot-starter/3.5.6/spring-boot-starter-3.5.6.jar
2025-09-22 12:46:01,752 [BasicRepositoryConnector-repo.maven.apache.org-0-0] INFO  o.e.m.c.i.e.AbstractTransferListenerAdapter - Downloading https://repo.maven.apache.org/maven2/org/hibernate/orm/hibernate-core/6.6.29.Final/hibernate-core-6.6.29.Final.jar
2025-09-22 12:46:01,792 [BasicRepositoryConnector-repo.maven.apache.org-0-3] INFO  o.e.m.c.i.e.AbstractTransferListenerAdapter - Downloading https://repo.maven.apache.org/maven2/com/zaxxer/HikariCP/6.3.3/HikariCP-6.3.3.jar
2025-09-22 12:46:01,792 [BasicRepositoryConnector-repo.maven.apache.org-0-1] INFO  o.e.m.c.i.e.AbstractTransferListenerAdapter - Downloading https://repo.maven.apache.org/maven2/org/springframework/boot/spring-boot-starter-logging/3.5.6/spring-boot-starter-logging-3.5.6.jar
2025-09-22 12:46:01,792 [BasicRepositoryConnector-repo.maven.apache.org-0-4] INFO  o.e.m.c.i.e.AbstractTransferListenerAdapter - Downloading https://repo.maven.apache.org/maven2/org/springframework/spring-jdbc/6.2.11/spring-jdbc-6.2.11.jar
2025-09-22 12:46:01,794 [BasicRepositoryConnector-repo.maven.apache.org-0-2] INFO  o.e.m.c.i.e.AbstractTransferListenerAdapter - Downloading https://repo.maven.apache.org/maven2/org/springframework/boot/spring-boot-starter-jdbc/3.5.6/spring-boot-starter-jdbc-3.5.6.jar
2025-09-22 12:46:01,803 [BasicRepositoryConnector-repo.maven.apache.org-0-1] INFO  o.e.m.c.i.e.AbstractTransferListenerAdapter - Downloaded https://repo.maven.apache.org/maven2/org/springframework/boot/spring-boot-starter-logging/3.5.6/spring-boot-starter-logging-3.5.6.jar
2025-09-22 12:46:01,804 [BasicRepositoryConnector-repo.maven.apache.org-0-2] INFO  o.e.m.c.i.e.AbstractTransferListenerAdapter - Downloaded https://repo.maven.apache.org/maven2/org/springframework/boot/spring-boot-starter-jdbc/3.5.6/spring-boot-starter-jdbc-3.5.6.jar
2025-09-22 12:46:01,831 [BasicRepositoryConnector-repo.maven.apache.org-0-2] INFO  o.e.m.c.i.e.AbstractTransferListenerAdapter - Downloading https://repo.maven.apache.org/maven2/org/springframework/data/spring-data-commons/3.5.4/spring-data-commons-3.5.4.jar
2025-09-22 12:46:01,831 [BasicRepositoryConnector-repo.maven.apache.org-0-1] INFO  o.e.m.c.i.e.AbstractTransferListenerAdapter - Downloading https://repo.maven.apache.org/maven2/org/springframework/data/spring-data-jpa/3.5.4/spring-data-jpa-3.5.4.jar
2025-09-22 12:46:01,856 [BasicRepositoryConnector-repo.maven.apache.org-0-3] INFO  o.e.m.c.i.e.AbstractTransferListenerAdapter - Downloaded https://repo.maven.apache.org/maven2/com/zaxxer/HikariCP/6.3.3/HikariCP-6.3.3.jar
2025-09-22 12:46:01,892 [BasicRepositoryConnector-repo.maven.apache.org-0-3] INFO  o.e.m.c.i.e.AbstractTransferListenerAdapter - Downloading https://repo.maven.apache.org/maven2/org/springframework/spring-orm/6.2.11/spring-orm-6.2.11.jar
2025-09-22 12:46:01,926 [BasicRepositoryConnector-repo.maven.apache.org-0-3] INFO  o.e.m.c.i.e.AbstractTransferListenerAdapter - Downloaded https://repo.maven.apache.org/maven2/org/springframework/spring-orm/6.2.11/spring-orm-6.2.11.jar
2025-09-22 12:46:01,958 [BasicRepositoryConnector-repo.maven.apache.org-0-3] INFO  o.e.m.c.i.e.AbstractTransferListenerAdapter - Downloading https://repo.maven.apache.org/maven2/org/springframework/spring-context/6.2.11/spring-context-6.2.11.jar
2025-09-22 12:46:01,974 [BasicRepositoryConnector-repo.maven.apache.org-0-4] INFO  o.e.m.c.i.e.AbstractTransferListenerAdapter - Downloaded https://repo.maven.apache.org/maven2/org/springframework/spring-jdbc/6.2.11/spring-jdbc-6.2.11.jar
2025-09-22 12:46:02,011 [BasicRepositoryConnector-repo.maven.apache.org-0-4] INFO  o.e.m.c.i.e.AbstractTransferListenerAdapter - Downloading https://repo.maven.apache.org/maven2/org/springframework/spring-aop/6.2.11/spring-aop-6.2.11.jar
2025-09-22 12:46:02,322 [BasicRepositoryConnector-repo.maven.apache.org-0-3] INFO  o.e.m.c.i.e.AbstractTransferListenerAdapter - Downloaded https://repo.maven.apache.org/maven2/org/springframework/spring-context/6.2.11/spring-context-6.2.11.jar
2025-09-22 12:46:02,323 [BasicRepositoryConnector-repo.maven.apache.org-0-4] INFO  o.e.m.c.i.e.AbstractTransferListenerAdapter - Downloaded https://repo.maven.apache.org/maven2/org/springframework/spring-aop/6.2.11/spring-aop-6.2.11.jar
2025-09-22 12:46:02,363 [BasicRepositoryConnector-repo.maven.apache.org-0-3] INFO  o.e.m.c.i.e.AbstractTransferListenerAdapter - Downloading https://repo.maven.apache.org/maven2/org/springframework/spring-tx/6.2.11/spring-tx-6.2.11.jar
2025-09-22 12:46:02,363 [BasicRepositoryConnector-repo.maven.apache.org-0-4] INFO  o.e.m.c.i.e.AbstractTransferListenerAdapter - Downloading https://repo.maven.apache.org/maven2/org/springframework/spring-beans/6.2.11/spring-beans-6.2.11.jar
2025-09-22 12:46:02,584 [BasicRepositoryConnector-repo.maven.apache.org-0-2] INFO  o.e.m.c.i.e.AbstractTransferListenerAdapter - Downloaded https://repo.maven.apache.org/maven2/org/springframework/data/spring-data-commons/3.5.4/spring-data-commons-3.5.4.jar
2025-09-22 12:46:02,599 [BasicRepositoryConnector-repo.maven.apache.org-0-3] INFO  o.e.m.c.i.e.AbstractTransferListenerAdapter - Downloaded https://repo.maven.apache.org/maven2/org/springframework/spring-tx/6.2.11/spring-tx-6.2.11.jar
2025-09-22 12:46:02,624 [BasicRepositoryConnector-repo.maven.apache.org-0-2] INFO  o.e.m.c.i.e.AbstractTransferListenerAdapter - Downloading https://repo.maven.apache.org/maven2/org/springframework/spring-aspects/6.2.11/spring-aspects-6.2.11.jar
2025-09-22 12:46:02,630 [BasicRepositoryConnector-repo.maven.apache.org-0-4] INFO  o.e.m.c.i.e.AbstractTransferListenerAdapter - Downloaded https://repo.maven.apache.org/maven2/org/springframework/spring-beans/6.2.11/spring-beans-6.2.11.jar
2025-09-22 12:46:02,632 [BasicRepositoryConnector-repo.maven.apache.org-0-3] INFO  o.e.m.c.i.e.AbstractTransferListenerAdapter - Downloading https://repo.maven.apache.org/maven2/org/springframework/boot/spring-boot-starter-web/3.5.6/spring-boot-starter-web-3.5.6.jar
2025-09-22 12:46:02,642 [BasicRepositoryConnector-repo.maven.apache.org-0-3] INFO  o.e.m.c.i.e.AbstractTransferListenerAdapter - Downloaded https://repo.maven.apache.org/maven2/org/springframework/boot/spring-boot-starter-web/3.5.6/spring-boot-starter-web-3.5.6.jar
2025-09-22 12:46:02,649 [BasicRepositoryConnector-repo.maven.apache.org-0-2] INFO  o.e.m.c.i.e.AbstractTransferListenerAdapter - Downloaded https://repo.maven.apache.org/maven2/org/springframework/spring-aspects/6.2.11/spring-aspects-6.2.11.jar
2025-09-22 12:46:02,662 [BasicRepositoryConnector-repo.maven.apache.org-0-4] INFO  o.e.m.c.i.e.AbstractTransferListenerAdapter - Downloading https://repo.maven.apache.org/maven2/org/springframework/boot/spring-boot-starter-json/3.5.6/spring-boot-starter-json-3.5.6.jar
2025-09-22 12:46:02,675 [BasicRepositoryConnector-repo.maven.apache.org-0-4] INFO  o.e.m.c.i.e.AbstractTransferListenerAdapter - Downloaded https://repo.maven.apache.org/maven2/org/springframework/boot/spring-boot-starter-json/3.5.6/spring-boot-starter-json-3.5.6.jar
2025-09-22 12:46:02,675 [BasicRepositoryConnector-repo.maven.apache.org-0-3] INFO  o.e.m.c.i.e.AbstractTransferListenerAdapter - Downloading https://repo.maven.apache.org/maven2/org/springframework/spring-web/6.2.11/spring-web-6.2.11.jar
2025-09-22 12:46:02,678 [BasicRepositoryConnector-repo.maven.apache.org-0-2] INFO  o.e.m.c.i.e.AbstractTransferListenerAdapter - Downloading https://repo.maven.apache.org/maven2/io/micrometer/micrometer-observation/1.15.4/micrometer-observation-1.15.4.jar
2025-09-22 12:46:02,693 [BasicRepositoryConnector-repo.maven.apache.org-0-1] INFO  o.e.m.c.i.e.AbstractTransferListenerAdapter - Downloaded https://repo.maven.apache.org/maven2/org/springframework/data/spring-data-jpa/3.5.4/spring-data-jpa-3.5.4.jar
2025-09-22 12:46:02,721 [BasicRepositoryConnector-repo.maven.apache.org-0-4] INFO  o.e.m.c.i.e.AbstractTransferListenerAdapter - Downloading https://repo.maven.apache.org/maven2/io/micrometer/micrometer-commons/1.15.4/micrometer-commons-1.15.4.jar
2025-09-22 12:46:02,727 [BasicRepositoryConnector-repo.maven.apache.org-0-1] INFO  o.e.m.c.i.e.AbstractTransferListenerAdapter - Downloading https://repo.maven.apache.org/maven2/org/springframework/spring-webmvc/6.2.11/spring-webmvc-6.2.11.jar
2025-09-22 12:46:02,735 [BasicRepositoryConnector-repo.maven.apache.org-0-4] INFO  o.e.m.c.i.e.AbstractTransferListenerAdapter - Downloaded https://repo.maven.apache.org/maven2/io/micrometer/micrometer-commons/1.15.4/micrometer-commons-1.15.4.jar
2025-09-22 12:46:02,736 [BasicRepositoryConnector-repo.maven.apache.org-0-2] INFO  o.e.m.c.i.e.AbstractTransferListenerAdapter - Downloaded https://repo.maven.apache.org/maven2/io/micrometer/micrometer-observation/1.15.4/micrometer-observation-1.15.4.jar
2025-09-22 12:46:02,762 [BasicRepositoryConnector-repo.maven.apache.org-0-4] INFO  o.e.m.c.i.e.AbstractTransferListenerAdapter - Downloading https://repo.maven.apache.org/maven2/org/springframework/spring-expression/6.2.11/spring-expression-6.2.11.jar
2025-09-22 12:46:02,764 [BasicRepositoryConnector-repo.maven.apache.org-0-2] INFO  o.e.m.c.i.e.AbstractTransferListenerAdapter - Downloading https://repo.maven.apache.org/maven2/org/springframework/boot/spring-boot-devtools/3.5.6/spring-boot-devtools-3.5.6.jar
2025-09-22 12:46:02,834 [BasicRepositoryConnector-repo.maven.apache.org-0-2] INFO  o.e.m.c.i.e.AbstractTransferListenerAdapter - Downloaded https://repo.maven.apache.org/maven2/org/springframework/boot/spring-boot-devtools/3.5.6/spring-boot-devtools-3.5.6.jar
2025-09-22 12:46:02,872 [BasicRepositoryConnector-repo.maven.apache.org-0-2] INFO  o.e.m.c.i.e.AbstractTransferListenerAdapter - Downloading https://repo.maven.apache.org/maven2/org/springframework/boot/spring-boot/3.5.6/spring-boot-3.5.6.jar
2025-09-22 12:46:02,938 [BasicRepositoryConnector-repo.maven.apache.org-0-4] INFO  o.e.m.c.i.e.AbstractTransferListenerAdapter - Downloaded https://repo.maven.apache.org/maven2/org/springframework/spring-expression/6.2.11/spring-expression-6.2.11.jar
2025-09-22 12:46:02,978 [BasicRepositoryConnector-repo.maven.apache.org-0-4] INFO  o.e.m.c.i.e.AbstractTransferListenerAdapter - Downloading https://repo.maven.apache.org/maven2/org/springframework/boot/spring-boot-autoconfigure/3.5.6/spring-boot-autoconfigure-3.5.6.jar
2025-09-22 12:46:04,903 [BasicRepositoryConnector-repo.maven.apache.org-0-1] INFO  o.e.m.c.i.e.AbstractTransferListenerAdapter - Downloaded https://repo.maven.apache.org/maven2/org/springframework/spring-webmvc/6.2.11/spring-webmvc-6.2.11.jar
2025-09-22 12:46:05,211 [BasicRepositoryConnector-repo.maven.apache.org-0-1] INFO  o.e.m.c.i.e.AbstractTransferListenerAdapter - Downloading https://repo.maven.apache.org/maven2/org/springframework/boot/spring-boot-starter-tomcat/3.5.6/spring-boot-starter-tomcat-3.5.6.jar
2025-09-22 12:46:05,229 [BasicRepositoryConnector-repo.maven.apache.org-0-1] INFO  o.e.m.c.i.e.AbstractTransferListenerAdapter - Downloaded https://repo.maven.apache.org/maven2/org/springframework/boot/spring-boot-starter-tomcat/3.5.6/spring-boot-starter-tomcat-3.5.6.jar
2025-09-22 12:46:06,246 [BasicRepositoryConnector-repo.maven.apache.org-0-1] INFO  o.e.m.c.i.e.AbstractTransferListenerAdapter - Downloading https://repo.maven.apache.org/maven2/org/apache/tomcat/embed/tomcat-embed-core/10.1.46/tomcat-embed-core-10.1.46.jar
2025-09-22 12:46:06,269 [BasicRepositoryConnector-repo.maven.apache.org-0-2] INFO  o.e.m.c.i.e.AbstractTransferListenerAdapter - Downloaded https://repo.maven.apache.org/maven2/org/springframework/boot/spring-boot/3.5.6/spring-boot-3.5.6.jar
2025-09-22 12:46:06,400 [BasicRepositoryConnector-repo.maven.apache.org-0-2] INFO  o.e.m.c.i.e.AbstractTransferListenerAdapter - Downloading https://repo.maven.apache.org/maven2/org/apache/tomcat/embed/tomcat-embed-el/10.1.46/tomcat-embed-el-10.1.46.jar
2025-09-22 12:46:06,582 [BasicRepositoryConnector-repo.maven.apache.org-0-2] INFO  o.e.m.c.i.e.AbstractTransferListenerAdapter - Downloaded https://repo.maven.apache.org/maven2/org/apache/tomcat/embed/tomcat-embed-el/10.1.46/tomcat-embed-el-10.1.46.jar
2025-09-22 12:46:06,685 [BasicRepositoryConnector-repo.maven.apache.org-0-2] INFO  o.e.m.c.i.e.AbstractTransferListenerAdapter - Downloading https://repo.maven.apache.org/maven2/org/apache/tomcat/embed/tomcat-embed-websocket/10.1.46/tomcat-embed-websocket-10.1.46.jar
2025-09-22 12:46:06,771 [BasicRepositoryConnector-repo.maven.apache.org-0-2] INFO  o.e.m.c.i.e.AbstractTransferListenerAdapter - Downloaded https://repo.maven.apache.org/maven2/org/apache/tomcat/embed/tomcat-embed-websocket/10.1.46/tomcat-embed-websocket-10.1.46.jar
2025-09-22 12:46:06,842 [BasicRepositoryConnector-repo.maven.apache.org-0-2] INFO  o.e.m.c.i.e.AbstractTransferListenerAdapter - Downloading https://repo.maven.apache.org/maven2/org/springframework/boot/spring-boot-starter-test/3.5.6/spring-boot-starter-test-3.5.6.jar
2025-09-22 12:46:06,853 [BasicRepositoryConnector-repo.maven.apache.org-0-2] INFO  o.e.m.c.i.e.AbstractTransferListenerAdapter - Downloaded https://repo.maven.apache.org/maven2/org/springframework/boot/spring-boot-starter-test/3.5.6/spring-boot-starter-test-3.5.6.jar
2025-09-22 12:46:06,975 [BasicRepositoryConnector-repo.maven.apache.org-0-2] INFO  o.e.m.c.i.e.AbstractTransferListenerAdapter - Downloading https://repo.maven.apache.org/maven2/org/springframework/boot/spring-boot-test/3.5.6/spring-boot-test-3.5.6.jar
2025-09-22 12:46:07,034 [BasicRepositoryConnector-repo.maven.apache.org-0-2] INFO  o.e.m.c.i.e.AbstractTransferListenerAdapter - Downloaded https://repo.maven.apache.org/maven2/org/springframework/boot/spring-boot-test/3.5.6/spring-boot-test-3.5.6.jar
2025-09-22 12:46:07,061 [BasicRepositoryConnector-repo.maven.apache.org-0-3] INFO  o.e.m.c.i.e.AbstractTransferListenerAdapter - Downloaded https://repo.maven.apache.org/maven2/org/springframework/spring-web/6.2.11/spring-web-6.2.11.jar
2025-09-22 12:46:07,064 [BasicRepositoryConnector-repo.maven.apache.org-0-2] INFO  o.e.m.c.i.e.AbstractTransferListenerAdapter - Downloading https://repo.maven.apache.org/maven2/org/springframework/boot/spring-boot-test-autoconfigure/3.5.6/spring-boot-test-autoconfigure-3.5.6.jar
2025-09-22 12:46:07,092 [BasicRepositoryConnector-repo.maven.apache.org-0-3] INFO  o.e.m.c.i.e.AbstractTransferListenerAdapter - Downloading https://repo.maven.apache.org/maven2/jakarta/activation/jakarta.activation-api/2.1.4/jakarta.activation-api-2.1.4.jar
2025-09-22 12:46:07,136 [BasicRepositoryConnector-repo.maven.apache.org-0-3] INFO  o.e.m.c.i.e.AbstractTransferListenerAdapter - Downloaded https://repo.maven.apache.org/maven2/jakarta/activation/jakarta.activation-api/2.1.4/jakarta.activation-api-2.1.4.jar
2025-09-22 12:46:07,139 [BasicRepositoryConnector-repo.maven.apache.org-0-2] INFO  o.e.m.c.i.e.AbstractTransferListenerAdapter - Downloaded https://repo.maven.apache.org/maven2/org/springframework/boot/spring-boot-test-autoconfigure/3.5.6/spring-boot-test-autoconfigure-3.5.6.jar
2025-09-22 12:46:07,180 [BasicRepositoryConnector-repo.maven.apache.org-0-2] INFO  o.e.m.c.i.e.AbstractTransferListenerAdapter - Downloading https://repo.maven.apache.org/maven2/org/springframework/spring-jcl/6.2.11/spring-jcl-6.2.11.jar
2025-09-22 12:46:07,180 [BasicRepositoryConnector-repo.maven.apache.org-0-3] INFO  o.e.m.c.i.e.AbstractTransferListenerAdapter - Downloading https://repo.maven.apache.org/maven2/org/springframework/spring-core/6.2.11/spring-core-6.2.11.jar
2025-09-22 12:46:07,195 [BasicRepositoryConnector-repo.maven.apache.org-0-2] INFO  o.e.m.c.i.e.AbstractTransferListenerAdapter - Downloaded https://repo.maven.apache.org/maven2/org/springframework/spring-jcl/6.2.11/spring-jcl-6.2.11.jar
2025-09-22 12:46:07,273 [BasicRepositoryConnector-repo.maven.apache.org-0-2] INFO  o.e.m.c.i.e.AbstractTransferListenerAdapter - Downloading https://repo.maven.apache.org/maven2/org/springframework/spring-test/6.2.11/spring-test-6.2.11.jar
2025-09-22 12:46:07,373 [BasicRepositoryConnector-repo.maven.apache.org-0-4] INFO  o.e.m.c.i.e.AbstractTransferListenerAdapter - Downloaded https://repo.maven.apache.org/maven2/org/springframework/boot/spring-boot-autoconfigure/3.5.6/spring-boot-autoconfigure-3.5.6.jar
2025-09-22 12:46:07,426 [BasicRepositoryConnector-repo.maven.apache.org-0-4] INFO  o.e.m.c.i.e.AbstractTransferListenerAdapter - Downloading https://repo.maven.apache.org/maven2/org/xmlunit/xmlunit-core/2.10.4/xmlunit-core-2.10.4.jar
2025-09-22 12:46:07,545 [BasicRepositoryConnector-repo.maven.apache.org-0-4] INFO  o.e.m.c.i.e.AbstractTransferListenerAdapter - Downloaded https://repo.maven.apache.org/maven2/org/xmlunit/xmlunit-core/2.10.4/xmlunit-core-2.10.4.jar
2025-09-22 12:46:07,677 [BasicRepositoryConnector-repo.maven.apache.org-0-2] INFO  o.e.m.c.i.e.AbstractTransferListenerAdapter - Downloaded https://repo.maven.apache.org/maven2/org/springframework/spring-test/6.2.11/spring-test-6.2.11.jar
2025-09-22 12:46:07,678 [BasicRepositoryConnector-repo.maven.apache.org-0-3] INFO  o.e.m.c.i.e.AbstractTransferListenerAdapter - Downloaded https://repo.maven.apache.org/maven2/org/springframework/spring-core/6.2.11/spring-core-6.2.11.jar
2025-09-22 12:46:08,322 [BasicRepositoryConnector-repo.maven.apache.org-0-1] INFO  o.e.m.c.i.e.AbstractTransferListenerAdapter - Downloaded https://repo.maven.apache.org/maven2/org/apache/tomcat/embed/tomcat-embed-core/10.1.46/tomcat-embed-core-10.1.46.jar
2025-09-22 12:46:12,474 [BasicRepositoryConnector-repo.maven.apache.org-0-0] INFO  o.e.m.c.i.e.AbstractTransferListenerAdapter - Downloaded https://repo.maven.apache.org/maven2/org/hibernate/orm/hibernate-core/6.6.29.Final/hibernate-core-6.6.29.Final.jar
2025-09-22 12:46:12,747 [Worker-52: Import Getting Started Content] INFO  o.e.m.c.i.l.LifecycleMappingFactory - Using org.maven.ide.eclipse.wtp.WarLifecycleMapping lifecycle mapping for MavenProject: com.example:TODOSPRINGBOOT:0.0.1-SNAPSHOT @ D:\3-1\watchlist\Backend\pom.xml.
2025-09-22 12:46:13,077 [Worker-52: Import Getting Started Content] INFO  o.e.m.c.i.e.AbstractTransferListenerAdapter - Downloading https://repo.maven.apache.org/maven2/org/apache/maven/plugins/maven-surefire-plugin/3.5.4/maven-surefire-plugin-3.5.4.pom
2025-09-22 12:46:13,085 [Worker-52: Import Getting Started Content] INFO  o.e.m.c.i.e.AbstractTransferListenerAdapter - Downloaded https://repo.maven.apache.org/maven2/org/apache/maven/plugins/maven-surefire-plugin/3.5.4/maven-surefire-plugin-3.5.4.pom
2025-09-22 12:46:13,116 [Worker-52: Import Getting Started Content] INFO  o.e.m.c.i.e.AbstractTransferListenerAdapter - Downloading https://repo.maven.apache.org/maven2/org/apache/maven/surefire/surefire/3.5.4/surefire-3.5.4.pom
2025-09-22 12:46:13,127 [Worker-52: Import Getting Started Content] INFO  o.e.m.c.i.e.AbstractTransferListenerAdapter - Downloaded https://repo.maven.apache.org/maven2/org/apache/maven/surefire/surefire/3.5.4/surefire-3.5.4.pom
2025-09-22 12:46:13,578 [Worker-52: Import Getting Started Content] INFO  o.e.m.j.i.AbstractJavaProjectConfigurator - Adding source folder /Backend-1/src/main/java
2025-09-22 12:46:13,578 [Worker-52: Import Getting Started Content] INFO  o.e.m.j.i.AbstractJavaProjectConfigurator - Adding resource folder /Backend-1/src/main/resources
2025-09-22 12:46:13,583 [Worker-52: Import Getting Started Content] INFO  o.e.m.j.i.AbstractJavaProjectConfigurator - Adding resource folder /Backend-1/src/main/resources
2025-09-22 12:46:13,586 [Worker-52: Import Getting Started Content] INFO  o.e.m.j.i.AbstractJavaProjectConfigurator - Adding source folder /Backend-1/src/test/java
2025-09-22 12:46:13,587 [Worker-52: Import Getting Started Content] INFO  o.e.m.j.i.AbstractJavaProjectConfigurator - Adding resource folder /Backend-1/src/test/resources
2025-09-22 12:46:14,285 [Worker-51: Download sources and javadoc] INFO  o.e.m.c.i.e.AbstractTransferListenerAdapter - Downloading https://repo.maven.apache.org/maven2/org/springframework/boot/spring-boot-starter-data-jpa/3.5.6/spring-boot-starter-data-jpa-3.5.6-sources.jar
2025-09-22 12:46:14,298 [Worker-51: Download sources and javadoc] INFO  o.e.m.c.i.e.AbstractTransferListenerAdapter - Downloaded https://repo.maven.apache.org/maven2/org/springframework/boot/spring-boot-starter-data-jpa/3.5.6/spring-boot-starter-data-jpa-3.5.6-sources.jar
2025-09-22 12:46:14,306 [Worker-51: Download sources and javadoc] INFO  o.e.m.j.internal.DownloadSourcesJob - Downloaded sources for org.springframework.boot:spring-boot-starter-data-jpa:3.5.6
2025-09-22 12:46:14,388 [Worker-51: Download sources and javadoc] INFO  o.e.m.c.i.e.AbstractTransferListenerAdapter - Downloading https://repo.maven.apache.org/maven2/org/springframework/boot/spring-boot-starter/3.5.6/spring-boot-starter-3.5.6-sources.jar
2025-09-22 12:46:14,404 [Worker-51: Download sources and javadoc] INFO  o.e.m.c.i.e.AbstractTransferListenerAdapter - Downloaded https://repo.maven.apache.org/maven2/org/springframework/boot/spring-boot-starter/3.5.6/spring-boot-starter-3.5.6-sources.jar
2025-09-22 12:46:14,419 [Worker-51: Download sources and javadoc] INFO  o.e.m.j.internal.DownloadSourcesJob - Downloaded sources for org.springframework.boot:spring-boot-starter:3.5.6
2025-09-22 12:46:14,508 [Worker-51: Download sources and javadoc] INFO  o.e.m.c.i.e.AbstractTransferListenerAdapter - Downloading https://repo.maven.apache.org/maven2/org/springframework/boot/spring-boot-starter-logging/3.5.6/spring-boot-starter-logging-3.5.6-sources.jar
2025-09-22 12:46:14,522 [Worker-51: Download sources and javadoc] INFO  o.e.m.c.i.e.AbstractTransferListenerAdapter - Downloaded https://repo.maven.apache.org/maven2/org/springframework/boot/spring-boot-starter-logging/3.5.6/spring-boot-starter-logging-3.5.6-sources.jar
2025-09-22 12:46:14,534 [Worker-51: Download sources and javadoc] INFO  o.e.m.j.internal.DownloadSourcesJob - Downloaded sources for org.springframework.boot:spring-boot-starter-logging:3.5.6
2025-09-22 12:46:14,614 [Worker-51: Download sources and javadoc] INFO  o.e.m.c.i.e.AbstractTransferListenerAdapter - Downloading https://repo.maven.apache.org/maven2/org/springframework/boot/spring-boot-starter-jdbc/3.5.6/spring-boot-starter-jdbc-3.5.6-sources.jar
2025-09-22 12:46:14,627 [Worker-51: Download sources and javadoc] INFO  o.e.m.c.i.e.AbstractTransferListenerAdapter - Downloaded https://repo.maven.apache.org/maven2/org/springframework/boot/spring-boot-starter-jdbc/3.5.6/spring-boot-starter-jdbc-3.5.6-sources.jar
2025-09-22 12:46:14,637 [Worker-51: Download sources and javadoc] INFO  o.e.m.j.internal.DownloadSourcesJob - Downloaded sources for org.springframework.boot:spring-boot-starter-jdbc:3.5.6
2025-09-22 12:46:14,721 [Worker-51: Download sources and javadoc] INFO  o.e.m.c.i.e.AbstractTransferListenerAdapter - Downloading https://repo.maven.apache.org/maven2/com/zaxxer/HikariCP/6.3.3/HikariCP-6.3.3-sources.jar
2025-09-22 12:46:14,774 [Worker-51: Download sources and javadoc] INFO  o.e.m.c.i.e.AbstractTransferListenerAdapter - Downloaded https://repo.maven.apache.org/maven2/com/zaxxer/HikariCP/6.3.3/HikariCP-6.3.3-sources.jar
2025-09-22 12:46:14,782 [Worker-51: Download sources and javadoc] INFO  o.e.m.j.internal.DownloadSourcesJob - Downloaded sources for com.zaxxer:HikariCP:6.3.3
2025-09-22 12:46:14,860 [Worker-51: Download sources and javadoc] INFO  o.e.m.c.i.e.AbstractTransferListenerAdapter - Downloading https://repo.maven.apache.org/maven2/org/springframework/spring-jdbc/6.2.11/spring-jdbc-6.2.11-sources.jar
2025-09-22 12:46:14,973 [Worker-51: Download sources and javadoc] INFO  o.e.m.c.i.e.AbstractTransferListenerAdapter - Downloaded https://repo.maven.apache.org/maven2/org/springframework/spring-jdbc/6.2.11/spring-jdbc-6.2.11-sources.jar
2025-09-22 12:46:14,984 [Worker-51: Download sources and javadoc] INFO  o.e.m.j.internal.DownloadSourcesJob - Downloaded sources for org.springframework:spring-jdbc:6.2.11
2025-09-22 12:46:15,065 [Worker-51: Download sources and javadoc] INFO  o.e.m.c.i.e.AbstractTransferListenerAdapter - Downloading https://repo.maven.apache.org/maven2/org/hibernate/orm/hibernate-core/6.6.29.Final/hibernate-core-6.6.29.Final-sources.jar
2025-09-22 12:46:15,748 [Worker-52: Import Getting Started Content] INFO  o.e.m.c.i.p.ProjectConfigurationManager - Imported and configured 1 project(s) in 19 sec
2025-09-22 12:46:15,750 [Worker-52: Import Getting Started Content] INFO  o.e.m.c.i.p.ProjectConfigurationManager - Update started
2025-09-22 12:46:16,387 [Worker-52: Import Getting Started Content] INFO  o.e.m.c.i.l.LifecycleMappingFactory - Using org.maven.ide.eclipse.wtp.WarLifecycleMapping lifecycle mapping for MavenProject: com.example:Backend-1:0.0.1-SNAPSHOT @ D:\3-1\watchlist\Backend-1\pom.xml.
2025-09-22 12:46:16,483 [Worker-51: Download sources and javadoc] INFO  o.e.m.c.i.e.AbstractTransferListenerAdapter - Downloaded https://repo.maven.apache.org/maven2/org/hibernate/orm/hibernate-core/6.6.29.Final/hibernate-core-6.6.29.Final-sources.jar
2025-09-22 12:46:16,490 [Worker-51: Download sources and javadoc] INFO  o.e.m.j.internal.DownloadSourcesJob - Downloaded sources for org.hibernate.orm:hibernate-core:6.6.29.Final
2025-09-22 12:46:16,588 [Worker-51: Download sources and javadoc] INFO  o.e.m.c.i.e.AbstractTransferListenerAdapter - Downloading https://repo.maven.apache.org/maven2/org/springframework/data/spring-data-jpa/3.5.4/spring-data-jpa-3.5.4-sources.jar
2025-09-22 12:46:17,014 [Worker-51: Download sources and javadoc] INFO  o.e.m.c.i.e.AbstractTransferListenerAdapter - Downloaded https://repo.maven.apache.org/maven2/org/springframework/data/spring-data-jpa/3.5.4/spring-data-jpa-3.5.4-sources.jar
2025-09-22 12:46:17,025 [Worker-51: Download sources and javadoc] INFO  o.e.m.j.internal.DownloadSourcesJob - Downloaded sources for org.springframework.data:spring-data-jpa:3.5.4
2025-09-22 12:46:17,139 [Worker-51: Download sources and javadoc] INFO  o.e.m.c.i.e.AbstractTransferListenerAdapter - Downloading https://repo.maven.apache.org/maven2/org/springframework/data/spring-data-commons/3.5.4/spring-data-commons-3.5.4-sources.jar
2025-09-22 12:46:17,270 [Worker-52: Import Getting Started Content] INFO  o.e.m.j.i.AbstractJavaProjectConfigurator - Adding source folder /Backend-1/src/main/java
2025-09-22 12:46:17,271 [Worker-52: Import Getting Started Content] INFO  o.e.m.j.i.AbstractJavaProjectConfigurator - Adding resource folder /Backend-1/src/main/resources
2025-09-22 12:46:17,271 [Worker-52: Import Getting Started Content] INFO  o.e.m.j.i.AbstractJavaProjectConfigurator - Adding resource folder /Backend-1/src/main/resources
2025-09-22 12:46:17,272 [Worker-52: Import Getting Started Content] INFO  o.e.m.j.i.AbstractJavaProjectConfigurator - Adding source folder /Backend-1/src/test/java
2025-09-22 12:46:17,273 [Worker-52: Import Getting Started Content] INFO  o.e.m.j.i.AbstractJavaProjectConfigurator - Adding resource folder /Backend-1/src/test/resources
2025-09-22 12:46:17,277 [Worker-51: Download sources and javadoc] INFO  o.e.m.c.i.e.AbstractTransferListenerAdapter - Downloaded https://repo.maven.apache.org/maven2/org/springframework/data/spring-data-commons/3.5.4/spring-data-commons-3.5.4-sources.jar
2025-09-22 12:46:17,288 [Worker-51: Download sources and javadoc] INFO  o.e.m.j.internal.DownloadSourcesJob - Downloaded sources for org.springframework.data:spring-data-commons:3.5.4
2025-09-22 12:46:17,381 [Worker-51: Download sources and javadoc] INFO  o.e.m.c.i.e.AbstractTransferListenerAdapter - Downloading https://repo.maven.apache.org/maven2/org/springframework/spring-orm/6.2.11/spring-orm-6.2.11-sources.jar
2025-09-22 12:46:17,443 [Worker-51: Download sources and javadoc] INFO  o.e.m.c.i.e.AbstractTransferListenerAdapter - Downloaded https://repo.maven.apache.org/maven2/org/springframework/spring-orm/6.2.11/spring-orm-6.2.11-sources.jar
2025-09-22 12:46:17,452 [Worker-51: Download sources and javadoc] INFO  o.e.m.j.internal.DownloadSourcesJob - Downloaded sources for org.springframework:spring-orm:6.2.11
2025-09-22 12:46:17,540 [Worker-51: Download sources and javadoc] INFO  o.e.m.c.i.e.AbstractTransferListenerAdapter - Downloading https://repo.maven.apache.org/maven2/org/springframework/spring-context/6.2.11/spring-context-6.2.11-sources.jar
2025-09-22 12:46:17,705 [Worker-51: Download sources and javadoc] INFO  o.e.m.c.i.e.AbstractTransferListenerAdapter - Downloaded https://repo.maven.apache.org/maven2/org/springframework/spring-context/6.2.11/spring-context-6.2.11-sources.jar
2025-09-22 12:46:17,713 [Worker-51: Download sources and javadoc] INFO  o.e.m.j.internal.DownloadSourcesJob - Downloaded sources for org.springframework:spring-context:6.2.11
2025-09-22 12:46:17,796 [Worker-51: Download sources and javadoc] INFO  o.e.m.c.i.e.AbstractTransferListenerAdapter - Downloading https://repo.maven.apache.org/maven2/org/springframework/spring-aop/6.2.11/spring-aop-6.2.11-sources.jar
2025-09-22 12:46:17,878 [Worker-51: Download sources and javadoc] INFO  o.e.m.c.i.e.AbstractTransferListenerAdapter - Downloaded https://repo.maven.apache.org/maven2/org/springframework/spring-aop/6.2.11/spring-aop-6.2.11-sources.jar
2025-09-22 12:46:17,886 [Worker-51: Download sources and javadoc] INFO  o.e.m.j.internal.DownloadSourcesJob - Downloaded sources for org.springframework:spring-aop:6.2.11
2025-09-22 12:46:17,973 [Worker-51: Download sources and javadoc] INFO  o.e.m.c.i.e.AbstractTransferListenerAdapter - Downloading https://repo.maven.apache.org/maven2/org/springframework/spring-tx/6.2.11/spring-tx-6.2.11-sources.jar
2025-09-22 12:46:18,062 [Worker-51: Download sources and javadoc] INFO  o.e.m.c.i.e.AbstractTransferListenerAdapter - Downloaded https://repo.maven.apache.org/maven2/org/springframework/spring-tx/6.2.11/spring-tx-6.2.11-sources.jar
2025-09-22 12:46:18,071 [Worker-51: Download sources and javadoc] INFO  o.e.m.j.internal.DownloadSourcesJob - Downloaded sources for org.springframework:spring-tx:6.2.11
2025-09-22 12:46:18,171 [Worker-51: Download sources and javadoc] INFO  o.e.m.c.i.e.AbstractTransferListenerAdapter - Downloading https://repo.maven.apache.org/maven2/org/springframework/spring-beans/6.2.11/spring-beans-6.2.11-sources.jar
2025-09-22 12:46:18,316 [Worker-51: Download sources and javadoc] INFO  o.e.m.c.i.e.AbstractTransferListenerAdapter - Downloaded https://repo.maven.apache.org/maven2/org/springframework/spring-beans/6.2.11/spring-beans-6.2.11-sources.jar
2025-09-22 12:46:18,327 [Worker-51: Download sources and javadoc] INFO  o.e.m.j.internal.DownloadSourcesJob - Downloaded sources for org.springframework:spring-beans:6.2.11
2025-09-22 12:46:18,413 [Worker-51: Download sources and javadoc] INFO  o.e.m.c.i.e.AbstractTransferListenerAdapter - Downloading https://repo.maven.apache.org/maven2/org/springframework/spring-aspects/6.2.11/spring-aspects-6.2.11-sources.jar
2025-09-22 12:46:18,428 [Worker-51: Download sources and javadoc] INFO  o.e.m.c.i.e.AbstractTransferListenerAdapter - Downloaded https://repo.maven.apache.org/maven2/org/springframework/spring-aspects/6.2.11/spring-aspects-6.2.11-sources.jar
2025-09-22 12:46:18,435 [Worker-51: Download sources and javadoc] INFO  o.e.m.j.internal.DownloadSourcesJob - Downloaded sources for org.springframework:spring-aspects:6.2.11
2025-09-22 12:46:18,518 [Worker-52: Import Getting Started Content] INFO  o.e.m.w.i.f.ResourceFilteringBuildParticipant - Cleaning filtered folder for Backend-1
2025-09-22 12:46:18,521 [Worker-51: Download sources and javadoc] INFO  o.e.m.c.i.e.AbstractTransferListenerAdapter - Downloading https://repo.maven.apache.org/maven2/org/springframework/boot/spring-boot-starter-web/3.5.6/spring-boot-starter-web-3.5.6-sources.jar
2025-09-22 12:46:18,533 [Worker-51: Download sources and javadoc] INFO  o.e.m.c.i.e.AbstractTransferListenerAdapter - Downloaded https://repo.maven.apache.org/maven2/org/springframework/boot/spring-boot-starter-web/3.5.6/spring-boot-starter-web-3.5.6-sources.jar
2025-09-22 12:46:18,541 [Worker-51: Download sources and javadoc] INFO  o.e.m.j.internal.DownloadSourcesJob - Downloaded sources for org.springframework.boot:spring-boot-starter-web:3.5.6
2025-09-22 12:46:18,544 [Worker-52: Import Getting Started Content] INFO  o.e.m.c.i.p.ProjectConfigurationManager - Update completed for 1 poms: local refresh takes 0.00 sec, refresh facades takes 1.00 sec, update config takes 1.00 sec 
2025-09-22 12:46:18,624 [Worker-51: Download sources and javadoc] INFO  o.e.m.c.i.e.AbstractTransferListenerAdapter - Downloading https://repo.maven.apache.org/maven2/org/springframework/boot/spring-boot-starter-json/3.5.6/spring-boot-starter-json-3.5.6-sources.jar
2025-09-22 12:46:18,636 [Worker-51: Download sources and javadoc] INFO  o.e.m.c.i.e.AbstractTransferListenerAdapter - Downloaded https://repo.maven.apache.org/maven2/org/springframework/boot/spring-boot-starter-json/3.5.6/spring-boot-starter-json-3.5.6-sources.jar
2025-09-22 12:46:18,645 [Worker-51: Download sources and javadoc] INFO  o.e.m.j.internal.DownloadSourcesJob - Downloaded sources for org.springframework.boot:spring-boot-starter-json:3.5.6
2025-09-22 12:46:18,738 [Worker-51: Download sources and javadoc] INFO  o.e.m.c.i.e.AbstractTransferListenerAdapter - Downloading https://repo.maven.apache.org/maven2/org/springframework/spring-web/6.2.11/spring-web-6.2.11-sources.jar
2025-09-22 12:46:18,883 [Worker-51: Download sources and javadoc] INFO  o.e.m.c.i.e.AbstractTransferListenerAdapter - Downloaded https://repo.maven.apache.org/maven2/org/springframework/spring-web/6.2.11/spring-web-6.2.11-sources.jar
2025-09-22 12:46:18,890 [Worker-51: Download sources and javadoc] INFO  o.e.m.j.internal.DownloadSourcesJob - Downloaded sources for org.springframework:spring-web:6.2.11
2025-09-22 12:46:18,991 [Worker-51: Download sources and javadoc] INFO  o.e.m.c.i.e.AbstractTransferListenerAdapter - Downloading https://repo.maven.apache.org/maven2/io/micrometer/micrometer-observation/1.15.4/micrometer-observation-1.15.4-sources.jar
2025-09-22 12:46:19,023 [Worker-51: Download sources and javadoc] INFO  o.e.m.c.i.e.AbstractTransferListenerAdapter - Downloaded https://repo.maven.apache.org/maven2/io/micrometer/micrometer-observation/1.15.4/micrometer-observation-1.15.4-sources.jar
2025-09-22 12:46:19,033 [Worker-51: Download sources and javadoc] INFO  o.e.m.j.internal.DownloadSourcesJob - Downloaded sources for io.micrometer:micrometer-observation:1.15.4
2025-09-22 12:46:19,132 [Worker-51: Download sources and javadoc] INFO  o.e.m.c.i.e.AbstractTransferListenerAdapter - Downloading https://repo.maven.apache.org/maven2/io/micrometer/micrometer-commons/1.15.4/micrometer-commons-1.15.4-sources.jar
2025-09-22 12:46:19,167 [Worker-51: Download sources and javadoc] INFO  o.e.m.c.i.e.AbstractTransferListenerAdapter - Downloaded https://repo.maven.apache.org/maven2/io/micrometer/micrometer-commons/1.15.4/micrometer-commons-1.15.4-sources.jar
2025-09-22 12:46:19,177 [Worker-51: Download sources and javadoc] INFO  o.e.m.j.internal.DownloadSourcesJob - Downloaded sources for io.micrometer:micrometer-commons:1.15.4
2025-09-22 12:46:19,261 [Worker-51: Download sources and javadoc] INFO  o.e.m.c.i.e.AbstractTransferListenerAdapter - Downloading https://repo.maven.apache.org/maven2/org/springframework/spring-webmvc/6.2.11/spring-webmvc-6.2.11-sources.jar
2025-09-22 12:46:19,420 [Worker-51: Download sources and javadoc] INFO  o.e.m.c.i.e.AbstractTransferListenerAdapter - Downloaded https://repo.maven.apache.org/maven2/org/springframework/spring-webmvc/6.2.11/spring-webmvc-6.2.11-sources.jar
2025-09-22 12:46:19,432 [Worker-51: Download sources and javadoc] INFO  o.e.m.j.internal.DownloadSourcesJob - Downloaded sources for org.springframework:spring-webmvc:6.2.11
2025-09-22 12:46:19,528 [Worker-51: Download sources and javadoc] INFO  o.e.m.c.i.e.AbstractTransferListenerAdapter - Downloading https://repo.maven.apache.org/maven2/org/springframework/spring-expression/6.2.11/spring-expression-6.2.11-sources.jar
2025-09-22 12:46:19,609 [Worker-51: Download sources and javadoc] INFO  o.e.m.c.i.e.AbstractTransferListenerAdapter - Downloaded https://repo.maven.apache.org/maven2/org/springframework/spring-expression/6.2.11/spring-expression-6.2.11-sources.jar
2025-09-22 12:46:19,619 [Worker-51: Download sources and javadoc] INFO  o.e.m.j.internal.DownloadSourcesJob - Downloaded sources for org.springframework:spring-expression:6.2.11
2025-09-22 12:46:19,639 [Worker-57: Building] INFO  o.a.m.s.f.DefaultMavenResourcesFiltering - Copying 1 resource from src\main\resources to target\classes
2025-09-22 12:46:19,671 [Worker-57: Building] INFO  o.a.m.s.f.DefaultMavenResourcesFiltering - Copying 0 resource from src\main\resources to target\classes
2025-09-22 12:46:19,678 [Worker-57: Building] INFO  o.a.m.s.f.DefaultMavenResourcesFiltering - skip non existing resourceDirectory D:\3-1\watchlist\Backend-1\src\test\resources
2025-09-22 12:46:19,678 [Worker-57: Building] INFO  o.e.m.w.i.f.ResourceFilteringBuildParticipant - Changed resources require a complete clean of filtered resources of Backend-1
2025-09-22 12:46:19,678 [Worker-57: Building] INFO  o.e.m.w.i.f.ResourceFilteringBuildParticipant - Executing resource filtering for Backend-1
2025-09-22 12:46:19,761 [Worker-51: Download sources and javadoc] INFO  o.e.m.c.i.e.AbstractTransferListenerAdapter - Downloading https://repo.maven.apache.org/maven2/org/springframework/boot/spring-boot-devtools/3.5.6/spring-boot-devtools-3.5.6-sources.jar
2025-09-22 12:46:19,845 [Worker-51: Download sources and javadoc] INFO  o.e.m.c.i.e.AbstractTransferListenerAdapter - Downloaded https://repo.maven.apache.org/maven2/org/springframework/boot/spring-boot-devtools/3.5.6/spring-boot-devtools-3.5.6-sources.jar
2025-09-22 12:46:19,859 [Worker-51: Download sources and javadoc] INFO  o.e.m.j.internal.DownloadSourcesJob - Downloaded sources for org.springframework.boot:spring-boot-devtools:3.5.6
2025-09-22 12:46:19,944 [Worker-51: Download sources and javadoc] INFO  o.e.m.c.i.e.AbstractTransferListenerAdapter - Downloading https://repo.maven.apache.org/maven2/org/springframework/boot/spring-boot/3.5.6/spring-boot-3.5.6-sources.jar
2025-09-22 12:46:20,130 [Worker-51: Download sources and javadoc] INFO  o.e.m.c.i.e.AbstractTransferListenerAdapter - Downloaded https://repo.maven.apache.org/maven2/org/springframework/boot/spring-boot/3.5.6/spring-boot-3.5.6-sources.jar
2025-09-22 12:46:20,137 [Worker-51: Download sources and javadoc] INFO  o.e.m.j.internal.DownloadSourcesJob - Downloaded sources for org.springframework.boot:spring-boot:3.5.6
2025-09-22 12:46:20,217 [Worker-51: Download sources and javadoc] INFO  o.e.m.c.i.e.AbstractTransferListenerAdapter - Downloading https://repo.maven.apache.org/maven2/org/springframework/boot/spring-boot-autoconfigure/3.5.6/spring-boot-autoconfigure-3.5.6-sources.jar
2025-09-22 12:46:20,376 [Worker-51: Download sources and javadoc] INFO  o.e.m.c.i.e.AbstractTransferListenerAdapter - Downloaded https://repo.maven.apache.org/maven2/org/springframework/boot/spring-boot-autoconfigure/3.5.6/spring-boot-autoconfigure-3.5.6-sources.jar
2025-09-22 12:46:20,387 [Worker-51: Download sources and javadoc] INFO  o.e.m.j.internal.DownloadSourcesJob - Downloaded sources for org.springframework.boot:spring-boot-autoconfigure:3.5.6
2025-09-22 12:46:20,477 [Worker-51: Download sources and javadoc] INFO  o.e.m.c.i.e.AbstractTransferListenerAdapter - Downloading https://repo.maven.apache.org/maven2/org/springframework/boot/spring-boot-starter-tomcat/3.5.6/spring-boot-starter-tomcat-3.5.6-sources.jar
2025-09-22 12:46:20,487 [Worker-51: Download sources and javadoc] INFO  o.e.m.c.i.e.AbstractTransferListenerAdapter - Downloaded https://repo.maven.apache.org/maven2/org/springframework/boot/spring-boot-starter-tomcat/3.5.6/spring-boot-starter-tomcat-3.5.6-sources.jar
2025-09-22 12:46:20,496 [Worker-51: Download sources and javadoc] INFO  o.e.m.j.internal.DownloadSourcesJob - Downloaded sources for org.springframework.boot:spring-boot-starter-tomcat:3.5.6
2025-09-22 12:46:20,682 [Worker-51: Download sources and javadoc] INFO  o.e.m.c.i.e.AbstractTransferListenerAdapter - Downloading https://repo.maven.apache.org/maven2/org/apache/tomcat/embed/tomcat-embed-core/10.1.46/tomcat-embed-core-10.1.46-sources.jar
2025-09-22 12:46:20,964 [Worker-51: Download sources and javadoc] INFO  o.e.m.c.i.e.AbstractTransferListenerAdapter - Downloaded https://repo.maven.apache.org/maven2/org/apache/tomcat/embed/tomcat-embed-core/10.1.46/tomcat-embed-core-10.1.46-sources.jar
2025-09-22 12:46:20,972 [Worker-51: Download sources and javadoc] INFO  o.e.m.j.internal.DownloadSourcesJob - Downloaded sources for org.apache.tomcat.embed:tomcat-embed-core:10.1.46
2025-09-22 12:46:21,067 [Worker-51: Download sources and javadoc] INFO  o.e.m.c.i.e.AbstractTransferListenerAdapter - Downloading https://repo.maven.apache.org/maven2/org/apache/tomcat/embed/tomcat-embed-el/10.1.46/tomcat-embed-el-10.1.46-sources.jar
2025-09-22 12:46:21,180 [Worker-51: Download sources and javadoc] INFO  o.e.m.c.i.e.AbstractTransferListenerAdapter - Downloaded https://repo.maven.apache.org/maven2/org/apache/tomcat/embed/tomcat-embed-el/10.1.46/tomcat-embed-el-10.1.46-sources.jar
2025-09-22 12:46:21,193 [Worker-51: Download sources and javadoc] INFO  o.e.m.j.internal.DownloadSourcesJob - Downloaded sources for org.apache.tomcat.embed:tomcat-embed-el:10.1.46
2025-09-22 12:46:21,311 [Worker-51: Download sources and javadoc] INFO  o.e.m.c.i.e.AbstractTransferListenerAdapter - Downloading https://repo.maven.apache.org/maven2/org/apache/tomcat/embed/tomcat-embed-websocket/10.1.46/tomcat-embed-websocket-10.1.46-sources.jar
2025-09-22 12:46:21,391 [Worker-51: Download sources and javadoc] INFO  o.e.m.c.i.e.AbstractTransferListenerAdapter - Downloaded https://repo.maven.apache.org/maven2/org/apache/tomcat/embed/tomcat-embed-websocket/10.1.46/tomcat-embed-websocket-10.1.46-sources.jar
2025-09-22 12:46:21,401 [Worker-51: Download sources and javadoc] INFO  o.e.m.j.internal.DownloadSourcesJob - Downloaded sources for org.apache.tomcat.embed:tomcat-embed-websocket:10.1.46
2025-09-22 12:46:21,484 [Worker-51: Download sources and javadoc] INFO  o.e.m.c.i.e.AbstractTransferListenerAdapter - Downloading https://repo.maven.apache.org/maven2/org/springframework/boot/spring-boot-starter-test/3.5.6/spring-boot-starter-test-3.5.6-sources.jar
2025-09-22 12:46:21,495 [Worker-51: Download sources and javadoc] INFO  o.e.m.c.i.e.AbstractTransferListenerAdapter - Downloaded https://repo.maven.apache.org/maven2/org/springframework/boot/spring-boot-starter-test/3.5.6/spring-boot-starter-test-3.5.6-sources.jar
2025-09-22 12:46:21,503 [Worker-51: Download sources and javadoc] INFO  o.e.m.j.internal.DownloadSourcesJob - Downloaded sources for org.springframework.boot:spring-boot-starter-test:3.5.6
2025-09-22 12:46:21,595 [Worker-51: Download sources and javadoc] INFO  o.e.m.c.i.e.AbstractTransferListenerAdapter - Downloading https://repo.maven.apache.org/maven2/org/springframework/boot/spring-boot-test/3.5.6/spring-boot-test-3.5.6-sources.jar
2025-09-22 12:46:21,666 [Worker-51: Download sources and javadoc] INFO  o.e.m.c.i.e.AbstractTransferListenerAdapter - Downloaded https://repo.maven.apache.org/maven2/org/springframework/boot/spring-boot-test/3.5.6/spring-boot-test-3.5.6-sources.jar
2025-09-22 12:46:21,674 [Worker-51: Download sources and javadoc] INFO  o.e.m.j.internal.DownloadSourcesJob - Downloaded sources for org.springframework.boot:spring-boot-test:3.5.6
2025-09-22 12:46:21,755 [Worker-51: Download sources and javadoc] INFO  o.e.m.c.i.e.AbstractTransferListenerAdapter - Downloading https://repo.maven.apache.org/maven2/org/springframework/boot/spring-boot-test-autoconfigure/3.5.6/spring-boot-test-autoconfigure-3.5.6-sources.jar
2025-09-22 12:46:21,826 [Worker-51: Download sources and javadoc] INFO  o.e.m.c.i.e.AbstractTransferListenerAdapter - Downloaded https://repo.maven.apache.org/maven2/org/springframework/boot/spring-boot-test-autoconfigure/3.5.6/spring-boot-test-autoconfigure-3.5.6-sources.jar
2025-09-22 12:46:21,833 [Worker-51: Download sources and javadoc] INFO  o.e.m.j.internal.DownloadSourcesJob - Downloaded sources for org.springframework.boot:spring-boot-test-autoconfigure:3.5.6
2025-09-22 12:46:21,916 [Worker-51: Download sources and javadoc] INFO  o.e.m.c.i.e.AbstractTransferListenerAdapter - Downloading https://repo.maven.apache.org/maven2/jakarta/activation/jakarta.activation-api/2.1.4/jakarta.activation-api-2.1.4-sources.jar
2025-09-22 12:46:21,949 [Worker-51: Download sources and javadoc] INFO  o.e.m.c.i.e.AbstractTransferListenerAdapter - Downloaded https://repo.maven.apache.org/maven2/jakarta/activation/jakarta.activation-api/2.1.4/jakarta.activation-api-2.1.4-sources.jar
2025-09-22 12:46:21,957 [Worker-51: Download sources and javadoc] INFO  o.e.m.j.internal.DownloadSourcesJob - Downloaded sources for jakarta.activation:jakarta.activation-api:2.1.4
2025-09-22 12:46:22,042 [Worker-51: Download sources and javadoc] INFO  o.e.m.c.i.e.AbstractTransferListenerAdapter - Downloading https://repo.maven.apache.org/maven2/org/springframework/spring-core/6.2.11/spring-core-6.2.11-sources.jar
2025-09-22 12:46:22,203 [Worker-51: Download sources and javadoc] INFO  o.e.m.c.i.e.AbstractTransferListenerAdapter - Downloaded https://repo.maven.apache.org/maven2/org/springframework/spring-core/6.2.11/spring-core-6.2.11-sources.jar
2025-09-22 12:46:22,213 [Worker-51: Download sources and javadoc] INFO  o.e.m.j.internal.DownloadSourcesJob - Downloaded sources for org.springframework:spring-core:6.2.11
2025-09-22 12:46:22,323 [Worker-51: Download sources and javadoc] INFO  o.e.m.c.i.e.AbstractTransferListenerAdapter - Downloading https://repo.maven.apache.org/maven2/org/springframework/spring-jcl/6.2.11/spring-jcl-6.2.11-sources.jar
2025-09-22 12:46:22,336 [Worker-51: Download sources and javadoc] INFO  o.e.m.c.i.e.AbstractTransferListenerAdapter - Downloaded https://repo.maven.apache.org/maven2/org/springframework/spring-jcl/6.2.11/spring-jcl-6.2.11-sources.jar
2025-09-22 12:46:22,343 [Worker-51: Download sources and javadoc] INFO  o.e.m.j.internal.DownloadSourcesJob - Downloaded sources for org.springframework:spring-jcl:6.2.11
2025-09-22 12:46:22,420 [Worker-51: Download sources and javadoc] INFO  o.e.m.c.i.e.AbstractTransferListenerAdapter - Downloading https://repo.maven.apache.org/maven2/org/springframework/spring-test/6.2.11/spring-test-6.2.11-sources.jar
2025-09-22 12:46:22,672 [Worker-51: Download sources and javadoc] INFO  o.e.m.c.i.e.AbstractTransferListenerAdapter - Downloaded https://repo.maven.apache.org/maven2/org/springframework/spring-test/6.2.11/spring-test-6.2.11-sources.jar
2025-09-22 12:46:22,677 [Worker-51: Download sources and javadoc] INFO  o.e.m.j.internal.DownloadSourcesJob - Downloaded sources for org.springframework:spring-test:6.2.11
2025-09-22 12:46:22,767 [Worker-51: Download sources and javadoc] INFO  o.e.m.c.i.e.AbstractTransferListenerAdapter - Downloading https://repo.maven.apache.org/maven2/org/xmlunit/xmlunit-core/2.10.4/xmlunit-core-2.10.4-sources.jar
2025-09-22 12:46:22,825 [Worker-51: Download sources and javadoc] INFO  o.e.m.c.i.e.AbstractTransferListenerAdapter - Downloaded https://repo.maven.apache.org/maven2/org/xmlunit/xmlunit-core/2.10.4/xmlunit-core-2.10.4-sources.jar
2025-09-22 12:46:22,831 [Worker-51: Download sources and javadoc] INFO  o.e.m.j.internal.DownloadSourcesJob - Downloaded sources for org.xmlunit:xmlunit-core:2.10.4
2025-09-22 12:48:09,205 [Worker-57: Building] INFO  o.a.m.s.f.DefaultMavenResourcesFiltering - Copying 1 resource from src\main\resources to target\classes
2025-09-22 12:48:09,253 [Worker-57: Building] INFO  o.a.m.s.f.DefaultMavenResourcesFiltering - Copying 0 resource from src\main\resources to target\classes
2025-09-22 12:48:09,265 [Worker-57: Building] INFO  o.a.m.s.f.DefaultMavenResourcesFiltering - Copying 0 resource from src\test\resources to target\test-classes
2025-09-22 12:48:20,486 [Worker-50: Updating Maven Project] INFO  o.e.m.c.i.p.ProjectConfigurationManager - Update started
2025-09-22 12:48:20,936 [Worker-50: Updating Maven Project] INFO  o.e.m.c.i.l.LifecycleMappingFactory - Using org.maven.ide.eclipse.wtp.WarLifecycleMapping lifecycle mapping for MavenProject: com.example:TODOSPRINGBOOT:0.0.1-SNAPSHOT @ D:\3-1\watchlist\Backend\pom.xml.
2025-09-22 12:48:21,525 [Worker-50: Updating Maven Project] INFO  o.e.m.j.i.AbstractJavaProjectConfigurator - Adding source folder /Backend/src/main/java
2025-09-22 12:48:21,526 [Worker-50: Updating Maven Project] INFO  o.e.m.j.i.AbstractJavaProjectConfigurator - Adding resource folder /Backend/src/main/resources
2025-09-22 12:48:21,526 [Worker-50: Updating Maven Project] INFO  o.e.m.j.i.AbstractJavaProjectConfigurator - Adding resource folder /Backend/src/main/resources
2025-09-22 12:48:21,527 [Worker-50: Updating Maven Project] INFO  o.e.m.j.i.AbstractJavaProjectConfigurator - Adding source folder /Backend/src/test/java
2025-09-22 12:48:21,527 [Worker-50: Updating Maven Project] INFO  o.e.m.j.i.AbstractJavaProjectConfigurator - Adding resource folder /Backend/src/test/resources
2025-09-22 12:48:22,016 [Worker-50: Updating Maven Project] INFO  o.e.m.w.i.f.ResourceFilteringBuildParticipant - Cleaning filtered folder for Backend
2025-09-22 12:48:22,053 [Worker-50: Updating Maven Project] INFO  o.e.m.c.i.p.ProjectConfigurationManager - Update completed for 1 poms: local refresh takes 0.00 sec, refresh facades takes 0.00 sec, update config takes 0.00 sec 
2025-09-22 12:48:22,387 [Worker-52: Building] INFO  o.a.m.s.f.DefaultMavenResourcesFiltering - Copying 1 resource from src\main\resources to target\classes
2025-09-22 12:48:22,414 [Worker-52: Building] INFO  o.a.m.s.f.DefaultMavenResourcesFiltering - Copying 0 resource from src\main\resources to target\classes
2025-09-22 12:48:22,422 [Worker-52: Building] INFO  o.a.m.s.f.DefaultMavenResourcesFiltering - Copying 0 resource from src\test\resources to target\test-classes
2025-09-22 12:48:22,423 [Worker-52: Building] INFO  o.e.m.w.i.f.ResourceFilteringBuildParticipant - Changed resources require a complete clean of filtered resources of Backend
2025-09-22 12:48:22,423 [Worker-52: Building] INFO  o.e.m.w.i.f.ResourceFilteringBuildParticipant - Executing resource filtering for Backend
2025-09-22 12:49:14,571 [Worker-50: Updating Maven Project] INFO  o.e.m.c.i.p.ProjectConfigurationManager - Update started
2025-09-22 12:49:14,983 [Worker-50: Updating Maven Project] INFO  o.e.m.c.i.l.LifecycleMappingFactory - Using org.maven.ide.eclipse.wtp.WarLifecycleMapping lifecycle mapping for MavenProject: com.example:TODOSPRINGBOOT:0.0.1-SNAPSHOT @ D:\3-1\watchlist\Backend\pom.xml.
2025-09-22 12:49:15,522 [Worker-50: Updating Maven Project] INFO  o.e.m.j.i.AbstractJavaProjectConfigurator - Adding source folder /Backend/src/main/java
2025-09-22 12:49:15,523 [Worker-50: Updating Maven Project] INFO  o.e.m.j.i.AbstractJavaProjectConfigurator - Adding resource folder /Backend/src/main/resources
2025-09-22 12:49:15,524 [Worker-50: Updating Maven Project] INFO  o.e.m.j.i.AbstractJavaProjectConfigurator - Adding resource folder /Backend/src/main/resources
2025-09-22 12:49:15,524 [Worker-50: Updating Maven Project] INFO  o.e.m.j.i.AbstractJavaProjectConfigurator - Adding source folder /Backend/src/test/java
2025-09-22 12:49:15,524 [Worker-50: Updating Maven Project] INFO  o.e.m.j.i.AbstractJavaProjectConfigurator - Adding resource folder /Backend/src/test/resources
2025-09-22 12:49:15,991 [Worker-50: Updating Maven Project] INFO  o.e.m.c.i.p.ProjectConfigurationManager - Update completed for 1 poms: local refresh takes 0.00 sec, refresh facades takes 0.00 sec, update config takes 0.00 sec 
2025-09-22 12:49:16,301 [Worker-54: Building] INFO  o.a.m.s.f.DefaultMavenResourcesFiltering - Copying 1 resource from src\main\resources to target\classes
2025-09-22 12:49:16,323 [Worker-54: Building] INFO  o.a.m.s.f.DefaultMavenResourcesFiltering - Copying 0 resource from src\main\resources to target\classes
2025-09-22 12:49:16,333 [Worker-54: Building] INFO  o.a.m.s.f.DefaultMavenResourcesFiltering - Copying 0 resource from src\test\resources to target\test-classes
2025-09-22 12:50:15,534 [Worker-50: Building] INFO  o.a.m.s.f.DefaultMavenResourcesFiltering - Copying 1 resource from src\main\resources to target\classes
2025-09-22 12:50:15,548 [Worker-50: Building] INFO  o.a.m.s.f.DefaultMavenResourcesFiltering - Copying 0 resource from src\main\resources to target\classes
2025-09-22 12:50:15,552 [Worker-50: Building] INFO  o.a.m.s.f.DefaultMavenResourcesFiltering - skip non existing resourceDirectory D:\3-1\watchlist\Backend-1\src\test\resources
2025-09-22 16:11:03,904 [Worker-5: Loading available Gradle versions] INFO  o.e.b.c.i.u.g.PublishedGradleVersions - Gradle version information cache is up-to-date. Trying to read.
2025-09-22 16:16:15,227 [Worker-30: Launching Executing clean in D__3-1_watchlist_Backend] INFO  o.eclipse.m2e.core.internal.Bundles - getClasspathEntries(Bundle=org.eclipse.m2e.maven.runtime_3.9.900.20240824-1409 [642])
2025-09-22 16:16:15,230 [Worker-30: Launching Executing clean in D__3-1_watchlist_Backend] INFO  o.eclipse.m2e.core.internal.Bundles - 	Entry: C:\Users\SHYAMALA\.p2\pool\plugins\org.eclipse.m2e.maven.runtime_3.9.900.20240824-1409
2025-09-22 16:16:15,230 [Worker-30: Launching Executing clean in D__3-1_watchlist_Backend] INFO  o.eclipse.m2e.core.internal.Bundles - 	Entry: C:\Users\SHYAMALA\.p2\pool\plugins\org.eclipse.m2e.maven.runtime_3.9.900.20240824-1409\jars\aopalliance-1.0.jar
2025-09-22 16:16:15,231 [Worker-30: Launching Executing clean in D__3-1_watchlist_Backend] INFO  o.eclipse.m2e.core.internal.Bundles - 	Entry: C:\Users\SHYAMALA\.p2\pool\plugins\org.eclipse.m2e.maven.runtime_3.9.900.20240824-1409\jars\guice-5.1.0.jar
2025-09-22 16:16:15,231 [Worker-30: Launching Executing clean in D__3-1_watchlist_Backend] INFO  o.eclipse.m2e.core.internal.Bundles - 	Entry: C:\Users\SHYAMALA\.p2\pool\plugins\org.eclipse.m2e.maven.runtime_3.9.900.20240824-1409\jars\httpclient-4.5.14.jar
2025-09-22 16:16:15,231 [Worker-30: Launching Executing clean in D__3-1_watchlist_Backend] INFO  o.eclipse.m2e.core.internal.Bundles - 	Entry: C:\Users\SHYAMALA\.p2\pool\plugins\org.eclipse.m2e.maven.runtime_3.9.900.20240824-1409\jars\httpcore-4.4.16.jar
2025-09-22 16:16:15,231 [Worker-30: Launching Executing clean in D__3-1_watchlist_Backend] INFO  o.eclipse.m2e.core.internal.Bundles - 	Entry: C:\Users\SHYAMALA\.p2\pool\plugins\org.eclipse.m2e.maven.runtime_3.9.900.20240824-1409\jars\jansi-2.4.1.jar
2025-09-22 16:16:15,231 [Worker-30: Launching Executing clean in D__3-1_watchlist_Backend] INFO  o.eclipse.m2e.core.internal.Bundles - 	Entry: C:\Users\SHYAMALA\.p2\pool\plugins\org.eclipse.m2e.maven.runtime_3.9.900.20240824-1409\jars\jcl-over-slf4j-1.7.36.jar
2025-09-22 16:16:15,231 [Worker-30: Launching Executing clean in D__3-1_watchlist_Backend] INFO  o.eclipse.m2e.core.internal.Bundles - 	Entry: C:\Users\SHYAMALA\.p2\pool\plugins\org.eclipse.m2e.maven.runtime_3.9.900.20240824-1409\jars\maven-artifact-3.9.9.jar
2025-09-22 16:16:15,231 [Worker-30: Launching Executing clean in D__3-1_watchlist_Backend] INFO  o.eclipse.m2e.core.internal.Bundles - 	Entry: C:\Users\SHYAMALA\.p2\pool\plugins\org.eclipse.m2e.maven.runtime_3.9.900.20240824-1409\jars\maven-builder-support-3.9.9.jar
2025-09-22 16:16:15,232 [Worker-30: Launching Executing clean in D__3-1_watchlist_Backend] INFO  o.eclipse.m2e.core.internal.Bundles - 	Entry: C:\Users\SHYAMALA\.p2\pool\plugins\org.eclipse.m2e.maven.runtime_3.9.900.20240824-1409\jars\maven-compat-3.9.9.jar
2025-09-22 16:16:15,232 [Worker-30: Launching Executing clean in D__3-1_watchlist_Backend] INFO  o.eclipse.m2e.core.internal.Bundles - 	Entry: C:\Users\SHYAMALA\.p2\pool\plugins\org.eclipse.m2e.maven.runtime_3.9.900.20240824-1409\jars\maven-core-3.9.9.jar
2025-09-22 16:16:15,232 [Worker-30: Launching Executing clean in D__3-1_watchlist_Backend] INFO  o.eclipse.m2e.core.internal.Bundles - 	Entry: C:\Users\SHYAMALA\.p2\pool\plugins\org.eclipse.m2e.maven.runtime_3.9.900.20240824-1409\jars\maven-embedder-3.9.9.jar
2025-09-22 16:16:15,232 [Worker-30: Launching Executing clean in D__3-1_watchlist_Backend] INFO  o.eclipse.m2e.core.internal.Bundles - 	Entry: C:\Users\SHYAMALA\.p2\pool\plugins\org.eclipse.m2e.maven.runtime_3.9.900.20240824-1409\jars\maven-model-3.9.9.jar
2025-09-22 16:16:15,232 [Worker-30: Launching Executing clean in D__3-1_watchlist_Backend] INFO  o.eclipse.m2e.core.internal.Bundles - 	Entry: C:\Users\SHYAMALA\.p2\pool\plugins\org.eclipse.m2e.maven.runtime_3.9.900.20240824-1409\jars\maven-model-builder-3.9.9.jar
2025-09-22 16:16:15,232 [Worker-30: Launching Executing clean in D__3-1_watchlist_Backend] INFO  o.eclipse.m2e.core.internal.Bundles - 	Entry: C:\Users\SHYAMALA\.p2\pool\plugins\org.eclipse.m2e.maven.runtime_3.9.900.20240824-1409\jars\maven-plugin-api-3.9.9.jar
2025-09-22 16:16:15,233 [Worker-30: Launching Executing clean in D__3-1_watchlist_Backend] INFO  o.eclipse.m2e.core.internal.Bundles - 	Entry: C:\Users\SHYAMALA\.p2\pool\plugins\org.eclipse.m2e.maven.runtime_3.9.900.20240824-1409\jars\maven-repository-metadata-3.9.9.jar
2025-09-22 16:16:15,233 [Worker-30: Launching Executing clean in D__3-1_watchlist_Backend] INFO  o.eclipse.m2e.core.internal.Bundles - 	Entry: C:\Users\SHYAMALA\.p2\pool\plugins\org.eclipse.m2e.maven.runtime_3.9.900.20240824-1409\jars\maven-resolver-api-1.9.22.jar
2025-09-22 16:16:15,233 [Worker-30: Launching Executing clean in D__3-1_watchlist_Backend] INFO  o.eclipse.m2e.core.internal.Bundles - 	Entry: C:\Users\SHYAMALA\.p2\pool\plugins\org.eclipse.m2e.maven.runtime_3.9.900.20240824-1409\jars\maven-resolver-connector-basic-1.9.22.jar
2025-09-22 16:16:15,233 [Worker-30: Launching Executing clean in D__3-1_watchlist_Backend] INFO  o.eclipse.m2e.core.internal.Bundles - 	Entry: C:\Users\SHYAMALA\.p2\pool\plugins\org.eclipse.m2e.maven.runtime_3.9.900.20240824-1409\jars\maven-resolver-impl-1.9.22.jar
2025-09-22 16:16:15,233 [Worker-30: Launching Executing clean in D__3-1_watchlist_Backend] INFO  o.eclipse.m2e.core.internal.Bundles - 	Entry: C:\Users\SHYAMALA\.p2\pool\plugins\org.eclipse.m2e.maven.runtime_3.9.900.20240824-1409\jars\maven-resolver-named-locks-1.9.22.jar
2025-09-22 16:16:15,233 [Worker-30: Launching Executing clean in D__3-1_watchlist_Backend] INFO  o.eclipse.m2e.core.internal.Bundles - 	Entry: C:\Users\SHYAMALA\.p2\pool\plugins\org.eclipse.m2e.maven.runtime_3.9.900.20240824-1409\jars\maven-resolver-provider-3.9.9.jar
2025-09-22 16:16:15,234 [Worker-30: Launching Executing clean in D__3-1_watchlist_Backend] INFO  o.eclipse.m2e.core.internal.Bundles - 	Entry: C:\Users\SHYAMALA\.p2\pool\plugins\org.eclipse.m2e.maven.runtime_3.9.900.20240824-1409\jars\maven-resolver-spi-1.9.22.jar
2025-09-22 16:16:15,234 [Worker-30: Launching Executing clean in D__3-1_watchlist_Backend] INFO  o.eclipse.m2e.core.internal.Bundles - 	Entry: C:\Users\SHYAMALA\.p2\pool\plugins\org.eclipse.m2e.maven.runtime_3.9.900.20240824-1409\jars\maven-resolver-transport-file-1.9.22.jar
2025-09-22 16:16:15,234 [Worker-30: Launching Executing clean in D__3-1_watchlist_Backend] INFO  o.eclipse.m2e.core.internal.Bundles - 	Entry: C:\Users\SHYAMALA\.p2\pool\plugins\org.eclipse.m2e.maven.runtime_3.9.900.20240824-1409\jars\maven-resolver-transport-http-1.9.22.jar
2025-09-22 16:16:15,234 [Worker-30: Launching Executing clean in D__3-1_watchlist_Backend] INFO  o.eclipse.m2e.core.internal.Bundles - 	Entry: C:\Users\SHYAMALA\.p2\pool\plugins\org.eclipse.m2e.maven.runtime_3.9.900.20240824-1409\jars\maven-resolver-transport-wagon-1.9.22.jar
2025-09-22 16:16:15,234 [Worker-30: Launching Executing clean in D__3-1_watchlist_Backend] INFO  o.eclipse.m2e.core.internal.Bundles - 	Entry: C:\Users\SHYAMALA\.p2\pool\plugins\org.eclipse.m2e.maven.runtime_3.9.900.20240824-1409\jars\maven-resolver-util-1.9.22.jar
2025-09-22 16:16:15,234 [Worker-30: Launching Executing clean in D__3-1_watchlist_Backend] INFO  o.eclipse.m2e.core.internal.Bundles - 	Entry: C:\Users\SHYAMALA\.p2\pool\plugins\org.eclipse.m2e.maven.runtime_3.9.900.20240824-1409\jars\maven-settings-3.9.9.jar
2025-09-22 16:16:15,235 [Worker-30: Launching Executing clean in D__3-1_watchlist_Backend] INFO  o.eclipse.m2e.core.internal.Bundles - 	Entry: C:\Users\SHYAMALA\.p2\pool\plugins\org.eclipse.m2e.maven.runtime_3.9.900.20240824-1409\jars\maven-settings-builder-3.9.9.jar
2025-09-22 16:16:15,235 [Worker-30: Launching Executing clean in D__3-1_watchlist_Backend] INFO  o.eclipse.m2e.core.internal.Bundles - 	Entry: C:\Users\SHYAMALA\.p2\pool\plugins\org.eclipse.m2e.maven.runtime_3.9.900.20240824-1409\jars\maven-shared-utils-3.4.2.jar
2025-09-22 16:16:15,235 [Worker-30: Launching Executing clean in D__3-1_watchlist_Backend] INFO  o.eclipse.m2e.core.internal.Bundles - 	Entry: C:\Users\SHYAMALA\.p2\pool\plugins\org.eclipse.m2e.maven.runtime_3.9.900.20240824-1409\jars\org.eclipse.sisu.inject-0.9.0.M3.jar
2025-09-22 16:16:15,235 [Worker-30: Launching Executing clean in D__3-1_watchlist_Backend] INFO  o.eclipse.m2e.core.internal.Bundles - 	Entry: C:\Users\SHYAMALA\.p2\pool\plugins\org.eclipse.m2e.maven.runtime_3.9.900.20240824-1409\jars\org.eclipse.sisu.plexus-0.9.0.M3.jar
2025-09-22 16:16:15,235 [Worker-30: Launching Executing clean in D__3-1_watchlist_Backend] INFO  o.eclipse.m2e.core.internal.Bundles - 	Entry: C:\Users\SHYAMALA\.p2\pool\plugins\org.eclipse.m2e.maven.runtime_3.9.900.20240824-1409\jars\plexus-build-api-0.0.7.jar
2025-09-22 16:16:15,235 [Worker-30: Launching Executing clean in D__3-1_watchlist_Backend] INFO  o.eclipse.m2e.core.internal.Bundles - 	Entry: C:\Users\SHYAMALA\.p2\pool\plugins\org.eclipse.m2e.maven.runtime_3.9.900.20240824-1409\jars\plexus-build-api-1.2.0.jar
2025-09-22 16:16:15,235 [Worker-30: Launching Executing clean in D__3-1_watchlist_Backend] INFO  o.eclipse.m2e.core.internal.Bundles - 	Entry: C:\Users\SHYAMALA\.p2\pool\plugins\org.eclipse.m2e.maven.runtime_3.9.900.20240824-1409\jars\plexus-cipher-2.0.jar
2025-09-22 16:16:15,236 [Worker-30: Launching Executing clean in D__3-1_watchlist_Backend] INFO  o.eclipse.m2e.core.internal.Bundles - 	Entry: C:\Users\SHYAMALA\.p2\pool\plugins\org.eclipse.m2e.maven.runtime_3.9.900.20240824-1409\jars\plexus-classworlds-2.8.0.jar
2025-09-22 16:16:15,236 [Worker-30: Launching Executing clean in D__3-1_watchlist_Backend] INFO  o.eclipse.m2e.core.internal.Bundles - 	Entry: C:\Users\SHYAMALA\.p2\pool\plugins\org.eclipse.m2e.maven.runtime_3.9.900.20240824-1409\jars\plexus-component-annotations-2.1.0.jar
2025-09-22 16:16:15,236 [Worker-30: Launching Executing clean in D__3-1_watchlist_Backend] INFO  o.eclipse.m2e.core.internal.Bundles - 	Entry: C:\Users\SHYAMALA\.p2\pool\plugins\org.eclipse.m2e.maven.runtime_3.9.900.20240824-1409\jars\plexus-interpolation-1.27.jar
2025-09-22 16:16:15,236 [Worker-30: Launching Executing clean in D__3-1_watchlist_Backend] INFO  o.eclipse.m2e.core.internal.Bundles - 	Entry: C:\Users\SHYAMALA\.p2\pool\plugins\org.eclipse.m2e.maven.runtime_3.9.900.20240824-1409\jars\plexus-sec-dispatcher-2.0.jar
2025-09-22 16:16:15,236 [Worker-30: Launching Executing clean in D__3-1_watchlist_Backend] INFO  o.eclipse.m2e.core.internal.Bundles - 	Entry: C:\Users\SHYAMALA\.p2\pool\plugins\org.eclipse.m2e.maven.runtime_3.9.900.20240824-1409\jars\plexus-utils-3.5.1.jar
2025-09-22 16:16:15,236 [Worker-30: Launching Executing clean in D__3-1_watchlist_Backend] INFO  o.eclipse.m2e.core.internal.Bundles - 	Entry: C:\Users\SHYAMALA\.p2\pool\plugins\org.eclipse.m2e.maven.runtime_3.9.900.20240824-1409\jars\plexus-xml-3.0.1.jar
2025-09-22 16:16:15,237 [Worker-30: Launching Executing clean in D__3-1_watchlist_Backend] INFO  o.eclipse.m2e.core.internal.Bundles - 	Entry: C:\Users\SHYAMALA\.p2\pool\plugins\org.eclipse.m2e.maven.runtime_3.9.900.20240824-1409\jars\wagon-file-3.5.3.jar
2025-09-22 16:16:15,237 [Worker-30: Launching Executing clean in D__3-1_watchlist_Backend] INFO  o.eclipse.m2e.core.internal.Bundles - 	Entry: C:\Users\SHYAMALA\.p2\pool\plugins\org.eclipse.m2e.maven.runtime_3.9.900.20240824-1409\jars\wagon-http-3.5.3.jar
2025-09-22 16:16:15,237 [Worker-30: Launching Executing clean in D__3-1_watchlist_Backend] INFO  o.eclipse.m2e.core.internal.Bundles - 	Entry: C:\Users\SHYAMALA\.p2\pool\plugins\org.eclipse.m2e.maven.runtime_3.9.900.20240824-1409\jars\wagon-http-shared-3.5.3.jar
2025-09-22 16:16:15,237 [Worker-30: Launching Executing clean in D__3-1_watchlist_Backend] INFO  o.eclipse.m2e.core.internal.Bundles - 	Entry: C:\Users\SHYAMALA\.p2\pool\plugins\org.eclipse.m2e.maven.runtime_3.9.900.20240824-1409\jars\wagon-provider-api-3.5.3.jar
2025-09-22 16:16:15,239 [Worker-30: Launching Executing clean in D__3-1_watchlist_Backend] INFO  o.eclipse.m2e.core.internal.Bundles - getClasspathEntries(Bundle=com.google.guava_33.3.1.jre [1028])
2025-09-22 16:16:15,240 [Worker-30: Launching Executing clean in D__3-1_watchlist_Backend] INFO  o.eclipse.m2e.core.internal.Bundles - 	Entry: C:\Users\SHYAMALA\.p2\pool\plugins\com.google.guava_33.3.1.jre.jar
2025-09-22 16:16:15,240 [Worker-30: Launching Executing clean in D__3-1_watchlist_Backend] INFO  o.eclipse.m2e.core.internal.Bundles - getClasspathEntries(Bundle=slf4j.api_2.0.16 [1007])
2025-09-22 16:16:15,241 [Worker-30: Launching Executing clean in D__3-1_watchlist_Backend] INFO  o.eclipse.m2e.core.internal.Bundles - 	Entry: C:\Users\SHYAMALA\.p2\pool\plugins\slf4j.api_2.0.16.jar
2025-09-22 16:16:15,241 [Worker-30: Launching Executing clean in D__3-1_watchlist_Backend] INFO  o.eclipse.m2e.core.internal.Bundles - getClasspathEntries(Bundle=jakarta.inject.jakarta.inject-api_1.0.5 [34])
2025-09-22 16:16:15,241 [Worker-30: Launching Executing clean in D__3-1_watchlist_Backend] INFO  o.eclipse.m2e.core.internal.Bundles - 	Entry: C:\Users\SHYAMALA\.p2\pool\plugins\jakarta.inject.jakarta.inject-api_1.0.5.jar
2025-09-22 16:16:15,241 [Worker-30: Launching Executing clean in D__3-1_watchlist_Backend] INFO  o.eclipse.m2e.core.internal.Bundles - getClasspathEntries(Bundle=jakarta.annotation-api_1.3.5 [29])
2025-09-22 16:16:15,242 [Worker-30: Launching Executing clean in D__3-1_watchlist_Backend] INFO  o.eclipse.m2e.core.internal.Bundles - 	Entry: C:\Users\SHYAMALA\.p2\pool\plugins\jakarta.annotation-api_1.3.5.jar
2025-09-22 16:16:15,242 [Worker-30: Launching Executing clean in D__3-1_watchlist_Backend] INFO  o.eclipse.m2e.core.internal.Bundles - getClasspathEntries(Bundle=org.apache.commons.cli_1.9.0 [78])
2025-09-22 16:16:15,242 [Worker-30: Launching Executing clean in D__3-1_watchlist_Backend] INFO  o.eclipse.m2e.core.internal.Bundles - 	Entry: C:\Users\SHYAMALA\.p2\pool\plugins\org.apache.commons.cli_1.9.0.jar
2025-09-22 16:16:15,242 [Worker-30: Launching Executing clean in D__3-1_watchlist_Backend] INFO  o.eclipse.m2e.core.internal.Bundles - getClasspathEntries(Bundle=org.apache.commons.commons-codec_1.16.0 [81])
2025-09-22 16:16:15,242 [Worker-30: Launching Executing clean in D__3-1_watchlist_Backend] INFO  o.eclipse.m2e.core.internal.Bundles - 	Entry: C:\Users\SHYAMALA\.p2\pool\plugins\org.apache.commons.commons-codec_1.16.0.jar
2025-09-22 16:16:15,242 [Worker-30: Launching Executing clean in D__3-1_watchlist_Backend] INFO  o.eclipse.m2e.core.internal.Bundles - getClasspathEntries(Bundle=com.google.guava.failureaccess_1.0.2 [17])
2025-09-22 16:16:15,243 [Worker-30: Launching Executing clean in D__3-1_watchlist_Backend] INFO  o.eclipse.m2e.core.internal.Bundles - 	Entry: C:\Users\SHYAMALA\.p2\pool\plugins\com.google.guava.failureaccess_1.0.2.jar
2025-09-22 16:16:15,247 [Worker-30: Launching Executing clean in D__3-1_watchlist_Backend] INFO  o.e.m.i.launch.MavenLaunchDelegate - Run build in "D:\3-1\watchlist\Backend":
2025-09-22 16:16:15,248 [Worker-30: Launching Executing clean in D__3-1_watchlist_Backend] INFO  o.e.m.i.launch.MavenLaunchDelegate -  mvn  -B -Dstyle.color=always clean
2025-09-22 16:16:19,634 [Worker-7: Building] INFO  o.a.m.s.f.DefaultMavenResourcesFiltering - Copying 1 resource from src\main\resources to target\classes
2025-09-22 16:16:19,672 [Worker-7: Building] INFO  o.a.m.s.f.DefaultMavenResourcesFiltering - Copying 0 resource from src\main\resources to target\classes
2025-09-22 16:16:19,683 [Worker-7: Building] INFO  o.a.m.s.f.DefaultMavenResourcesFiltering - Copying 0 resource from src\test\resources to target\test-classes
2025-09-22 16:16:19,689 [Worker-7: Building] INFO  o.e.m.w.i.f.ResourceFilteringBuildParticipant - Changed resources require a complete clean of filtered resources of Backend
2025-09-22 16:16:19,691 [Worker-7: Building] INFO  o.e.m.w.i.f.ResourceFilteringBuildParticipant - Executing resource filtering for Backend
2025-09-22 16:16:56,258 [Worker-32: Updating Maven Project] INFO  o.e.m.c.i.p.ProjectConfigurationManager - Update started
2025-09-22 16:16:56,807 [Worker-32: Updating Maven Project] INFO  o.e.m.c.i.l.LifecycleMappingFactory - Using org.maven.ide.eclipse.wtp.WarLifecycleMapping lifecycle mapping for MavenProject: com.example:TODOSPRINGBOOT:0.0.1-SNAPSHOT @ D:\3-1\watchlist\Backend\pom.xml.
2025-09-22 16:16:57,970 [Worker-32: Updating Maven Project] INFO  o.e.m.j.i.AbstractJavaProjectConfigurator - Adding source folder /Backend/src/main/java
2025-09-22 16:16:57,972 [Worker-32: Updating Maven Project] INFO  o.e.m.j.i.AbstractJavaProjectConfigurator - Adding resource folder /Backend/src/main/resources
2025-09-22 16:16:57,973 [Worker-32: Updating Maven Project] INFO  o.e.m.j.i.AbstractJavaProjectConfigurator - Adding resource folder /Backend/src/main/resources
2025-09-22 16:16:57,974 [Worker-32: Updating Maven Project] INFO  o.e.m.j.i.AbstractJavaProjectConfigurator - Adding source folder /Backend/src/test/java
2025-09-22 16:16:57,976 [Worker-32: Updating Maven Project] INFO  o.e.m.j.i.AbstractJavaProjectConfigurator - Adding resource folder /Backend/src/test/resources
2025-09-22 16:16:58,875 [Worker-32: Updating Maven Project] INFO  o.e.m.w.i.f.ResourceFilteringBuildParticipant - Cleaning filtered folder for Backend
2025-09-22 16:16:58,914 [Worker-32: Updating Maven Project] INFO  o.e.m.c.i.p.ProjectConfigurationManager - Update completed for 1 poms: local refresh takes 0.00 sec, refresh facades takes 1.00 sec, update config takes 0.00 sec 
2025-09-22 16:16:59,416 [Worker-26: Building] INFO  o.a.m.s.f.DefaultMavenResourcesFiltering - Copying 1 resource from src\main\resources to target\classes
2025-09-22 16:16:59,443 [Worker-26: Building] INFO  o.a.m.s.f.DefaultMavenResourcesFiltering - Copying 0 resource from src\main\resources to target\classes
2025-09-22 16:16:59,452 [Worker-26: Building] INFO  o.a.m.s.f.DefaultMavenResourcesFiltering - Copying 0 resource from src\test\resources to target\test-classes
2025-09-22 16:16:59,453 [Worker-26: Building] INFO  o.e.m.w.i.f.ResourceFilteringBuildParticipant - Changed resources require a complete clean of filtered resources of Backend
2025-09-22 16:16:59,453 [Worker-26: Building] INFO  o.e.m.w.i.f.ResourceFilteringBuildParticipant - Executing resource filtering for Backend
2025-09-22 16:20:01,248 [Worker-33: Building] INFO  o.a.m.s.f.DefaultMavenResourcesFiltering - Copying 1 resource from src\main\resources to target\classes
2025-09-22 16:20:01,262 [Worker-33: Building] INFO  o.a.m.s.f.DefaultMavenResourcesFiltering - Copying 0 resource from src\main\resources to target\classes
2025-09-22 16:20:01,267 [Worker-33: Building] INFO  o.a.m.s.f.DefaultMavenResourcesFiltering - skip non existing resourceDirectory D:\3-1\watchlist\Backend-1\src\test\resources
2025-09-22 16:20:18,300 [Worker-33: Launching Executing clean in D__3-1_watchlist_Backend] INFO  o.eclipse.m2e.core.internal.Bundles - getClasspathEntries(Bundle=org.eclipse.m2e.maven.runtime_3.9.900.20240824-1409 [642])
2025-09-22 16:20:18,301 [Worker-33: Launching Executing clean in D__3-1_watchlist_Backend] INFO  o.eclipse.m2e.core.internal.Bundles - 	Entry: C:\Users\SHYAMALA\.p2\pool\plugins\org.eclipse.m2e.maven.runtime_3.9.900.20240824-1409
2025-09-22 16:20:18,302 [Worker-33: Launching Executing clean in D__3-1_watchlist_Backend] INFO  o.eclipse.m2e.core.internal.Bundles - 	Entry: C:\Users\SHYAMALA\.p2\pool\plugins\org.eclipse.m2e.maven.runtime_3.9.900.20240824-1409\jars\aopalliance-1.0.jar
2025-09-22 16:20:18,302 [Worker-33: Launching Executing clean in D__3-1_watchlist_Backend] INFO  o.eclipse.m2e.core.internal.Bundles - 	Entry: C:\Users\SHYAMALA\.p2\pool\plugins\org.eclipse.m2e.maven.runtime_3.9.900.20240824-1409\jars\guice-5.1.0.jar
2025-09-22 16:20:18,302 [Worker-33: Launching Executing clean in D__3-1_watchlist_Backend] INFO  o.eclipse.m2e.core.internal.Bundles - 	Entry: C:\Users\SHYAMALA\.p2\pool\plugins\org.eclipse.m2e.maven.runtime_3.9.900.20240824-1409\jars\httpclient-4.5.14.jar
2025-09-22 16:20:18,303 [Worker-33: Launching Executing clean in D__3-1_watchlist_Backend] INFO  o.eclipse.m2e.core.internal.Bundles - 	Entry: C:\Users\SHYAMALA\.p2\pool\plugins\org.eclipse.m2e.maven.runtime_3.9.900.20240824-1409\jars\httpcore-4.4.16.jar
2025-09-22 16:20:18,303 [Worker-33: Launching Executing clean in D__3-1_watchlist_Backend] INFO  o.eclipse.m2e.core.internal.Bundles - 	Entry: C:\Users\SHYAMALA\.p2\pool\plugins\org.eclipse.m2e.maven.runtime_3.9.900.20240824-1409\jars\jansi-2.4.1.jar
2025-09-22 16:20:18,303 [Worker-33: Launching Executing clean in D__3-1_watchlist_Backend] INFO  o.eclipse.m2e.core.internal.Bundles - 	Entry: C:\Users\SHYAMALA\.p2\pool\plugins\org.eclipse.m2e.maven.runtime_3.9.900.20240824-1409\jars\jcl-over-slf4j-1.7.36.jar
2025-09-22 16:20:18,304 [Worker-33: Launching Executing clean in D__3-1_watchlist_Backend] INFO  o.eclipse.m2e.core.internal.Bundles - 	Entry: C:\Users\SHYAMALA\.p2\pool\plugins\org.eclipse.m2e.maven.runtime_3.9.900.20240824-1409\jars\maven-artifact-3.9.9.jar
2025-09-22 16:20:18,304 [Worker-33: Launching Executing clean in D__3-1_watchlist_Backend] INFO  o.eclipse.m2e.core.internal.Bundles - 	Entry: C:\Users\SHYAMALA\.p2\pool\plugins\org.eclipse.m2e.maven.runtime_3.9.900.20240824-1409\jars\maven-builder-support-3.9.9.jar
2025-09-22 16:20:18,305 [Worker-33: Launching Executing clean in D__3-1_watchlist_Backend] INFO  o.eclipse.m2e.core.internal.Bundles - 	Entry: C:\Users\SHYAMALA\.p2\pool\plugins\org.eclipse.m2e.maven.runtime_3.9.900.20240824-1409\jars\maven-compat-3.9.9.jar
2025-09-22 16:20:18,305 [Worker-33: Launching Executing clean in D__3-1_watchlist_Backend] INFO  o.eclipse.m2e.core.internal.Bundles - 	Entry: C:\Users\SHYAMALA\.p2\pool\plugins\org.eclipse.m2e.maven.runtime_3.9.900.20240824-1409\jars\maven-core-3.9.9.jar
2025-09-22 16:20:18,305 [Worker-33: Launching Executing clean in D__3-1_watchlist_Backend] INFO  o.eclipse.m2e.core.internal.Bundles - 	Entry: C:\Users\SHYAMALA\.p2\pool\plugins\org.eclipse.m2e.maven.runtime_3.9.900.20240824-1409\jars\maven-embedder-3.9.9.jar
2025-09-22 16:20:18,305 [Worker-33: Launching Executing clean in D__3-1_watchlist_Backend] INFO  o.eclipse.m2e.core.internal.Bundles - 	Entry: C:\Users\SHYAMALA\.p2\pool\plugins\org.eclipse.m2e.maven.runtime_3.9.900.20240824-1409\jars\maven-model-3.9.9.jar
2025-09-22 16:20:18,306 [Worker-33: Launching Executing clean in D__3-1_watchlist_Backend] INFO  o.eclipse.m2e.core.internal.Bundles - 	Entry: C:\Users\SHYAMALA\.p2\pool\plugins\org.eclipse.m2e.maven.runtime_3.9.900.20240824-1409\jars\maven-model-builder-3.9.9.jar
2025-09-22 16:20:18,306 [Worker-33: Launching Executing clean in D__3-1_watchlist_Backend] INFO  o.eclipse.m2e.core.internal.Bundles - 	Entry: C:\Users\SHYAMALA\.p2\pool\plugins\org.eclipse.m2e.maven.runtime_3.9.900.20240824-1409\jars\maven-plugin-api-3.9.9.jar
2025-09-22 16:20:18,306 [Worker-33: Launching Executing clean in D__3-1_watchlist_Backend] INFO  o.eclipse.m2e.core.internal.Bundles - 	Entry: C:\Users\SHYAMALA\.p2\pool\plugins\org.eclipse.m2e.maven.runtime_3.9.900.20240824-1409\jars\maven-repository-metadata-3.9.9.jar
2025-09-22 16:20:18,306 [Worker-33: Launching Executing clean in D__3-1_watchlist_Backend] INFO  o.eclipse.m2e.core.internal.Bundles - 	Entry: C:\Users\SHYAMALA\.p2\pool\plugins\org.eclipse.m2e.maven.runtime_3.9.900.20240824-1409\jars\maven-resolver-api-1.9.22.jar
2025-09-22 16:20:18,306 [Worker-33: Launching Executing clean in D__3-1_watchlist_Backend] INFO  o.eclipse.m2e.core.internal.Bundles - 	Entry: C:\Users\SHYAMALA\.p2\pool\plugins\org.eclipse.m2e.maven.runtime_3.9.900.20240824-1409\jars\maven-resolver-connector-basic-1.9.22.jar
2025-09-22 16:20:18,307 [Worker-33: Launching Executing clean in D__3-1_watchlist_Backend] INFO  o.eclipse.m2e.core.internal.Bundles - 	Entry: C:\Users\SHYAMALA\.p2\pool\plugins\org.eclipse.m2e.maven.runtime_3.9.900.20240824-1409\jars\maven-resolver-impl-1.9.22.jar
2025-09-22 16:20:18,307 [Worker-33: Launching Executing clean in D__3-1_watchlist_Backend] INFO  o.eclipse.m2e.core.internal.Bundles - 	Entry: C:\Users\SHYAMALA\.p2\pool\plugins\org.eclipse.m2e.maven.runtime_3.9.900.20240824-1409\jars\maven-resolver-named-locks-1.9.22.jar
2025-09-22 16:20:18,307 [Worker-33: Launching Executing clean in D__3-1_watchlist_Backend] INFO  o.eclipse.m2e.core.internal.Bundles - 	Entry: C:\Users\SHYAMALA\.p2\pool\plugins\org.eclipse.m2e.maven.runtime_3.9.900.20240824-1409\jars\maven-resolver-provider-3.9.9.jar
2025-09-22 16:20:18,308 [Worker-33: Launching Executing clean in D__3-1_watchlist_Backend] INFO  o.eclipse.m2e.core.internal.Bundles - 	Entry: C:\Users\SHYAMALA\.p2\pool\plugins\org.eclipse.m2e.maven.runtime_3.9.900.20240824-1409\jars\maven-resolver-spi-1.9.22.jar
2025-09-22 16:20:18,308 [Worker-33: Launching Executing clean in D__3-1_watchlist_Backend] INFO  o.eclipse.m2e.core.internal.Bundles - 	Entry: C:\Users\SHYAMALA\.p2\pool\plugins\org.eclipse.m2e.maven.runtime_3.9.900.20240824-1409\jars\maven-resolver-transport-file-1.9.22.jar
2025-09-22 16:20:18,308 [Worker-33: Launching Executing clean in D__3-1_watchlist_Backend] INFO  o.eclipse.m2e.core.internal.Bundles - 	Entry: C:\Users\SHYAMALA\.p2\pool\plugins\org.eclipse.m2e.maven.runtime_3.9.900.20240824-1409\jars\maven-resolver-transport-http-1.9.22.jar
2025-09-22 16:20:18,308 [Worker-33: Launching Executing clean in D__3-1_watchlist_Backend] INFO  o.eclipse.m2e.core.internal.Bundles - 	Entry: C:\Users\SHYAMALA\.p2\pool\plugins\org.eclipse.m2e.maven.runtime_3.9.900.20240824-1409\jars\maven-resolver-transport-wagon-1.9.22.jar
2025-09-22 16:20:18,308 [Worker-33: Launching Executing clean in D__3-1_watchlist_Backend] INFO  o.eclipse.m2e.core.internal.Bundles - 	Entry: C:\Users\SHYAMALA\.p2\pool\plugins\org.eclipse.m2e.maven.runtime_3.9.900.20240824-1409\jars\maven-resolver-util-1.9.22.jar
2025-09-22 16:20:18,309 [Worker-33: Launching Executing clean in D__3-1_watchlist_Backend] INFO  o.eclipse.m2e.core.internal.Bundles - 	Entry: C:\Users\SHYAMALA\.p2\pool\plugins\org.eclipse.m2e.maven.runtime_3.9.900.20240824-1409\jars\maven-settings-3.9.9.jar
2025-09-22 16:20:18,309 [Worker-33: Launching Executing clean in D__3-1_watchlist_Backend] INFO  o.eclipse.m2e.core.internal.Bundles - 	Entry: C:\Users\SHYAMALA\.p2\pool\plugins\org.eclipse.m2e.maven.runtime_3.9.900.20240824-1409\jars\maven-settings-builder-3.9.9.jar
2025-09-22 16:20:18,309 [Worker-33: Launching Executing clean in D__3-1_watchlist_Backend] INFO  o.eclipse.m2e.core.internal.Bundles - 	Entry: C:\Users\SHYAMALA\.p2\pool\plugins\org.eclipse.m2e.maven.runtime_3.9.900.20240824-1409\jars\maven-shared-utils-3.4.2.jar
2025-09-22 16:20:18,309 [Worker-33: Launching Executing clean in D__3-1_watchlist_Backend] INFO  o.eclipse.m2e.core.internal.Bundles - 	Entry: C:\Users\SHYAMALA\.p2\pool\plugins\org.eclipse.m2e.maven.runtime_3.9.900.20240824-1409\jars\org.eclipse.sisu.inject-0.9.0.M3.jar
2025-09-22 16:20:18,310 [Worker-33: Launching Executing clean in D__3-1_watchlist_Backend] INFO  o.eclipse.m2e.core.internal.Bundles - 	Entry: C:\Users\SHYAMALA\.p2\pool\plugins\org.eclipse.m2e.maven.runtime_3.9.900.20240824-1409\jars\org.eclipse.sisu.plexus-0.9.0.M3.jar
2025-09-22 16:20:18,310 [Worker-33: Launching Executing clean in D__3-1_watchlist_Backend] INFO  o.eclipse.m2e.core.internal.Bundles - 	Entry: C:\Users\SHYAMALA\.p2\pool\plugins\org.eclipse.m2e.maven.runtime_3.9.900.20240824-1409\jars\plexus-build-api-0.0.7.jar
2025-09-22 16:20:18,310 [Worker-33: Launching Executing clean in D__3-1_watchlist_Backend] INFO  o.eclipse.m2e.core.internal.Bundles - 	Entry: C:\Users\SHYAMALA\.p2\pool\plugins\org.eclipse.m2e.maven.runtime_3.9.900.20240824-1409\jars\plexus-build-api-1.2.0.jar
2025-09-22 16:20:18,310 [Worker-33: Launching Executing clean in D__3-1_watchlist_Backend] INFO  o.eclipse.m2e.core.internal.Bundles - 	Entry: C:\Users\SHYAMALA\.p2\pool\plugins\org.eclipse.m2e.maven.runtime_3.9.900.20240824-1409\jars\plexus-cipher-2.0.jar
2025-09-22 16:20:18,310 [Worker-33: Launching Executing clean in D__3-1_watchlist_Backend] INFO  o.eclipse.m2e.core.internal.Bundles - 	Entry: C:\Users\SHYAMALA\.p2\pool\plugins\org.eclipse.m2e.maven.runtime_3.9.900.20240824-1409\jars\plexus-classworlds-2.8.0.jar
2025-09-22 16:20:18,311 [Worker-33: Launching Executing clean in D__3-1_watchlist_Backend] INFO  o.eclipse.m2e.core.internal.Bundles - 	Entry: C:\Users\SHYAMALA\.p2\pool\plugins\org.eclipse.m2e.maven.runtime_3.9.900.20240824-1409\jars\plexus-component-annotations-2.1.0.jar
2025-09-22 16:20:18,311 [Worker-33: Launching Executing clean in D__3-1_watchlist_Backend] INFO  o.eclipse.m2e.core.internal.Bundles - 	Entry: C:\Users\SHYAMALA\.p2\pool\plugins\org.eclipse.m2e.maven.runtime_3.9.900.20240824-1409\jars\plexus-interpolation-1.27.jar
2025-09-22 16:20:18,311 [Worker-33: Launching Executing clean in D__3-1_watchlist_Backend] INFO  o.eclipse.m2e.core.internal.Bundles - 	Entry: C:\Users\SHYAMALA\.p2\pool\plugins\org.eclipse.m2e.maven.runtime_3.9.900.20240824-1409\jars\plexus-sec-dispatcher-2.0.jar
2025-09-22 16:20:18,311 [Worker-33: Launching Executing clean in D__3-1_watchlist_Backend] INFO  o.eclipse.m2e.core.internal.Bundles - 	Entry: C:\Users\SHYAMALA\.p2\pool\plugins\org.eclipse.m2e.maven.runtime_3.9.900.20240824-1409\jars\plexus-utils-3.5.1.jar
2025-09-22 16:20:18,312 [Worker-33: Launching Executing clean in D__3-1_watchlist_Backend] INFO  o.eclipse.m2e.core.internal.Bundles - 	Entry: C:\Users\SHYAMALA\.p2\pool\plugins\org.eclipse.m2e.maven.runtime_3.9.900.20240824-1409\jars\plexus-xml-3.0.1.jar
2025-09-22 16:20:18,312 [Worker-33: Launching Executing clean in D__3-1_watchlist_Backend] INFO  o.eclipse.m2e.core.internal.Bundles - 	Entry: C:\Users\SHYAMALA\.p2\pool\plugins\org.eclipse.m2e.maven.runtime_3.9.900.20240824-1409\jars\wagon-file-3.5.3.jar
2025-09-22 16:20:18,312 [Worker-33: Launching Executing clean in D__3-1_watchlist_Backend] INFO  o.eclipse.m2e.core.internal.Bundles - 	Entry: C:\Users\SHYAMALA\.p2\pool\plugins\org.eclipse.m2e.maven.runtime_3.9.900.20240824-1409\jars\wagon-http-3.5.3.jar
2025-09-22 16:20:18,312 [Worker-33: Launching Executing clean in D__3-1_watchlist_Backend] INFO  o.eclipse.m2e.core.internal.Bundles - 	Entry: C:\Users\SHYAMALA\.p2\pool\plugins\org.eclipse.m2e.maven.runtime_3.9.900.20240824-1409\jars\wagon-http-shared-3.5.3.jar
2025-09-22 16:20:18,313 [Worker-33: Launching Executing clean in D__3-1_watchlist_Backend] INFO  o.eclipse.m2e.core.internal.Bundles - 	Entry: C:\Users\SHYAMALA\.p2\pool\plugins\org.eclipse.m2e.maven.runtime_3.9.900.20240824-1409\jars\wagon-provider-api-3.5.3.jar
2025-09-22 16:20:18,313 [Worker-33: Launching Executing clean in D__3-1_watchlist_Backend] INFO  o.eclipse.m2e.core.internal.Bundles - getClasspathEntries(Bundle=com.google.guava_33.3.1.jre [1028])
2025-09-22 16:20:18,314 [Worker-33: Launching Executing clean in D__3-1_watchlist_Backend] INFO  o.eclipse.m2e.core.internal.Bundles - 	Entry: C:\Users\SHYAMALA\.p2\pool\plugins\com.google.guava_33.3.1.jre.jar
2025-09-22 16:20:18,314 [Worker-33: Launching Executing clean in D__3-1_watchlist_Backend] INFO  o.eclipse.m2e.core.internal.Bundles - getClasspathEntries(Bundle=slf4j.api_2.0.16 [1007])
2025-09-22 16:20:18,314 [Worker-33: Launching Executing clean in D__3-1_watchlist_Backend] INFO  o.eclipse.m2e.core.internal.Bundles - 	Entry: C:\Users\SHYAMALA\.p2\pool\plugins\slf4j.api_2.0.16.jar
2025-09-22 16:20:18,315 [Worker-33: Launching Executing clean in D__3-1_watchlist_Backend] INFO  o.eclipse.m2e.core.internal.Bundles - getClasspathEntries(Bundle=jakarta.inject.jakarta.inject-api_1.0.5 [34])
2025-09-22 16:20:18,315 [Worker-33: Launching Executing clean in D__3-1_watchlist_Backend] INFO  o.eclipse.m2e.core.internal.Bundles - 	Entry: C:\Users\SHYAMALA\.p2\pool\plugins\jakarta.inject.jakarta.inject-api_1.0.5.jar
2025-09-22 16:20:18,315 [Worker-33: Launching Executing clean in D__3-1_watchlist_Backend] INFO  o.eclipse.m2e.core.internal.Bundles - getClasspathEntries(Bundle=jakarta.annotation-api_1.3.5 [29])
2025-09-22 16:20:18,316 [Worker-33: Launching Executing clean in D__3-1_watchlist_Backend] INFO  o.eclipse.m2e.core.internal.Bundles - 	Entry: C:\Users\SHYAMALA\.p2\pool\plugins\jakarta.annotation-api_1.3.5.jar
2025-09-22 16:20:18,316 [Worker-33: Launching Executing clean in D__3-1_watchlist_Backend] INFO  o.eclipse.m2e.core.internal.Bundles - getClasspathEntries(Bundle=org.apache.commons.cli_1.9.0 [78])
2025-09-22 16:20:18,317 [Worker-33: Launching Executing clean in D__3-1_watchlist_Backend] INFO  o.eclipse.m2e.core.internal.Bundles - 	Entry: C:\Users\SHYAMALA\.p2\pool\plugins\org.apache.commons.cli_1.9.0.jar
2025-09-22 16:20:18,318 [Worker-33: Launching Executing clean in D__3-1_watchlist_Backend] INFO  o.eclipse.m2e.core.internal.Bundles - getClasspathEntries(Bundle=org.apache.commons.commons-codec_1.16.0 [81])
2025-09-22 16:20:18,318 [Worker-33: Launching Executing clean in D__3-1_watchlist_Backend] INFO  o.eclipse.m2e.core.internal.Bundles - 	Entry: C:\Users\SHYAMALA\.p2\pool\plugins\org.apache.commons.commons-codec_1.16.0.jar
2025-09-22 16:20:18,318 [Worker-33: Launching Executing clean in D__3-1_watchlist_Backend] INFO  o.eclipse.m2e.core.internal.Bundles - getClasspathEntries(Bundle=com.google.guava.failureaccess_1.0.2 [17])
2025-09-22 16:20:18,319 [Worker-33: Launching Executing clean in D__3-1_watchlist_Backend] INFO  o.eclipse.m2e.core.internal.Bundles - 	Entry: C:\Users\SHYAMALA\.p2\pool\plugins\com.google.guava.failureaccess_1.0.2.jar
2025-09-22 16:20:18,321 [Worker-33: Launching Executing clean in D__3-1_watchlist_Backend] INFO  o.e.m.i.launch.MavenLaunchDelegate - Run build in "D:\3-1\watchlist\Backend":
2025-09-22 16:20:18,321 [Worker-33: Launching Executing clean in D__3-1_watchlist_Backend] INFO  o.e.m.i.launch.MavenLaunchDelegate -  mvn  -B -Dstyle.color=always clean
2025-09-22 16:20:37,039 [Worker-33: Launching Executing clean in D__3-1_watchlist_Backend] INFO  o.eclipse.m2e.core.internal.Bundles - getClasspathEntries(Bundle=org.eclipse.m2e.maven.runtime_3.9.900.20240824-1409 [642])
2025-09-22 16:20:37,040 [Worker-33: Launching Executing clean in D__3-1_watchlist_Backend] INFO  o.eclipse.m2e.core.internal.Bundles - 	Entry: C:\Users\SHYAMALA\.p2\pool\plugins\org.eclipse.m2e.maven.runtime_3.9.900.20240824-1409
2025-09-22 16:20:37,040 [Worker-33: Launching Executing clean in D__3-1_watchlist_Backend] INFO  o.eclipse.m2e.core.internal.Bundles - 	Entry: C:\Users\SHYAMALA\.p2\pool\plugins\org.eclipse.m2e.maven.runtime_3.9.900.20240824-1409\jars\aopalliance-1.0.jar
2025-09-22 16:20:37,040 [Worker-33: Launching Executing clean in D__3-1_watchlist_Backend] INFO  o.eclipse.m2e.core.internal.Bundles - 	Entry: C:\Users\SHYAMALA\.p2\pool\plugins\org.eclipse.m2e.maven.runtime_3.9.900.20240824-1409\jars\guice-5.1.0.jar
2025-09-22 16:20:37,040 [Worker-33: Launching Executing clean in D__3-1_watchlist_Backend] INFO  o.eclipse.m2e.core.internal.Bundles - 	Entry: C:\Users\SHYAMALA\.p2\pool\plugins\org.eclipse.m2e.maven.runtime_3.9.900.20240824-1409\jars\httpclient-4.5.14.jar
2025-09-22 16:20:37,040 [Worker-33: Launching Executing clean in D__3-1_watchlist_Backend] INFO  o.eclipse.m2e.core.internal.Bundles - 	Entry: C:\Users\SHYAMALA\.p2\pool\plugins\org.eclipse.m2e.maven.runtime_3.9.900.20240824-1409\jars\httpcore-4.4.16.jar
2025-09-22 16:20:37,040 [Worker-33: Launching Executing clean in D__3-1_watchlist_Backend] INFO  o.eclipse.m2e.core.internal.Bundles - 	Entry: C:\Users\SHYAMALA\.p2\pool\plugins\org.eclipse.m2e.maven.runtime_3.9.900.20240824-1409\jars\jansi-2.4.1.jar
2025-09-22 16:20:37,040 [Worker-33: Launching Executing clean in D__3-1_watchlist_Backend] INFO  o.eclipse.m2e.core.internal.Bundles - 	Entry: C:\Users\SHYAMALA\.p2\pool\plugins\org.eclipse.m2e.maven.runtime_3.9.900.20240824-1409\jars\jcl-over-slf4j-1.7.36.jar
2025-09-22 16:20:37,041 [Worker-33: Launching Executing clean in D__3-1_watchlist_Backend] INFO  o.eclipse.m2e.core.internal.Bundles - 	Entry: C:\Users\SHYAMALA\.p2\pool\plugins\org.eclipse.m2e.maven.runtime_3.9.900.20240824-1409\jars\maven-artifact-3.9.9.jar
2025-09-22 16:20:37,041 [Worker-33: Launching Executing clean in D__3-1_watchlist_Backend] INFO  o.eclipse.m2e.core.internal.Bundles - 	Entry: C:\Users\SHYAMALA\.p2\pool\plugins\org.eclipse.m2e.maven.runtime_3.9.900.20240824-1409\jars\maven-builder-support-3.9.9.jar
2025-09-22 16:20:37,041 [Worker-33: Launching Executing clean in D__3-1_watchlist_Backend] INFO  o.eclipse.m2e.core.internal.Bundles - 	Entry: C:\Users\SHYAMALA\.p2\pool\plugins\org.eclipse.m2e.maven.runtime_3.9.900.20240824-1409\jars\maven-compat-3.9.9.jar
2025-09-22 16:20:37,041 [Worker-33: Launching Executing clean in D__3-1_watchlist_Backend] INFO  o.eclipse.m2e.core.internal.Bundles - 	Entry: C:\Users\SHYAMALA\.p2\pool\plugins\org.eclipse.m2e.maven.runtime_3.9.900.20240824-1409\jars\maven-core-3.9.9.jar
2025-09-22 16:20:37,041 [Worker-33: Launching Executing clean in D__3-1_watchlist_Backend] INFO  o.eclipse.m2e.core.internal.Bundles - 	Entry: C:\Users\SHYAMALA\.p2\pool\plugins\org.eclipse.m2e.maven.runtime_3.9.900.20240824-1409\jars\maven-embedder-3.9.9.jar
2025-09-22 16:20:37,041 [Worker-33: Launching Executing clean in D__3-1_watchlist_Backend] INFO  o.eclipse.m2e.core.internal.Bundles - 	Entry: C:\Users\SHYAMALA\.p2\pool\plugins\org.eclipse.m2e.maven.runtime_3.9.900.20240824-1409\jars\maven-model-3.9.9.jar
2025-09-22 16:20:37,042 [Worker-33: Launching Executing clean in D__3-1_watchlist_Backend] INFO  o.eclipse.m2e.core.internal.Bundles - 	Entry: C:\Users\SHYAMALA\.p2\pool\plugins\org.eclipse.m2e.maven.runtime_3.9.900.20240824-1409\jars\maven-model-builder-3.9.9.jar
2025-09-22 16:20:37,042 [Worker-33: Launching Executing clean in D__3-1_watchlist_Backend] INFO  o.eclipse.m2e.core.internal.Bundles - 	Entry: C:\Users\SHYAMALA\.p2\pool\plugins\org.eclipse.m2e.maven.runtime_3.9.900.20240824-1409\jars\maven-plugin-api-3.9.9.jar
2025-09-22 16:20:37,042 [Worker-33: Launching Executing clean in D__3-1_watchlist_Backend] INFO  o.eclipse.m2e.core.internal.Bundles - 	Entry: C:\Users\SHYAMALA\.p2\pool\plugins\org.eclipse.m2e.maven.runtime_3.9.900.20240824-1409\jars\maven-repository-metadata-3.9.9.jar
2025-09-22 16:20:37,042 [Worker-33: Launching Executing clean in D__3-1_watchlist_Backend] INFO  o.eclipse.m2e.core.internal.Bundles - 	Entry: C:\Users\SHYAMALA\.p2\pool\plugins\org.eclipse.m2e.maven.runtime_3.9.900.20240824-1409\jars\maven-resolver-api-1.9.22.jar
2025-09-22 16:20:37,042 [Worker-33: Launching Executing clean in D__3-1_watchlist_Backend] INFO  o.eclipse.m2e.core.internal.Bundles - 	Entry: C:\Users\SHYAMALA\.p2\pool\plugins\org.eclipse.m2e.maven.runtime_3.9.900.20240824-1409\jars\maven-resolver-connector-basic-1.9.22.jar
2025-09-22 16:20:37,042 [Worker-33: Launching Executing clean in D__3-1_watchlist_Backend] INFO  o.eclipse.m2e.core.internal.Bundles - 	Entry: C:\Users\SHYAMALA\.p2\pool\plugins\org.eclipse.m2e.maven.runtime_3.9.900.20240824-1409\jars\maven-resolver-impl-1.9.22.jar
2025-09-22 16:20:37,043 [Worker-33: Launching Executing clean in D__3-1_watchlist_Backend] INFO  o.eclipse.m2e.core.internal.Bundles - 	Entry: C:\Users\SHYAMALA\.p2\pool\plugins\org.eclipse.m2e.maven.runtime_3.9.900.20240824-1409\jars\maven-resolver-named-locks-1.9.22.jar
2025-09-22 16:20:37,043 [Worker-33: Launching Executing clean in D__3-1_watchlist_Backend] INFO  o.eclipse.m2e.core.internal.Bundles - 	Entry: C:\Users\SHYAMALA\.p2\pool\plugins\org.eclipse.m2e.maven.runtime_3.9.900.20240824-1409\jars\maven-resolver-provider-3.9.9.jar
2025-09-22 16:20:37,043 [Worker-33: Launching Executing clean in D__3-1_watchlist_Backend] INFO  o.eclipse.m2e.core.internal.Bundles - 	Entry: C:\Users\SHYAMALA\.p2\pool\plugins\org.eclipse.m2e.maven.runtime_3.9.900.20240824-1409\jars\maven-resolver-spi-1.9.22.jar
2025-09-22 16:20:37,044 [Worker-33: Launching Executing clean in D__3-1_watchlist_Backend] INFO  o.eclipse.m2e.core.internal.Bundles - 	Entry: C:\Users\SHYAMALA\.p2\pool\plugins\org.eclipse.m2e.maven.runtime_3.9.900.20240824-1409\jars\maven-resolver-transport-file-1.9.22.jar
2025-09-22 16:20:37,044 [Worker-33: Launching Executing clean in D__3-1_watchlist_Backend] INFO  o.eclipse.m2e.core.internal.Bundles - 	Entry: C:\Users\SHYAMALA\.p2\pool\plugins\org.eclipse.m2e.maven.runtime_3.9.900.20240824-1409\jars\maven-resolver-transport-http-1.9.22.jar
2025-09-22 16:20:37,044 [Worker-33: Launching Executing clean in D__3-1_watchlist_Backend] INFO  o.eclipse.m2e.core.internal.Bundles - 	Entry: C:\Users\SHYAMALA\.p2\pool\plugins\org.eclipse.m2e.maven.runtime_3.9.900.20240824-1409\jars\maven-resolver-transport-wagon-1.9.22.jar
2025-09-22 16:20:37,044 [Worker-33: Launching Executing clean in D__3-1_watchlist_Backend] INFO  o.eclipse.m2e.core.internal.Bundles - 	Entry: C:\Users\SHYAMALA\.p2\pool\plugins\org.eclipse.m2e.maven.runtime_3.9.900.20240824-1409\jars\maven-resolver-util-1.9.22.jar
2025-09-22 16:20:37,044 [Worker-33: Launching Executing clean in D__3-1_watchlist_Backend] INFO  o.eclipse.m2e.core.internal.Bundles - 	Entry: C:\Users\SHYAMALA\.p2\pool\plugins\org.eclipse.m2e.maven.runtime_3.9.900.20240824-1409\jars\maven-settings-3.9.9.jar
2025-09-22 16:20:37,044 [Worker-33: Launching Executing clean in D__3-1_watchlist_Backend] INFO  o.eclipse.m2e.core.internal.Bundles - 	Entry: C:\Users\SHYAMALA\.p2\pool\plugins\org.eclipse.m2e.maven.runtime_3.9.900.20240824-1409\jars\maven-settings-builder-3.9.9.jar
2025-09-22 16:20:37,045 [Worker-33: Launching Executing clean in D__3-1_watchlist_Backend] INFO  o.eclipse.m2e.core.internal.Bundles - 	Entry: C:\Users\SHYAMALA\.p2\pool\plugins\org.eclipse.m2e.maven.runtime_3.9.900.20240824-1409\jars\maven-shared-utils-3.4.2.jar
2025-09-22 16:20:37,045 [Worker-33: Launching Executing clean in D__3-1_watchlist_Backend] INFO  o.eclipse.m2e.core.internal.Bundles - 	Entry: C:\Users\SHYAMALA\.p2\pool\plugins\org.eclipse.m2e.maven.runtime_3.9.900.20240824-1409\jars\org.eclipse.sisu.inject-0.9.0.M3.jar
2025-09-22 16:20:37,045 [Worker-33: Launching Executing clean in D__3-1_watchlist_Backend] INFO  o.eclipse.m2e.core.internal.Bundles - 	Entry: C:\Users\SHYAMALA\.p2\pool\plugins\org.eclipse.m2e.maven.runtime_3.9.900.20240824-1409\jars\org.eclipse.sisu.plexus-0.9.0.M3.jar
2025-09-22 16:20:37,045 [Worker-33: Launching Executing clean in D__3-1_watchlist_Backend] INFO  o.eclipse.m2e.core.internal.Bundles - 	Entry: C:\Users\SHYAMALA\.p2\pool\plugins\org.eclipse.m2e.maven.runtime_3.9.900.20240824-1409\jars\plexus-build-api-0.0.7.jar
2025-09-22 16:20:37,045 [Worker-33: Launching Executing clean in D__3-1_watchlist_Backend] INFO  o.eclipse.m2e.core.internal.Bundles - 	Entry: C:\Users\SHYAMALA\.p2\pool\plugins\org.eclipse.m2e.maven.runtime_3.9.900.20240824-1409\jars\plexus-build-api-1.2.0.jar
2025-09-22 16:20:37,045 [Worker-33: Launching Executing clean in D__3-1_watchlist_Backend] INFO  o.eclipse.m2e.core.internal.Bundles - 	Entry: C:\Users\SHYAMALA\.p2\pool\plugins\org.eclipse.m2e.maven.runtime_3.9.900.20240824-1409\jars\plexus-cipher-2.0.jar
2025-09-22 16:20:37,046 [Worker-33: Launching Executing clean in D__3-1_watchlist_Backend] INFO  o.eclipse.m2e.core.internal.Bundles - 	Entry: C:\Users\SHYAMALA\.p2\pool\plugins\org.eclipse.m2e.maven.runtime_3.9.900.20240824-1409\jars\plexus-classworlds-2.8.0.jar
2025-09-22 16:20:37,046 [Worker-33: Launching Executing clean in D__3-1_watchlist_Backend] INFO  o.eclipse.m2e.core.internal.Bundles - 	Entry: C:\Users\SHYAMALA\.p2\pool\plugins\org.eclipse.m2e.maven.runtime_3.9.900.20240824-1409\jars\plexus-component-annotations-2.1.0.jar
2025-09-22 16:20:37,046 [Worker-33: Launching Executing clean in D__3-1_watchlist_Backend] INFO  o.eclipse.m2e.core.internal.Bundles - 	Entry: C:\Users\SHYAMALA\.p2\pool\plugins\org.eclipse.m2e.maven.runtime_3.9.900.20240824-1409\jars\plexus-interpolation-1.27.jar
2025-09-22 16:20:37,046 [Worker-33: Launching Executing clean in D__3-1_watchlist_Backend] INFO  o.eclipse.m2e.core.internal.Bundles - 	Entry: C:\Users\SHYAMALA\.p2\pool\plugins\org.eclipse.m2e.maven.runtime_3.9.900.20240824-1409\jars\plexus-sec-dispatcher-2.0.jar
2025-09-22 16:20:37,046 [Worker-33: Launching Executing clean in D__3-1_watchlist_Backend] INFO  o.eclipse.m2e.core.internal.Bundles - 	Entry: C:\Users\SHYAMALA\.p2\pool\plugins\org.eclipse.m2e.maven.runtime_3.9.900.20240824-1409\jars\plexus-utils-3.5.1.jar
2025-09-22 16:20:37,047 [Worker-33: Launching Executing clean in D__3-1_watchlist_Backend] INFO  o.eclipse.m2e.core.internal.Bundles - 	Entry: C:\Users\SHYAMALA\.p2\pool\plugins\org.eclipse.m2e.maven.runtime_3.9.900.20240824-1409\jars\plexus-xml-3.0.1.jar
2025-09-22 16:20:37,047 [Worker-33: Launching Executing clean in D__3-1_watchlist_Backend] INFO  o.eclipse.m2e.core.internal.Bundles - 	Entry: C:\Users\SHYAMALA\.p2\pool\plugins\org.eclipse.m2e.maven.runtime_3.9.900.20240824-1409\jars\wagon-file-3.5.3.jar
2025-09-22 16:20:37,047 [Worker-33: Launching Executing clean in D__3-1_watchlist_Backend] INFO  o.eclipse.m2e.core.internal.Bundles - 	Entry: C:\Users\SHYAMALA\.p2\pool\plugins\org.eclipse.m2e.maven.runtime_3.9.900.20240824-1409\jars\wagon-http-3.5.3.jar
2025-09-22 16:20:37,047 [Worker-33: Launching Executing clean in D__3-1_watchlist_Backend] INFO  o.eclipse.m2e.core.internal.Bundles - 	Entry: C:\Users\SHYAMALA\.p2\pool\plugins\org.eclipse.m2e.maven.runtime_3.9.900.20240824-1409\jars\wagon-http-shared-3.5.3.jar
2025-09-22 16:20:37,047 [Worker-33: Launching Executing clean in D__3-1_watchlist_Backend] INFO  o.eclipse.m2e.core.internal.Bundles - 	Entry: C:\Users\SHYAMALA\.p2\pool\plugins\org.eclipse.m2e.maven.runtime_3.9.900.20240824-1409\jars\wagon-provider-api-3.5.3.jar
2025-09-22 16:20:37,048 [Worker-33: Launching Executing clean in D__3-1_watchlist_Backend] INFO  o.eclipse.m2e.core.internal.Bundles - getClasspathEntries(Bundle=com.google.guava_33.3.1.jre [1028])
2025-09-22 16:20:37,048 [Worker-33: Launching Executing clean in D__3-1_watchlist_Backend] INFO  o.eclipse.m2e.core.internal.Bundles - 	Entry: C:\Users\SHYAMALA\.p2\pool\plugins\com.google.guava_33.3.1.jre.jar
2025-09-22 16:20:37,049 [Worker-33: Launching Executing clean in D__3-1_watchlist_Backend] INFO  o.eclipse.m2e.core.internal.Bundles - getClasspathEntries(Bundle=slf4j.api_2.0.16 [1007])
2025-09-22 16:20:37,049 [Worker-33: Launching Executing clean in D__3-1_watchlist_Backend] INFO  o.eclipse.m2e.core.internal.Bundles - 	Entry: C:\Users\SHYAMALA\.p2\pool\plugins\slf4j.api_2.0.16.jar
2025-09-22 16:20:37,049 [Worker-33: Launching Executing clean in D__3-1_watchlist_Backend] INFO  o.eclipse.m2e.core.internal.Bundles - getClasspathEntries(Bundle=jakarta.inject.jakarta.inject-api_1.0.5 [34])
2025-09-22 16:20:37,050 [Worker-33: Launching Executing clean in D__3-1_watchlist_Backend] INFO  o.eclipse.m2e.core.internal.Bundles - 	Entry: C:\Users\SHYAMALA\.p2\pool\plugins\jakarta.inject.jakarta.inject-api_1.0.5.jar
2025-09-22 16:20:37,050 [Worker-33: Launching Executing clean in D__3-1_watchlist_Backend] INFO  o.eclipse.m2e.core.internal.Bundles - getClasspathEntries(Bundle=jakarta.annotation-api_1.3.5 [29])
2025-09-22 16:20:37,050 [Worker-33: Launching Executing clean in D__3-1_watchlist_Backend] INFO  o.eclipse.m2e.core.internal.Bundles - 	Entry: C:\Users\SHYAMALA\.p2\pool\plugins\jakarta.annotation-api_1.3.5.jar
2025-09-22 16:20:37,050 [Worker-33: Launching Executing clean in D__3-1_watchlist_Backend] INFO  o.eclipse.m2e.core.internal.Bundles - getClasspathEntries(Bundle=org.apache.commons.cli_1.9.0 [78])
2025-09-22 16:20:37,050 [Worker-33: Launching Executing clean in D__3-1_watchlist_Backend] INFO  o.eclipse.m2e.core.internal.Bundles - 	Entry: C:\Users\SHYAMALA\.p2\pool\plugins\org.apache.commons.cli_1.9.0.jar
2025-09-22 16:20:37,050 [Worker-33: Launching Executing clean in D__3-1_watchlist_Backend] INFO  o.eclipse.m2e.core.internal.Bundles - getClasspathEntries(Bundle=org.apache.commons.commons-codec_1.16.0 [81])
2025-09-22 16:20:37,051 [Worker-33: Launching Executing clean in D__3-1_watchlist_Backend] INFO  o.eclipse.m2e.core.internal.Bundles - 	Entry: C:\Users\SHYAMALA\.p2\pool\plugins\org.apache.commons.commons-codec_1.16.0.jar
2025-09-22 16:20:37,051 [Worker-33: Launching Executing clean in D__3-1_watchlist_Backend] INFO  o.eclipse.m2e.core.internal.Bundles - getClasspathEntries(Bundle=com.google.guava.failureaccess_1.0.2 [17])
2025-09-22 16:20:37,051 [Worker-33: Launching Executing clean in D__3-1_watchlist_Backend] INFO  o.eclipse.m2e.core.internal.Bundles - 	Entry: C:\Users\SHYAMALA\.p2\pool\plugins\com.google.guava.failureaccess_1.0.2.jar
2025-09-22 16:20:37,053 [Worker-33: Launching Executing clean in D__3-1_watchlist_Backend] INFO  o.e.m.i.launch.MavenLaunchDelegate - Run build in "D:\3-1\watchlist\Backend":
2025-09-22 16:20:37,053 [Worker-33: Launching Executing clean in D__3-1_watchlist_Backend] INFO  o.e.m.i.launch.MavenLaunchDelegate -  mvn  -B -Dstyle.color=always clean
2025-09-22 16:20:39,755 [Worker-37: Building] INFO  o.a.m.s.f.DefaultMavenResourcesFiltering - Copying 1 resource from src\main\resources to target\classes
2025-09-22 16:20:39,759 [Worker-37: Building] INFO  o.a.m.s.f.DefaultMavenResourcesFiltering - Copying 0 resource from src\main\resources to target\classes
2025-09-22 16:20:39,763 [Worker-37: Building] INFO  o.a.m.s.f.DefaultMavenResourcesFiltering - Copying 0 resource from src\test\resources to target\test-classes
2025-09-22 16:20:39,764 [Worker-37: Building] INFO  o.e.m.w.i.f.ResourceFilteringBuildParticipant - Changed resources require a complete clean of filtered resources of Backend
2025-09-22 16:20:39,764 [Worker-37: Building] INFO  o.e.m.w.i.f.ResourceFilteringBuildParticipant - Executing resource filtering for Backend
2025-09-22 16:24:02,735 [Worker-39: Building] INFO  o.e.m.c.i.e.AbstractTransferListenerAdapter - Downloading https://repo.maven.apache.org/maven2/org/springframework/boot/spring-boot-starter-validation/3.5.5/spring-boot-starter-validation-3.5.5.pom
2025-09-22 16:24:02,818 [Worker-39: Building] INFO  o.e.m.c.i.e.AbstractTransferListenerAdapter - Downloaded https://repo.maven.apache.org/maven2/org/springframework/boot/spring-boot-starter-validation/3.5.5/spring-boot-starter-validation-3.5.5.pom
2025-09-22 16:24:03,827 [Worker-39: Building] INFO  o.e.m.c.i.e.AbstractTransferListenerAdapter - Downloading https://repo.maven.apache.org/maven2/org/hibernate/validator/hibernate-validator/8.0.3.Final/hibernate-validator-8.0.3.Final.pom
2025-09-22 16:24:03,874 [Worker-39: Building] INFO  o.e.m.c.i.e.AbstractTransferListenerAdapter - Downloaded https://repo.maven.apache.org/maven2/org/hibernate/validator/hibernate-validator/8.0.3.Final/hibernate-validator-8.0.3.Final.pom
2025-09-22 16:24:03,952 [Worker-39: Building] INFO  o.e.m.c.i.e.AbstractTransferListenerAdapter - Downloading https://repo.maven.apache.org/maven2/jakarta/validation/jakarta.validation-api/3.0.2/jakarta.validation-api-3.0.2.pom
2025-09-22 16:24:03,970 [Worker-39: Building] INFO  o.e.m.c.i.e.AbstractTransferListenerAdapter - Downloaded https://repo.maven.apache.org/maven2/jakarta/validation/jakarta.validation-api/3.0.2/jakarta.validation-api-3.0.2.pom
2025-09-22 16:24:04,280 [Worker-39: Building] INFO  o.e.m.c.i.e.AbstractTransferListenerAdapter - Downloading https://repo.maven.apache.org/maven2/org/springframework/boot/spring-boot-starter-validation/3.5.5/spring-boot-starter-validation-3.5.5.jar
2025-09-22 16:24:04,297 [Worker-39: Building] INFO  o.e.m.c.i.e.AbstractTransferListenerAdapter - Downloaded https://repo.maven.apache.org/maven2/org/springframework/boot/spring-boot-starter-validation/3.5.5/spring-boot-starter-validation-3.5.5.jar
2025-09-22 16:24:04,330 [BasicRepositoryConnector-repo.maven.apache.org-0-0] INFO  o.e.m.c.i.e.AbstractTransferListenerAdapter - Downloading https://repo.maven.apache.org/maven2/org/hibernate/validator/hibernate-validator/8.0.3.Final/hibernate-validator-8.0.3.Final.jar
2025-09-22 16:24:04,435 [BasicRepositoryConnector-repo.maven.apache.org-0-1] INFO  o.e.m.c.i.e.AbstractTransferListenerAdapter - Downloading https://repo.maven.apache.org/maven2/jakarta/validation/jakarta.validation-api/3.0.2/jakarta.validation-api-3.0.2.jar
2025-09-22 16:24:04,573 [BasicRepositoryConnector-repo.maven.apache.org-0-1] INFO  o.e.m.c.i.e.AbstractTransferListenerAdapter - Downloaded https://repo.maven.apache.org/maven2/jakarta/validation/jakarta.validation-api/3.0.2/jakarta.validation-api-3.0.2.jar
2025-09-22 16:24:07,215 [BasicRepositoryConnector-repo.maven.apache.org-0-0] INFO  o.e.m.c.i.e.AbstractTransferListenerAdapter - Downloaded https://repo.maven.apache.org/maven2/org/hibernate/validator/hibernate-validator/8.0.3.Final/hibernate-validator-8.0.3.Final.jar
2025-09-22 16:24:07,412 [Worker-39: Building] INFO  o.e.m.c.i.l.LifecycleMappingFactory - Using org.maven.ide.eclipse.wtp.WarLifecycleMapping lifecycle mapping for MavenProject: com.example:ART_GALLERY:0.0.1-SNAPSHOT @ D:\3-1\watchlist\Backend\pom.xml.
2025-09-22 16:24:08,221 [Worker-39: Building] INFO  o.a.m.s.f.DefaultMavenResourcesFiltering - Copying 0 resource from src\main\resources to target\classes
2025-09-22 16:24:08,221 [Worker-39: Building] INFO  o.a.m.s.f.DefaultMavenResourcesFiltering - Copying 0 resource from src\main\resources to target\classes
2025-09-22 16:24:08,228 [Worker-39: Building] INFO  o.a.m.s.f.DefaultMavenResourcesFiltering - Copying 0 resource from src\test\resources to target\test-classes
2025-09-22 16:24:08,228 [Worker-39: Building] INFO  o.e.m.w.i.f.ResourceFilteringBuildParticipant - Changed resources require a complete clean of filtered resources of Backend
2025-09-22 16:24:08,228 [Worker-39: Building] INFO  o.e.m.w.i.f.ResourceFilteringBuildParticipant - Executing resource filtering for Backend
2025-09-22 16:24:09,027 [Worker-38: Download sources and javadoc] INFO  o.e.m.c.i.e.AbstractTransferListenerAdapter - Downloading https://repo.maven.apache.org/maven2/org/springframework/boot/spring-boot-starter-security/3.5.5/spring-boot-starter-security-3.5.5-sources.jar
2025-09-22 16:24:09,086 [Worker-38: Download sources and javadoc] INFO  o.e.m.c.i.e.AbstractTransferListenerAdapter - Downloaded https://repo.maven.apache.org/maven2/org/springframework/boot/spring-boot-starter-security/3.5.5/spring-boot-starter-security-3.5.5-sources.jar
2025-09-22 16:24:09,134 [Worker-38: Download sources and javadoc] INFO  o.e.m.j.internal.DownloadSourcesJob - Downloaded sources for org.springframework.boot:spring-boot-starter-security:3.5.5
2025-09-22 16:24:09,703 [Worker-38: Download sources and javadoc] INFO  o.e.m.c.i.e.AbstractTransferListenerAdapter - Downloading https://repo.maven.apache.org/maven2/org/springframework/security/spring-security-config/6.5.3/spring-security-config-6.5.3-sources.jar
2025-09-22 16:24:11,412 [Worker-38: Download sources and javadoc] INFO  o.e.m.c.i.e.AbstractTransferListenerAdapter - Downloaded https://repo.maven.apache.org/maven2/org/springframework/security/spring-security-config/6.5.3/spring-security-config-6.5.3-sources.jar
2025-09-22 16:24:11,428 [Worker-38: Download sources and javadoc] INFO  o.e.m.j.internal.DownloadSourcesJob - Downloaded sources for org.springframework.security:spring-security-config:6.5.3
2025-09-22 16:24:11,757 [Worker-38: Download sources and javadoc] INFO  o.e.m.c.i.e.AbstractTransferListenerAdapter - Downloading https://repo.maven.apache.org/maven2/org/springframework/security/spring-security-core/6.5.3/spring-security-core-6.5.3-sources.jar
2025-09-22 16:24:11,840 [Worker-45: Updating Maven Project] INFO  o.e.m.c.i.p.ProjectConfigurationManager - Update started
2025-09-22 16:24:12,401 [Worker-45: Updating Maven Project] INFO  o.e.m.c.i.l.LifecycleMappingFactory - Using org.maven.ide.eclipse.wtp.WarLifecycleMapping lifecycle mapping for MavenProject: com.example:ART_GALLERY:0.0.1-SNAPSHOT @ D:\3-1\watchlist\Backend\pom.xml.
2025-09-22 16:24:12,801 [Worker-38: Download sources and javadoc] INFO  o.e.m.c.i.e.AbstractTransferListenerAdapter - Downloaded https://repo.maven.apache.org/maven2/org/springframework/security/spring-security-core/6.5.3/spring-security-core-6.5.3-sources.jar
2025-09-22 16:24:12,817 [Worker-38: Download sources and javadoc] INFO  o.e.m.j.internal.DownloadSourcesJob - Downloaded sources for org.springframework.security:spring-security-core:6.5.3
2025-09-22 16:24:12,893 [Worker-38: Download sources and javadoc] INFO  o.e.m.c.i.e.AbstractTransferListenerAdapter - Downloading https://repo.maven.apache.org/maven2/org/springframework/security/spring-security-crypto/6.5.3/spring-security-crypto-6.5.3-sources.jar
2025-09-22 16:24:12,936 [Worker-38: Download sources and javadoc] INFO  o.e.m.c.i.e.AbstractTransferListenerAdapter - Downloaded https://repo.maven.apache.org/maven2/org/springframework/security/spring-security-crypto/6.5.3/spring-security-crypto-6.5.3-sources.jar
2025-09-22 16:24:13,000 [Worker-38: Download sources and javadoc] INFO  o.e.m.j.internal.DownloadSourcesJob - Downloaded sources for org.springframework.security:spring-security-crypto:6.5.3
2025-09-22 16:24:13,068 [Worker-38: Download sources and javadoc] INFO  o.e.m.c.i.e.AbstractTransferListenerAdapter - Downloading https://repo.maven.apache.org/maven2/org/springframework/security/spring-security-web/6.5.3/spring-security-web-6.5.3-sources.jar
2025-09-22 16:24:13,505 [Worker-45: Updating Maven Project] INFO  o.e.m.j.i.AbstractJavaProjectConfigurator - Adding source folder /Backend/src/main/java
2025-09-22 16:24:13,505 [Worker-45: Updating Maven Project] INFO  o.e.m.j.i.AbstractJavaProjectConfigurator - Adding resource folder /Backend/src/main/resources
2025-09-22 16:24:13,506 [Worker-45: Updating Maven Project] INFO  o.e.m.j.i.AbstractJavaProjectConfigurator - Adding resource folder /Backend/src/main/resources
2025-09-22 16:24:13,507 [Worker-45: Updating Maven Project] INFO  o.e.m.j.i.AbstractJavaProjectConfigurator - Adding source folder /Backend/src/test/java
2025-09-22 16:24:13,508 [Worker-45: Updating Maven Project] INFO  o.e.m.j.i.AbstractJavaProjectConfigurator - Adding resource folder /Backend/src/test/resources
2025-09-22 16:24:14,198 [Worker-38: Download sources and javadoc] INFO  o.e.m.c.i.e.AbstractTransferListenerAdapter - Downloaded https://repo.maven.apache.org/maven2/org/springframework/security/spring-security-web/6.5.3/spring-security-web-6.5.3-sources.jar
2025-09-22 16:24:14,206 [Worker-38: Download sources and javadoc] INFO  o.e.m.j.internal.DownloadSourcesJob - Downloaded sources for org.springframework.security:spring-security-web:6.5.3
2025-09-22 16:24:14,560 [Worker-38: Download sources and javadoc] INFO  o.e.m.c.i.e.AbstractTransferListenerAdapter - Downloading https://repo.maven.apache.org/maven2/org/projectlombok/lombok/1.18.30/lombok-1.18.30-sources.jar
2025-09-22 16:24:14,938 [Worker-45: Updating Maven Project] INFO  o.e.m.w.i.f.ResourceFilteringBuildParticipant - Cleaning filtered folder for Backend
2025-09-22 16:24:14,990 [Worker-45: Updating Maven Project] INFO  o.e.m.c.i.p.ProjectConfigurationManager - Update completed for 1 poms: local refresh takes 0.00 sec, refresh facades takes 1.00 sec, update config takes 1.00 sec 
2025-09-22 16:24:14,994 [Worker-54: Updating Maven Project] INFO  o.e.m.c.i.p.ProjectConfigurationManager - Update started
2025-09-22 16:24:15,531 [Worker-54: Updating Maven Project] INFO  o.e.m.c.i.l.LifecycleMappingFactory - Using org.maven.ide.eclipse.wtp.WarLifecycleMapping lifecycle mapping for MavenProject: com.example:ART_GALLERY:0.0.1-SNAPSHOT @ D:\3-1\watchlist\Backend\pom.xml.
2025-09-22 16:24:16,379 [Worker-54: Updating Maven Project] INFO  o.e.m.j.i.AbstractJavaProjectConfigurator - Adding source folder /Backend/src/main/java
2025-09-22 16:24:16,381 [Worker-54: Updating Maven Project] INFO  o.e.m.j.i.AbstractJavaProjectConfigurator - Adding resource folder /Backend/src/main/resources
2025-09-22 16:24:16,382 [Worker-54: Updating Maven Project] INFO  o.e.m.j.i.AbstractJavaProjectConfigurator - Adding resource folder /Backend/src/main/resources
2025-09-22 16:24:16,383 [Worker-54: Updating Maven Project] INFO  o.e.m.j.i.AbstractJavaProjectConfigurator - Adding source folder /Backend/src/test/java
2025-09-22 16:24:16,384 [Worker-54: Updating Maven Project] INFO  o.e.m.j.i.AbstractJavaProjectConfigurator - Adding resource folder /Backend/src/test/resources
2025-09-22 16:24:16,401 [Worker-38: Download sources and javadoc] INFO  o.e.m.c.i.e.AbstractTransferListenerAdapter - Downloaded https://repo.maven.apache.org/maven2/org/projectlombok/lombok/1.18.30/lombok-1.18.30-sources.jar
2025-09-22 16:24:16,410 [Worker-38: Download sources and javadoc] INFO  o.e.m.j.internal.DownloadSourcesJob - Downloaded sources for org.projectlombok:lombok:1.18.30
2025-09-22 16:24:16,489 [Worker-38: Download sources and javadoc] INFO  o.e.m.c.i.e.AbstractTransferListenerAdapter - Downloading https://repo.maven.apache.org/maven2/org/springframework/boot/spring-boot-starter-validation/3.5.5/spring-boot-starter-validation-3.5.5-sources.jar
2025-09-22 16:24:16,505 [Worker-38: Download sources and javadoc] INFO  o.e.m.c.i.e.AbstractTransferListenerAdapter - Downloaded https://repo.maven.apache.org/maven2/org/springframework/boot/spring-boot-starter-validation/3.5.5/spring-boot-starter-validation-3.5.5-sources.jar
2025-09-22 16:24:16,515 [Worker-38: Download sources and javadoc] INFO  o.e.m.j.internal.DownloadSourcesJob - Downloaded sources for org.springframework.boot:spring-boot-starter-validation:3.5.5
2025-09-22 16:24:16,703 [Worker-38: Download sources and javadoc] INFO  o.e.m.c.i.e.AbstractTransferListenerAdapter - Downloading https://repo.maven.apache.org/maven2/org/hibernate/validator/hibernate-validator/8.0.3.Final/hibernate-validator-8.0.3.Final-sources.jar
2025-09-22 16:24:17,465 [Worker-54: Updating Maven Project] INFO  o.e.m.c.i.p.ProjectConfigurationManager - Update completed for 1 poms: local refresh takes 0.00 sec, refresh facades takes 1.00 sec, update config takes 1.00 sec 
2025-09-22 16:24:17,503 [Worker-40: Updating Maven Project] INFO  o.e.m.c.i.p.ProjectConfigurationManager - Update started
2025-09-22 16:24:17,915 [Worker-40: Updating Maven Project] INFO  o.e.m.c.i.l.LifecycleMappingFactory - Using org.maven.ide.eclipse.wtp.WarLifecycleMapping lifecycle mapping for MavenProject: com.example:ART_GALLERY:0.0.1-SNAPSHOT @ D:\3-1\watchlist\Backend\pom.xml.
2025-09-22 16:24:18,161 [Worker-38: Download sources and javadoc] INFO  o.e.m.c.i.e.AbstractTransferListenerAdapter - Downloaded https://repo.maven.apache.org/maven2/org/hibernate/validator/hibernate-validator/8.0.3.Final/hibernate-validator-8.0.3.Final-sources.jar
2025-09-22 16:24:18,168 [Worker-38: Download sources and javadoc] INFO  o.e.m.j.internal.DownloadSourcesJob - Downloaded sources for org.hibernate.validator:hibernate-validator:8.0.3.Final
2025-09-22 16:24:18,242 [Worker-38: Download sources and javadoc] INFO  o.e.m.c.i.e.AbstractTransferListenerAdapter - Downloading https://repo.maven.apache.org/maven2/jakarta/validation/jakarta.validation-api/3.0.2/jakarta.validation-api-3.0.2-sources.jar
2025-09-22 16:24:18,304 [Worker-38: Download sources and javadoc] INFO  o.e.m.c.i.e.AbstractTransferListenerAdapter - Downloaded https://repo.maven.apache.org/maven2/jakarta/validation/jakarta.validation-api/3.0.2/jakarta.validation-api-3.0.2-sources.jar
2025-09-22 16:24:18,309 [Worker-38: Download sources and javadoc] INFO  o.e.m.j.internal.DownloadSourcesJob - Downloaded sources for jakarta.validation:jakarta.validation-api:3.0.2
2025-09-22 16:24:18,623 [Worker-40: Updating Maven Project] INFO  o.e.m.j.i.AbstractJavaProjectConfigurator - Adding source folder /Backend/src/main/java
2025-09-22 16:24:18,624 [Worker-40: Updating Maven Project] INFO  o.e.m.j.i.AbstractJavaProjectConfigurator - Adding resource folder /Backend/src/main/resources
2025-09-22 16:24:18,625 [Worker-40: Updating Maven Project] INFO  o.e.m.j.i.AbstractJavaProjectConfigurator - Adding resource folder /Backend/src/main/resources
2025-09-22 16:24:18,626 [Worker-40: Updating Maven Project] INFO  o.e.m.j.i.AbstractJavaProjectConfigurator - Adding source folder /Backend/src/test/java
2025-09-22 16:24:18,627 [Worker-40: Updating Maven Project] INFO  o.e.m.j.i.AbstractJavaProjectConfigurator - Adding resource folder /Backend/src/test/resources
2025-09-22 16:24:19,881 [Worker-40: Updating Maven Project] INFO  o.e.m.w.i.f.ResourceFilteringBuildParticipant - Cleaning filtered folder for Backend
2025-09-22 16:24:19,906 [Worker-40: Updating Maven Project] INFO  o.e.m.c.i.p.ProjectConfigurationManager - Update completed for 1 poms: local refresh takes 0.00 sec, refresh facades takes 1.00 sec, update config takes 1.00 sec 
2025-09-22 16:24:20,770 [Worker-48: Building] INFO  o.a.m.s.f.DefaultMavenResourcesFiltering - Copying 1 resource from src\main\resources to target\classes
2025-09-22 16:24:20,787 [Worker-48: Building] INFO  o.a.m.s.f.DefaultMavenResourcesFiltering - Copying 0 resource from src\main\resources to target\classes
2025-09-22 16:24:20,791 [Worker-48: Building] INFO  o.a.m.s.f.DefaultMavenResourcesFiltering - Copying 0 resource from src\test\resources to target\test-classes
2025-09-22 16:24:20,792 [Worker-48: Building] INFO  o.e.m.w.i.f.ResourceFilteringBuildParticipant - Changed resources require a complete clean of filtered resources of Backend
2025-09-22 16:24:20,792 [Worker-48: Building] INFO  o.e.m.w.i.f.ResourceFilteringBuildParticipant - Executing resource filtering for Backend
2025-09-22 16:24:28,689 [Worker-53: Launching Executing clean in D__3-1_watchlist_Backend] INFO  o.eclipse.m2e.core.internal.Bundles - getClasspathEntries(Bundle=org.eclipse.m2e.maven.runtime_3.9.900.20240824-1409 [642])
2025-09-22 16:24:28,690 [Worker-53: Launching Executing clean in D__3-1_watchlist_Backend] INFO  o.eclipse.m2e.core.internal.Bundles - 	Entry: C:\Users\SHYAMALA\.p2\pool\plugins\org.eclipse.m2e.maven.runtime_3.9.900.20240824-1409
2025-09-22 16:24:28,691 [Worker-53: Launching Executing clean in D__3-1_watchlist_Backend] INFO  o.eclipse.m2e.core.internal.Bundles - 	Entry: C:\Users\SHYAMALA\.p2\pool\plugins\org.eclipse.m2e.maven.runtime_3.9.900.20240824-1409\jars\aopalliance-1.0.jar
2025-09-22 16:24:28,691 [Worker-53: Launching Executing clean in D__3-1_watchlist_Backend] INFO  o.eclipse.m2e.core.internal.Bundles - 	Entry: C:\Users\SHYAMALA\.p2\pool\plugins\org.eclipse.m2e.maven.runtime_3.9.900.20240824-1409\jars\guice-5.1.0.jar
2025-09-22 16:24:28,691 [Worker-53: Launching Executing clean in D__3-1_watchlist_Backend] INFO  o.eclipse.m2e.core.internal.Bundles - 	Entry: C:\Users\SHYAMALA\.p2\pool\plugins\org.eclipse.m2e.maven.runtime_3.9.900.20240824-1409\jars\httpclient-4.5.14.jar
2025-09-22 16:24:28,691 [Worker-53: Launching Executing clean in D__3-1_watchlist_Backend] INFO  o.eclipse.m2e.core.internal.Bundles - 	Entry: C:\Users\SHYAMALA\.p2\pool\plugins\org.eclipse.m2e.maven.runtime_3.9.900.20240824-1409\jars\httpcore-4.4.16.jar
2025-09-22 16:24:28,692 [Worker-53: Launching Executing clean in D__3-1_watchlist_Backend] INFO  o.eclipse.m2e.core.internal.Bundles - 	Entry: C:\Users\SHYAMALA\.p2\pool\plugins\org.eclipse.m2e.maven.runtime_3.9.900.20240824-1409\jars\jansi-2.4.1.jar
2025-09-22 16:24:28,692 [Worker-53: Launching Executing clean in D__3-1_watchlist_Backend] INFO  o.eclipse.m2e.core.internal.Bundles - 	Entry: C:\Users\SHYAMALA\.p2\pool\plugins\org.eclipse.m2e.maven.runtime_3.9.900.20240824-1409\jars\jcl-over-slf4j-1.7.36.jar
2025-09-22 16:24:28,692 [Worker-53: Launching Executing clean in D__3-1_watchlist_Backend] INFO  o.eclipse.m2e.core.internal.Bundles - 	Entry: C:\Users\SHYAMALA\.p2\pool\plugins\org.eclipse.m2e.maven.runtime_3.9.900.20240824-1409\jars\maven-artifact-3.9.9.jar
2025-09-22 16:24:28,692 [Worker-53: Launching Executing clean in D__3-1_watchlist_Backend] INFO  o.eclipse.m2e.core.internal.Bundles - 	Entry: C:\Users\SHYAMALA\.p2\pool\plugins\org.eclipse.m2e.maven.runtime_3.9.900.20240824-1409\jars\maven-builder-support-3.9.9.jar
2025-09-22 16:24:28,692 [Worker-53: Launching Executing clean in D__3-1_watchlist_Backend] INFO  o.eclipse.m2e.core.internal.Bundles - 	Entry: C:\Users\SHYAMALA\.p2\pool\plugins\org.eclipse.m2e.maven.runtime_3.9.900.20240824-1409\jars\maven-compat-3.9.9.jar
2025-09-22 16:24:28,692 [Worker-53: Launching Executing clean in D__3-1_watchlist_Backend] INFO  o.eclipse.m2e.core.internal.Bundles - 	Entry: C:\Users\SHYAMALA\.p2\pool\plugins\org.eclipse.m2e.maven.runtime_3.9.900.20240824-1409\jars\maven-core-3.9.9.jar
2025-09-22 16:24:28,692 [Worker-53: Launching Executing clean in D__3-1_watchlist_Backend] INFO  o.eclipse.m2e.core.internal.Bundles - 	Entry: C:\Users\SHYAMALA\.p2\pool\plugins\org.eclipse.m2e.maven.runtime_3.9.900.20240824-1409\jars\maven-embedder-3.9.9.jar
2025-09-22 16:24:28,692 [Worker-53: Launching Executing clean in D__3-1_watchlist_Backend] INFO  o.eclipse.m2e.core.internal.Bundles - 	Entry: C:\Users\SHYAMALA\.p2\pool\plugins\org.eclipse.m2e.maven.runtime_3.9.900.20240824-1409\jars\maven-model-3.9.9.jar
2025-09-22 16:24:28,693 [Worker-53: Launching Executing clean in D__3-1_watchlist_Backend] INFO  o.eclipse.m2e.core.internal.Bundles - 	Entry: C:\Users\SHYAMALA\.p2\pool\plugins\org.eclipse.m2e.maven.runtime_3.9.900.20240824-1409\jars\maven-model-builder-3.9.9.jar
2025-09-22 16:24:28,693 [Worker-53: Launching Executing clean in D__3-1_watchlist_Backend] INFO  o.eclipse.m2e.core.internal.Bundles - 	Entry: C:\Users\SHYAMALA\.p2\pool\plugins\org.eclipse.m2e.maven.runtime_3.9.900.20240824-1409\jars\maven-plugin-api-3.9.9.jar
2025-09-22 16:24:28,693 [Worker-53: Launching Executing clean in D__3-1_watchlist_Backend] INFO  o.eclipse.m2e.core.internal.Bundles - 	Entry: C:\Users\SHYAMALA\.p2\pool\plugins\org.eclipse.m2e.maven.runtime_3.9.900.20240824-1409\jars\maven-repository-metadata-3.9.9.jar
2025-09-22 16:24:28,693 [Worker-53: Launching Executing clean in D__3-1_watchlist_Backend] INFO  o.eclipse.m2e.core.internal.Bundles - 	Entry: C:\Users\SHYAMALA\.p2\pool\plugins\org.eclipse.m2e.maven.runtime_3.9.900.20240824-1409\jars\maven-resolver-api-1.9.22.jar
2025-09-22 16:24:28,693 [Worker-53: Launching Executing clean in D__3-1_watchlist_Backend] INFO  o.eclipse.m2e.core.internal.Bundles - 	Entry: C:\Users\SHYAMALA\.p2\pool\plugins\org.eclipse.m2e.maven.runtime_3.9.900.20240824-1409\jars\maven-resolver-connector-basic-1.9.22.jar
2025-09-22 16:24:28,693 [Worker-53: Launching Executing clean in D__3-1_watchlist_Backend] INFO  o.eclipse.m2e.core.internal.Bundles - 	Entry: C:\Users\SHYAMALA\.p2\pool\plugins\org.eclipse.m2e.maven.runtime_3.9.900.20240824-1409\jars\maven-resolver-impl-1.9.22.jar
2025-09-22 16:24:28,693 [Worker-53: Launching Executing clean in D__3-1_watchlist_Backend] INFO  o.eclipse.m2e.core.internal.Bundles - 	Entry: C:\Users\SHYAMALA\.p2\pool\plugins\org.eclipse.m2e.maven.runtime_3.9.900.20240824-1409\jars\maven-resolver-named-locks-1.9.22.jar
2025-09-22 16:24:28,694 [Worker-53: Launching Executing clean in D__3-1_watchlist_Backend] INFO  o.eclipse.m2e.core.internal.Bundles - 	Entry: C:\Users\SHYAMALA\.p2\pool\plugins\org.eclipse.m2e.maven.runtime_3.9.900.20240824-1409\jars\maven-resolver-provider-3.9.9.jar
2025-09-22 16:24:28,694 [Worker-53: Launching Executing clean in D__3-1_watchlist_Backend] INFO  o.eclipse.m2e.core.internal.Bundles - 	Entry: C:\Users\SHYAMALA\.p2\pool\plugins\org.eclipse.m2e.maven.runtime_3.9.900.20240824-1409\jars\maven-resolver-spi-1.9.22.jar
2025-09-22 16:24:28,694 [Worker-53: Launching Executing clean in D__3-1_watchlist_Backend] INFO  o.eclipse.m2e.core.internal.Bundles - 	Entry: C:\Users\SHYAMALA\.p2\pool\plugins\org.eclipse.m2e.maven.runtime_3.9.900.20240824-1409\jars\maven-resolver-transport-file-1.9.22.jar
2025-09-22 16:24:28,694 [Worker-53: Launching Executing clean in D__3-1_watchlist_Backend] INFO  o.eclipse.m2e.core.internal.Bundles - 	Entry: C:\Users\SHYAMALA\.p2\pool\plugins\org.eclipse.m2e.maven.runtime_3.9.900.20240824-1409\jars\maven-resolver-transport-http-1.9.22.jar
2025-09-22 16:24:28,694 [Worker-53: Launching Executing clean in D__3-1_watchlist_Backend] INFO  o.eclipse.m2e.core.internal.Bundles - 	Entry: C:\Users\SHYAMALA\.p2\pool\plugins\org.eclipse.m2e.maven.runtime_3.9.900.20240824-1409\jars\maven-resolver-transport-wagon-1.9.22.jar
2025-09-22 16:24:28,694 [Worker-53: Launching Executing clean in D__3-1_watchlist_Backend] INFO  o.eclipse.m2e.core.internal.Bundles - 	Entry: C:\Users\SHYAMALA\.p2\pool\plugins\org.eclipse.m2e.maven.runtime_3.9.900.20240824-1409\jars\maven-resolver-util-1.9.22.jar
2025-09-22 16:24:28,694 [Worker-53: Launching Executing clean in D__3-1_watchlist_Backend] INFO  o.eclipse.m2e.core.internal.Bundles - 	Entry: C:\Users\SHYAMALA\.p2\pool\plugins\org.eclipse.m2e.maven.runtime_3.9.900.20240824-1409\jars\maven-settings-3.9.9.jar
2025-09-22 16:24:28,695 [Worker-53: Launching Executing clean in D__3-1_watchlist_Backend] INFO  o.eclipse.m2e.core.internal.Bundles - 	Entry: C:\Users\SHYAMALA\.p2\pool\plugins\org.eclipse.m2e.maven.runtime_3.9.900.20240824-1409\jars\maven-settings-builder-3.9.9.jar
2025-09-22 16:24:28,695 [Worker-53: Launching Executing clean in D__3-1_watchlist_Backend] INFO  o.eclipse.m2e.core.internal.Bundles - 	Entry: C:\Users\SHYAMALA\.p2\pool\plugins\org.eclipse.m2e.maven.runtime_3.9.900.20240824-1409\jars\maven-shared-utils-3.4.2.jar
2025-09-22 16:24:28,695 [Worker-53: Launching Executing clean in D__3-1_watchlist_Backend] INFO  o.eclipse.m2e.core.internal.Bundles - 	Entry: C:\Users\SHYAMALA\.p2\pool\plugins\org.eclipse.m2e.maven.runtime_3.9.900.20240824-1409\jars\org.eclipse.sisu.inject-0.9.0.M3.jar
2025-09-22 16:24:28,695 [Worker-53: Launching Executing clean in D__3-1_watchlist_Backend] INFO  o.eclipse.m2e.core.internal.Bundles - 	Entry: C:\Users\SHYAMALA\.p2\pool\plugins\org.eclipse.m2e.maven.runtime_3.9.900.20240824-1409\jars\org.eclipse.sisu.plexus-0.9.0.M3.jar
2025-09-22 16:24:28,695 [Worker-53: Launching Executing clean in D__3-1_watchlist_Backend] INFO  o.eclipse.m2e.core.internal.Bundles - 	Entry: C:\Users\SHYAMALA\.p2\pool\plugins\org.eclipse.m2e.maven.runtime_3.9.900.20240824-1409\jars\plexus-build-api-0.0.7.jar
2025-09-22 16:24:28,695 [Worker-53: Launching Executing clean in D__3-1_watchlist_Backend] INFO  o.eclipse.m2e.core.internal.Bundles - 	Entry: C:\Users\SHYAMALA\.p2\pool\plugins\org.eclipse.m2e.maven.runtime_3.9.900.20240824-1409\jars\plexus-build-api-1.2.0.jar
2025-09-22 16:24:28,695 [Worker-53: Launching Executing clean in D__3-1_watchlist_Backend] INFO  o.eclipse.m2e.core.internal.Bundles - 	Entry: C:\Users\SHYAMALA\.p2\pool\plugins\org.eclipse.m2e.maven.runtime_3.9.900.20240824-1409\jars\plexus-cipher-2.0.jar
2025-09-22 16:24:28,696 [Worker-53: Launching Executing clean in D__3-1_watchlist_Backend] INFO  o.eclipse.m2e.core.internal.Bundles - 	Entry: C:\Users\SHYAMALA\.p2\pool\plugins\org.eclipse.m2e.maven.runtime_3.9.900.20240824-1409\jars\plexus-classworlds-2.8.0.jar
2025-09-22 16:24:28,696 [Worker-53: Launching Executing clean in D__3-1_watchlist_Backend] INFO  o.eclipse.m2e.core.internal.Bundles - 	Entry: C:\Users\SHYAMALA\.p2\pool\plugins\org.eclipse.m2e.maven.runtime_3.9.900.20240824-1409\jars\plexus-component-annotations-2.1.0.jar
2025-09-22 16:24:28,696 [Worker-53: Launching Executing clean in D__3-1_watchlist_Backend] INFO  o.eclipse.m2e.core.internal.Bundles - 	Entry: C:\Users\SHYAMALA\.p2\pool\plugins\org.eclipse.m2e.maven.runtime_3.9.900.20240824-1409\jars\plexus-interpolation-1.27.jar
2025-09-22 16:24:28,696 [Worker-53: Launching Executing clean in D__3-1_watchlist_Backend] INFO  o.eclipse.m2e.core.internal.Bundles - 	Entry: C:\Users\SHYAMALA\.p2\pool\plugins\org.eclipse.m2e.maven.runtime_3.9.900.20240824-1409\jars\plexus-sec-dispatcher-2.0.jar
2025-09-22 16:24:28,696 [Worker-53: Launching Executing clean in D__3-1_watchlist_Backend] INFO  o.eclipse.m2e.core.internal.Bundles - 	Entry: C:\Users\SHYAMALA\.p2\pool\plugins\org.eclipse.m2e.maven.runtime_3.9.900.20240824-1409\jars\plexus-utils-3.5.1.jar
2025-09-22 16:24:28,696 [Worker-53: Launching Executing clean in D__3-1_watchlist_Backend] INFO  o.eclipse.m2e.core.internal.Bundles - 	Entry: C:\Users\SHYAMALA\.p2\pool\plugins\org.eclipse.m2e.maven.runtime_3.9.900.20240824-1409\jars\plexus-xml-3.0.1.jar
2025-09-22 16:24:28,696 [Worker-53: Launching Executing clean in D__3-1_watchlist_Backend] INFO  o.eclipse.m2e.core.internal.Bundles - 	Entry: C:\Users\SHYAMALA\.p2\pool\plugins\org.eclipse.m2e.maven.runtime_3.9.900.20240824-1409\jars\wagon-file-3.5.3.jar
2025-09-22 16:24:28,696 [Worker-53: Launching Executing clean in D__3-1_watchlist_Backend] INFO  o.eclipse.m2e.core.internal.Bundles - 	Entry: C:\Users\SHYAMALA\.p2\pool\plugins\org.eclipse.m2e.maven.runtime_3.9.900.20240824-1409\jars\wagon-http-3.5.3.jar
2025-09-22 16:24:28,697 [Worker-53: Launching Executing clean in D__3-1_watchlist_Backend] INFO  o.eclipse.m2e.core.internal.Bundles - 	Entry: C:\Users\SHYAMALA\.p2\pool\plugins\org.eclipse.m2e.maven.runtime_3.9.900.20240824-1409\jars\wagon-http-shared-3.5.3.jar
2025-09-22 16:24:28,697 [Worker-53: Launching Executing clean in D__3-1_watchlist_Backend] INFO  o.eclipse.m2e.core.internal.Bundles - 	Entry: C:\Users\SHYAMALA\.p2\pool\plugins\org.eclipse.m2e.maven.runtime_3.9.900.20240824-1409\jars\wagon-provider-api-3.5.3.jar
2025-09-22 16:24:28,697 [Worker-53: Launching Executing clean in D__3-1_watchlist_Backend] INFO  o.eclipse.m2e.core.internal.Bundles - getClasspathEntries(Bundle=com.google.guava_33.3.1.jre [1028])
2025-09-22 16:24:28,698 [Worker-53: Launching Executing clean in D__3-1_watchlist_Backend] INFO  o.eclipse.m2e.core.internal.Bundles - 	Entry: C:\Users\SHYAMALA\.p2\pool\plugins\com.google.guava_33.3.1.jre.jar
2025-09-22 16:24:28,698 [Worker-53: Launching Executing clean in D__3-1_watchlist_Backend] INFO  o.eclipse.m2e.core.internal.Bundles - getClasspathEntries(Bundle=slf4j.api_2.0.16 [1007])
2025-09-22 16:24:28,699 [Worker-53: Launching Executing clean in D__3-1_watchlist_Backend] INFO  o.eclipse.m2e.core.internal.Bundles - 	Entry: C:\Users\SHYAMALA\.p2\pool\plugins\slf4j.api_2.0.16.jar
2025-09-22 16:24:28,699 [Worker-53: Launching Executing clean in D__3-1_watchlist_Backend] INFO  o.eclipse.m2e.core.internal.Bundles - getClasspathEntries(Bundle=jakarta.inject.jakarta.inject-api_1.0.5 [34])
2025-09-22 16:24:28,699 [Worker-53: Launching Executing clean in D__3-1_watchlist_Backend] INFO  o.eclipse.m2e.core.internal.Bundles - 	Entry: C:\Users\SHYAMALA\.p2\pool\plugins\jakarta.inject.jakarta.inject-api_1.0.5.jar
2025-09-22 16:24:28,700 [Worker-53: Launching Executing clean in D__3-1_watchlist_Backend] INFO  o.eclipse.m2e.core.internal.Bundles - getClasspathEntries(Bundle=jakarta.annotation-api_1.3.5 [29])
2025-09-22 16:24:28,700 [Worker-53: Launching Executing clean in D__3-1_watchlist_Backend] INFO  o.eclipse.m2e.core.internal.Bundles - 	Entry: C:\Users\SHYAMALA\.p2\pool\plugins\jakarta.annotation-api_1.3.5.jar
2025-09-22 16:24:28,700 [Worker-53: Launching Executing clean in D__3-1_watchlist_Backend] INFO  o.eclipse.m2e.core.internal.Bundles - getClasspathEntries(Bundle=org.apache.commons.cli_1.9.0 [78])
2025-09-22 16:24:28,700 [Worker-53: Launching Executing clean in D__3-1_watchlist_Backend] INFO  o.eclipse.m2e.core.internal.Bundles - 	Entry: C:\Users\SHYAMALA\.p2\pool\plugins\org.apache.commons.cli_1.9.0.jar
2025-09-22 16:24:28,700 [Worker-53: Launching Executing clean in D__3-1_watchlist_Backend] INFO  o.eclipse.m2e.core.internal.Bundles - getClasspathEntries(Bundle=org.apache.commons.commons-codec_1.16.0 [81])
2025-09-22 16:24:28,701 [Worker-53: Launching Executing clean in D__3-1_watchlist_Backend] INFO  o.eclipse.m2e.core.internal.Bundles - 	Entry: C:\Users\SHYAMALA\.p2\pool\plugins\org.apache.commons.commons-codec_1.16.0.jar
2025-09-22 16:24:28,701 [Worker-53: Launching Executing clean in D__3-1_watchlist_Backend] INFO  o.eclipse.m2e.core.internal.Bundles - getClasspathEntries(Bundle=com.google.guava.failureaccess_1.0.2 [17])
2025-09-22 16:24:28,701 [Worker-53: Launching Executing clean in D__3-1_watchlist_Backend] INFO  o.eclipse.m2e.core.internal.Bundles - 	Entry: C:\Users\SHYAMALA\.p2\pool\plugins\com.google.guava.failureaccess_1.0.2.jar
2025-09-22 16:24:28,703 [Worker-53: Launching Executing clean in D__3-1_watchlist_Backend] INFO  o.e.m.i.launch.MavenLaunchDelegate - Run build in "D:\3-1\watchlist\Backend":
2025-09-22 16:24:28,703 [Worker-53: Launching Executing clean in D__3-1_watchlist_Backend] INFO  o.e.m.i.launch.MavenLaunchDelegate -  mvn  -B -Dstyle.color=always clean
2025-09-22 16:24:31,355 [Worker-55: Building] INFO  o.a.m.s.f.DefaultMavenResourcesFiltering - Copying 1 resource from src\main\resources to target\classes
2025-09-22 16:24:31,368 [Worker-55: Building] INFO  o.a.m.s.f.DefaultMavenResourcesFiltering - Copying 0 resource from src\main\resources to target\classes
2025-09-22 16:24:31,372 [Worker-55: Building] INFO  o.a.m.s.f.DefaultMavenResourcesFiltering - Copying 0 resource from src\test\resources to target\test-classes
2025-09-22 16:24:31,373 [Worker-55: Building] INFO  o.e.m.w.i.f.ResourceFilteringBuildParticipant - Changed resources require a complete clean of filtered resources of Backend
2025-09-22 16:24:31,373 [Worker-55: Building] INFO  o.e.m.w.i.f.ResourceFilteringBuildParticipant - Executing resource filtering for Backend
2025-09-22 16:25:14,778 [Worker-50: Updating Maven Project] INFO  o.e.m.c.i.p.ProjectConfigurationManager - Update started
2025-09-22 16:25:15,109 [Worker-50: Updating Maven Project] INFO  o.e.m.c.i.l.LifecycleMappingFactory - Using org.maven.ide.eclipse.wtp.WarLifecycleMapping lifecycle mapping for MavenProject: com.example:ART_GALLERY:0.0.1-SNAPSHOT @ D:\3-1\watchlist\Backend\pom.xml.
2025-09-22 16:25:15,625 [Worker-50: Updating Maven Project] INFO  o.e.m.j.i.AbstractJavaProjectConfigurator - Adding source folder /Backend/src/main/java
2025-09-22 16:25:15,626 [Worker-50: Updating Maven Project] INFO  o.e.m.j.i.AbstractJavaProjectConfigurator - Adding resource folder /Backend/src/main/resources
2025-09-22 16:25:15,626 [Worker-50: Updating Maven Project] INFO  o.e.m.j.i.AbstractJavaProjectConfigurator - Adding resource folder /Backend/src/main/resources
2025-09-22 16:25:15,627 [Worker-50: Updating Maven Project] INFO  o.e.m.j.i.AbstractJavaProjectConfigurator - Adding source folder /Backend/src/test/java
2025-09-22 16:25:15,627 [Worker-50: Updating Maven Project] INFO  o.e.m.j.i.AbstractJavaProjectConfigurator - Adding resource folder /Backend/src/test/resources
2025-09-22 16:25:17,395 [Worker-50: Updating Maven Project] INFO  o.e.m.w.i.f.ResourceFilteringBuildParticipant - Cleaning filtered folder for Backend
2025-09-22 16:25:17,418 [Worker-50: Updating Maven Project] INFO  o.e.m.c.i.p.ProjectConfigurationManager - Update completed for 1 poms: local refresh takes 0.00 sec, refresh facades takes 0.00 sec, update config takes 0.00 sec 
2025-09-22 16:25:17,832 [Worker-34: Building] INFO  o.a.m.s.f.DefaultMavenResourcesFiltering - Copying 1 resource from src\main\resources to target\classes
2025-09-22 16:25:17,860 [Worker-34: Building] INFO  o.a.m.s.f.DefaultMavenResourcesFiltering - Copying 0 resource from src\main\resources to target\classes
2025-09-22 16:25:17,869 [Worker-34: Building] INFO  o.a.m.s.f.DefaultMavenResourcesFiltering - Copying 0 resource from src\test\resources to target\test-classes
2025-09-22 16:25:17,870 [Worker-34: Building] INFO  o.e.m.w.i.f.ResourceFilteringBuildParticipant - Changed resources require a complete clean of filtered resources of Backend
2025-09-22 16:25:17,871 [Worker-34: Building] INFO  o.e.m.w.i.f.ResourceFilteringBuildParticipant - Executing resource filtering for Backend
2025-09-22 16:27:27,894 [Worker-49: Building] INFO  o.e.m.c.i.l.LifecycleMappingFactory - Using org.maven.ide.eclipse.wtp.WarLifecycleMapping lifecycle mapping for MavenProject: com.example:ART_GALLERY:0.0.1-SNAPSHOT @ D:\3-1\watchlist\Backend\pom.xml.
2025-09-22 16:27:28,658 [Worker-49: Building] INFO  o.a.m.s.f.DefaultMavenResourcesFiltering - Copying 0 resource from src\main\resources to target\classes
2025-09-22 16:27:28,659 [Worker-49: Building] INFO  o.a.m.s.f.DefaultMavenResourcesFiltering - Copying 0 resource from src\main\resources to target\classes
2025-09-22 16:27:28,666 [Worker-49: Building] INFO  o.a.m.s.f.DefaultMavenResourcesFiltering - Copying 0 resource from src\test\resources to target\test-classes
2025-09-22 16:27:28,666 [Worker-49: Building] INFO  o.e.m.w.i.f.ResourceFilteringBuildParticipant - Changed resources require a complete clean of filtered resources of Backend
2025-09-22 16:27:28,667 [Worker-49: Building] INFO  o.e.m.w.i.f.ResourceFilteringBuildParticipant - Executing resource filtering for Backend
2025-09-22 16:27:36,159 [Worker-42: Launching Executing clean in D__3-1_watchlist_Backend] INFO  o.eclipse.m2e.core.internal.Bundles - getClasspathEntries(Bundle=org.eclipse.m2e.maven.runtime_3.9.900.20240824-1409 [642])
2025-09-22 16:27:36,160 [Worker-42: Launching Executing clean in D__3-1_watchlist_Backend] INFO  o.eclipse.m2e.core.internal.Bundles - 	Entry: C:\Users\SHYAMALA\.p2\pool\plugins\org.eclipse.m2e.maven.runtime_3.9.900.20240824-1409
2025-09-22 16:27:36,160 [Worker-42: Launching Executing clean in D__3-1_watchlist_Backend] INFO  o.eclipse.m2e.core.internal.Bundles - 	Entry: C:\Users\SHYAMALA\.p2\pool\plugins\org.eclipse.m2e.maven.runtime_3.9.900.20240824-1409\jars\aopalliance-1.0.jar
2025-09-22 16:27:36,160 [Worker-42: Launching Executing clean in D__3-1_watchlist_Backend] INFO  o.eclipse.m2e.core.internal.Bundles - 	Entry: C:\Users\SHYAMALA\.p2\pool\plugins\org.eclipse.m2e.maven.runtime_3.9.900.20240824-1409\jars\guice-5.1.0.jar
2025-09-22 16:27:36,160 [Worker-42: Launching Executing clean in D__3-1_watchlist_Backend] INFO  o.eclipse.m2e.core.internal.Bundles - 	Entry: C:\Users\SHYAMALA\.p2\pool\plugins\org.eclipse.m2e.maven.runtime_3.9.900.20240824-1409\jars\httpclient-4.5.14.jar
2025-09-22 16:27:36,160 [Worker-42: Launching Executing clean in D__3-1_watchlist_Backend] INFO  o.eclipse.m2e.core.internal.Bundles - 	Entry: C:\Users\SHYAMALA\.p2\pool\plugins\org.eclipse.m2e.maven.runtime_3.9.900.20240824-1409\jars\httpcore-4.4.16.jar
2025-09-22 16:27:36,160 [Worker-42: Launching Executing clean in D__3-1_watchlist_Backend] INFO  o.eclipse.m2e.core.internal.Bundles - 	Entry: C:\Users\SHYAMALA\.p2\pool\plugins\org.eclipse.m2e.maven.runtime_3.9.900.20240824-1409\jars\jansi-2.4.1.jar
2025-09-22 16:27:36,160 [Worker-42: Launching Executing clean in D__3-1_watchlist_Backend] INFO  o.eclipse.m2e.core.internal.Bundles - 	Entry: C:\Users\SHYAMALA\.p2\pool\plugins\org.eclipse.m2e.maven.runtime_3.9.900.20240824-1409\jars\jcl-over-slf4j-1.7.36.jar
2025-09-22 16:27:36,161 [Worker-42: Launching Executing clean in D__3-1_watchlist_Backend] INFO  o.eclipse.m2e.core.internal.Bundles - 	Entry: C:\Users\SHYAMALA\.p2\pool\plugins\org.eclipse.m2e.maven.runtime_3.9.900.20240824-1409\jars\maven-artifact-3.9.9.jar
2025-09-22 16:27:36,161 [Worker-42: Launching Executing clean in D__3-1_watchlist_Backend] INFO  o.eclipse.m2e.core.internal.Bundles - 	Entry: C:\Users\SHYAMALA\.p2\pool\plugins\org.eclipse.m2e.maven.runtime_3.9.900.20240824-1409\jars\maven-builder-support-3.9.9.jar
2025-09-22 16:27:36,161 [Worker-42: Launching Executing clean in D__3-1_watchlist_Backend] INFO  o.eclipse.m2e.core.internal.Bundles - 	Entry: C:\Users\SHYAMALA\.p2\pool\plugins\org.eclipse.m2e.maven.runtime_3.9.900.20240824-1409\jars\maven-compat-3.9.9.jar
2025-09-22 16:27:36,161 [Worker-42: Launching Executing clean in D__3-1_watchlist_Backend] INFO  o.eclipse.m2e.core.internal.Bundles - 	Entry: C:\Users\SHYAMALA\.p2\pool\plugins\org.eclipse.m2e.maven.runtime_3.9.900.20240824-1409\jars\maven-core-3.9.9.jar
2025-09-22 16:27:36,161 [Worker-42: Launching Executing clean in D__3-1_watchlist_Backend] INFO  o.eclipse.m2e.core.internal.Bundles - 	Entry: C:\Users\SHYAMALA\.p2\pool\plugins\org.eclipse.m2e.maven.runtime_3.9.900.20240824-1409\jars\maven-embedder-3.9.9.jar
2025-09-22 16:27:36,162 [Worker-42: Launching Executing clean in D__3-1_watchlist_Backend] INFO  o.eclipse.m2e.core.internal.Bundles - 	Entry: C:\Users\SHYAMALA\.p2\pool\plugins\org.eclipse.m2e.maven.runtime_3.9.900.20240824-1409\jars\maven-model-3.9.9.jar
2025-09-22 16:27:36,162 [Worker-42: Launching Executing clean in D__3-1_watchlist_Backend] INFO  o.eclipse.m2e.core.internal.Bundles - 	Entry: C:\Users\SHYAMALA\.p2\pool\plugins\org.eclipse.m2e.maven.runtime_3.9.900.20240824-1409\jars\maven-model-builder-3.9.9.jar
2025-09-22 16:27:36,162 [Worker-42: Launching Executing clean in D__3-1_watchlist_Backend] INFO  o.eclipse.m2e.core.internal.Bundles - 	Entry: C:\Users\SHYAMALA\.p2\pool\plugins\org.eclipse.m2e.maven.runtime_3.9.900.20240824-1409\jars\maven-plugin-api-3.9.9.jar
2025-09-22 16:27:36,162 [Worker-42: Launching Executing clean in D__3-1_watchlist_Backend] INFO  o.eclipse.m2e.core.internal.Bundles - 	Entry: C:\Users\SHYAMALA\.p2\pool\plugins\org.eclipse.m2e.maven.runtime_3.9.900.20240824-1409\jars\maven-repository-metadata-3.9.9.jar
2025-09-22 16:27:36,162 [Worker-42: Launching Executing clean in D__3-1_watchlist_Backend] INFO  o.eclipse.m2e.core.internal.Bundles - 	Entry: C:\Users\SHYAMALA\.p2\pool\plugins\org.eclipse.m2e.maven.runtime_3.9.900.20240824-1409\jars\maven-resolver-api-1.9.22.jar
2025-09-22 16:27:36,162 [Worker-42: Launching Executing clean in D__3-1_watchlist_Backend] INFO  o.eclipse.m2e.core.internal.Bundles - 	Entry: C:\Users\SHYAMALA\.p2\pool\plugins\org.eclipse.m2e.maven.runtime_3.9.900.20240824-1409\jars\maven-resolver-connector-basic-1.9.22.jar
2025-09-22 16:27:36,162 [Worker-42: Launching Executing clean in D__3-1_watchlist_Backend] INFO  o.eclipse.m2e.core.internal.Bundles - 	Entry: C:\Users\SHYAMALA\.p2\pool\plugins\org.eclipse.m2e.maven.runtime_3.9.900.20240824-1409\jars\maven-resolver-impl-1.9.22.jar
2025-09-22 16:27:36,163 [Worker-42: Launching Executing clean in D__3-1_watchlist_Backend] INFO  o.eclipse.m2e.core.internal.Bundles - 	Entry: C:\Users\SHYAMALA\.p2\pool\plugins\org.eclipse.m2e.maven.runtime_3.9.900.20240824-1409\jars\maven-resolver-named-locks-1.9.22.jar
2025-09-22 16:27:36,163 [Worker-42: Launching Executing clean in D__3-1_watchlist_Backend] INFO  o.eclipse.m2e.core.internal.Bundles - 	Entry: C:\Users\SHYAMALA\.p2\pool\plugins\org.eclipse.m2e.maven.runtime_3.9.900.20240824-1409\jars\maven-resolver-provider-3.9.9.jar
2025-09-22 16:27:36,163 [Worker-42: Launching Executing clean in D__3-1_watchlist_Backend] INFO  o.eclipse.m2e.core.internal.Bundles - 	Entry: C:\Users\SHYAMALA\.p2\pool\plugins\org.eclipse.m2e.maven.runtime_3.9.900.20240824-1409\jars\maven-resolver-spi-1.9.22.jar
2025-09-22 16:27:36,163 [Worker-42: Launching Executing clean in D__3-1_watchlist_Backend] INFO  o.eclipse.m2e.core.internal.Bundles - 	Entry: C:\Users\SHYAMALA\.p2\pool\plugins\org.eclipse.m2e.maven.runtime_3.9.900.20240824-1409\jars\maven-resolver-transport-file-1.9.22.jar
2025-09-22 16:27:36,163 [Worker-42: Launching Executing clean in D__3-1_watchlist_Backend] INFO  o.eclipse.m2e.core.internal.Bundles - 	Entry: C:\Users\SHYAMALA\.p2\pool\plugins\org.eclipse.m2e.maven.runtime_3.9.900.20240824-1409\jars\maven-resolver-transport-http-1.9.22.jar
2025-09-22 16:27:36,163 [Worker-42: Launching Executing clean in D__3-1_watchlist_Backend] INFO  o.eclipse.m2e.core.internal.Bundles - 	Entry: C:\Users\SHYAMALA\.p2\pool\plugins\org.eclipse.m2e.maven.runtime_3.9.900.20240824-1409\jars\maven-resolver-transport-wagon-1.9.22.jar
2025-09-22 16:27:36,163 [Worker-42: Launching Executing clean in D__3-1_watchlist_Backend] INFO  o.eclipse.m2e.core.internal.Bundles - 	Entry: C:\Users\SHYAMALA\.p2\pool\plugins\org.eclipse.m2e.maven.runtime_3.9.900.20240824-1409\jars\maven-resolver-util-1.9.22.jar
2025-09-22 16:27:36,163 [Worker-42: Launching Executing clean in D__3-1_watchlist_Backend] INFO  o.eclipse.m2e.core.internal.Bundles - 	Entry: C:\Users\SHYAMALA\.p2\pool\plugins\org.eclipse.m2e.maven.runtime_3.9.900.20240824-1409\jars\maven-settings-3.9.9.jar
2025-09-22 16:27:36,164 [Worker-42: Launching Executing clean in D__3-1_watchlist_Backend] INFO  o.eclipse.m2e.core.internal.Bundles - 	Entry: C:\Users\SHYAMALA\.p2\pool\plugins\org.eclipse.m2e.maven.runtime_3.9.900.20240824-1409\jars\maven-settings-builder-3.9.9.jar
2025-09-22 16:27:36,164 [Worker-42: Launching Executing clean in D__3-1_watchlist_Backend] INFO  o.eclipse.m2e.core.internal.Bundles - 	Entry: C:\Users\SHYAMALA\.p2\pool\plugins\org.eclipse.m2e.maven.runtime_3.9.900.20240824-1409\jars\maven-shared-utils-3.4.2.jar
2025-09-22 16:27:36,164 [Worker-42: Launching Executing clean in D__3-1_watchlist_Backend] INFO  o.eclipse.m2e.core.internal.Bundles - 	Entry: C:\Users\SHYAMALA\.p2\pool\plugins\org.eclipse.m2e.maven.runtime_3.9.900.20240824-1409\jars\org.eclipse.sisu.inject-0.9.0.M3.jar
2025-09-22 16:27:36,164 [Worker-42: Launching Executing clean in D__3-1_watchlist_Backend] INFO  o.eclipse.m2e.core.internal.Bundles - 	Entry: C:\Users\SHYAMALA\.p2\pool\plugins\org.eclipse.m2e.maven.runtime_3.9.900.20240824-1409\jars\org.eclipse.sisu.plexus-0.9.0.M3.jar
2025-09-22 16:27:36,164 [Worker-42: Launching Executing clean in D__3-1_watchlist_Backend] INFO  o.eclipse.m2e.core.internal.Bundles - 	Entry: C:\Users\SHYAMALA\.p2\pool\plugins\org.eclipse.m2e.maven.runtime_3.9.900.20240824-1409\jars\plexus-build-api-0.0.7.jar
2025-09-22 16:27:36,164 [Worker-42: Launching Executing clean in D__3-1_watchlist_Backend] INFO  o.eclipse.m2e.core.internal.Bundles - 	Entry: C:\Users\SHYAMALA\.p2\pool\plugins\org.eclipse.m2e.maven.runtime_3.9.900.20240824-1409\jars\plexus-build-api-1.2.0.jar
2025-09-22 16:27:36,164 [Worker-42: Launching Executing clean in D__3-1_watchlist_Backend] INFO  o.eclipse.m2e.core.internal.Bundles - 	Entry: C:\Users\SHYAMALA\.p2\pool\plugins\org.eclipse.m2e.maven.runtime_3.9.900.20240824-1409\jars\plexus-cipher-2.0.jar
2025-09-22 16:27:36,165 [Worker-42: Launching Executing clean in D__3-1_watchlist_Backend] INFO  o.eclipse.m2e.core.internal.Bundles - 	Entry: C:\Users\SHYAMALA\.p2\pool\plugins\org.eclipse.m2e.maven.runtime_3.9.900.20240824-1409\jars\plexus-classworlds-2.8.0.jar
2025-09-22 16:27:36,165 [Worker-42: Launching Executing clean in D__3-1_watchlist_Backend] INFO  o.eclipse.m2e.core.internal.Bundles - 	Entry: C:\Users\SHYAMALA\.p2\pool\plugins\org.eclipse.m2e.maven.runtime_3.9.900.20240824-1409\jars\plexus-component-annotations-2.1.0.jar
2025-09-22 16:27:36,165 [Worker-42: Launching Executing clean in D__3-1_watchlist_Backend] INFO  o.eclipse.m2e.core.internal.Bundles - 	Entry: C:\Users\SHYAMALA\.p2\pool\plugins\org.eclipse.m2e.maven.runtime_3.9.900.20240824-1409\jars\plexus-interpolation-1.27.jar
2025-09-22 16:27:36,165 [Worker-42: Launching Executing clean in D__3-1_watchlist_Backend] INFO  o.eclipse.m2e.core.internal.Bundles - 	Entry: C:\Users\SHYAMALA\.p2\pool\plugins\org.eclipse.m2e.maven.runtime_3.9.900.20240824-1409\jars\plexus-sec-dispatcher-2.0.jar
2025-09-22 16:27:36,165 [Worker-42: Launching Executing clean in D__3-1_watchlist_Backend] INFO  o.eclipse.m2e.core.internal.Bundles - 	Entry: C:\Users\SHYAMALA\.p2\pool\plugins\org.eclipse.m2e.maven.runtime_3.9.900.20240824-1409\jars\plexus-utils-3.5.1.jar
2025-09-22 16:27:36,165 [Worker-42: Launching Executing clean in D__3-1_watchlist_Backend] INFO  o.eclipse.m2e.core.internal.Bundles - 	Entry: C:\Users\SHYAMALA\.p2\pool\plugins\org.eclipse.m2e.maven.runtime_3.9.900.20240824-1409\jars\plexus-xml-3.0.1.jar
2025-09-22 16:27:36,166 [Worker-42: Launching Executing clean in D__3-1_watchlist_Backend] INFO  o.eclipse.m2e.core.internal.Bundles - 	Entry: C:\Users\SHYAMALA\.p2\pool\plugins\org.eclipse.m2e.maven.runtime_3.9.900.20240824-1409\jars\wagon-file-3.5.3.jar
2025-09-22 16:27:36,166 [Worker-42: Launching Executing clean in D__3-1_watchlist_Backend] INFO  o.eclipse.m2e.core.internal.Bundles - 	Entry: C:\Users\SHYAMALA\.p2\pool\plugins\org.eclipse.m2e.maven.runtime_3.9.900.20240824-1409\jars\wagon-http-3.5.3.jar
2025-09-22 16:27:36,166 [Worker-42: Launching Executing clean in D__3-1_watchlist_Backend] INFO  o.eclipse.m2e.core.internal.Bundles - 	Entry: C:\Users\SHYAMALA\.p2\pool\plugins\org.eclipse.m2e.maven.runtime_3.9.900.20240824-1409\jars\wagon-http-shared-3.5.3.jar
2025-09-22 16:27:36,166 [Worker-42: Launching Executing clean in D__3-1_watchlist_Backend] INFO  o.eclipse.m2e.core.internal.Bundles - 	Entry: C:\Users\SHYAMALA\.p2\pool\plugins\org.eclipse.m2e.maven.runtime_3.9.900.20240824-1409\jars\wagon-provider-api-3.5.3.jar
2025-09-22 16:27:36,166 [Worker-42: Launching Executing clean in D__3-1_watchlist_Backend] INFO  o.eclipse.m2e.core.internal.Bundles - getClasspathEntries(Bundle=com.google.guava_33.3.1.jre [1028])
2025-09-22 16:27:36,167 [Worker-42: Launching Executing clean in D__3-1_watchlist_Backend] INFO  o.eclipse.m2e.core.internal.Bundles - 	Entry: C:\Users\SHYAMALA\.p2\pool\plugins\com.google.guava_33.3.1.jre.jar
2025-09-22 16:27:36,167 [Worker-42: Launching Executing clean in D__3-1_watchlist_Backend] INFO  o.eclipse.m2e.core.internal.Bundles - getClasspathEntries(Bundle=slf4j.api_2.0.16 [1007])
2025-09-22 16:27:36,167 [Worker-42: Launching Executing clean in D__3-1_watchlist_Backend] INFO  o.eclipse.m2e.core.internal.Bundles - 	Entry: C:\Users\SHYAMALA\.p2\pool\plugins\slf4j.api_2.0.16.jar
2025-09-22 16:27:36,167 [Worker-42: Launching Executing clean in D__3-1_watchlist_Backend] INFO  o.eclipse.m2e.core.internal.Bundles - getClasspathEntries(Bundle=jakarta.inject.jakarta.inject-api_1.0.5 [34])
2025-09-22 16:27:36,168 [Worker-42: Launching Executing clean in D__3-1_watchlist_Backend] INFO  o.eclipse.m2e.core.internal.Bundles - 	Entry: C:\Users\SHYAMALA\.p2\pool\plugins\jakarta.inject.jakarta.inject-api_1.0.5.jar
2025-09-22 16:27:36,168 [Worker-42: Launching Executing clean in D__3-1_watchlist_Backend] INFO  o.eclipse.m2e.core.internal.Bundles - getClasspathEntries(Bundle=jakarta.annotation-api_1.3.5 [29])
2025-09-22 16:27:36,168 [Worker-42: Launching Executing clean in D__3-1_watchlist_Backend] INFO  o.eclipse.m2e.core.internal.Bundles - 	Entry: C:\Users\SHYAMALA\.p2\pool\plugins\jakarta.annotation-api_1.3.5.jar
2025-09-22 16:27:36,168 [Worker-42: Launching Executing clean in D__3-1_watchlist_Backend] INFO  o.eclipse.m2e.core.internal.Bundles - getClasspathEntries(Bundle=org.apache.commons.cli_1.9.0 [78])
2025-09-22 16:27:36,169 [Worker-42: Launching Executing clean in D__3-1_watchlist_Backend] INFO  o.eclipse.m2e.core.internal.Bundles - 	Entry: C:\Users\SHYAMALA\.p2\pool\plugins\org.apache.commons.cli_1.9.0.jar
2025-09-22 16:27:36,169 [Worker-42: Launching Executing clean in D__3-1_watchlist_Backend] INFO  o.eclipse.m2e.core.internal.Bundles - getClasspathEntries(Bundle=org.apache.commons.commons-codec_1.16.0 [81])
2025-09-22 16:27:36,169 [Worker-42: Launching Executing clean in D__3-1_watchlist_Backend] INFO  o.eclipse.m2e.core.internal.Bundles - 	Entry: C:\Users\SHYAMALA\.p2\pool\plugins\org.apache.commons.commons-codec_1.16.0.jar
2025-09-22 16:27:36,169 [Worker-42: Launching Executing clean in D__3-1_watchlist_Backend] INFO  o.eclipse.m2e.core.internal.Bundles - getClasspathEntries(Bundle=com.google.guava.failureaccess_1.0.2 [17])
2025-09-22 16:27:36,169 [Worker-42: Launching Executing clean in D__3-1_watchlist_Backend] INFO  o.eclipse.m2e.core.internal.Bundles - 	Entry: C:\Users\SHYAMALA\.p2\pool\plugins\com.google.guava.failureaccess_1.0.2.jar
2025-09-22 16:27:36,171 [Worker-42: Launching Executing clean in D__3-1_watchlist_Backend] INFO  o.e.m.i.launch.MavenLaunchDelegate - Run build in "D:\3-1\watchlist\Backend":
2025-09-22 16:27:36,171 [Worker-42: Launching Executing clean in D__3-1_watchlist_Backend] INFO  o.e.m.i.launch.MavenLaunchDelegate -  mvn  -B -Dstyle.color=always clean
2025-09-22 16:27:38,763 [Worker-34: Building] INFO  o.a.m.s.f.DefaultMavenResourcesFiltering - Copying 1 resource from src\main\resources to target\classes
2025-09-22 16:27:38,775 [Worker-34: Building] INFO  o.a.m.s.f.DefaultMavenResourcesFiltering - Copying 0 resource from src\main\resources to target\classes
2025-09-22 16:27:38,778 [Worker-34: Building] INFO  o.a.m.s.f.DefaultMavenResourcesFiltering - Copying 0 resource from src\test\resources to target\test-classes
2025-09-22 16:27:38,778 [Worker-34: Building] INFO  o.e.m.w.i.f.ResourceFilteringBuildParticipant - Changed resources require a complete clean of filtered resources of Backend
2025-09-22 16:27:38,778 [Worker-34: Building] INFO  o.e.m.w.i.f.ResourceFilteringBuildParticipant - Executing resource filtering for Backend
2025-09-22 16:28:31,002 [Worker-52: Updating Maven Project] INFO  o.e.m.c.i.p.ProjectConfigurationManager - Update started
2025-09-22 16:28:31,286 [Worker-52: Updating Maven Project] INFO  o.e.m.c.i.l.LifecycleMappingFactory - Using org.maven.ide.eclipse.wtp.WarLifecycleMapping lifecycle mapping for MavenProject: com.example:ART_GALLERY:0.0.1-SNAPSHOT @ D:\3-1\watchlist\Backend\pom.xml.
2025-09-22 16:28:31,772 [Worker-52: Updating Maven Project] INFO  o.e.m.j.i.AbstractJavaProjectConfigurator - Adding source folder /Backend/src/main/java
2025-09-22 16:28:31,773 [Worker-52: Updating Maven Project] INFO  o.e.m.j.i.AbstractJavaProjectConfigurator - Adding resource folder /Backend/src/main/resources
2025-09-22 16:28:31,773 [Worker-52: Updating Maven Project] INFO  o.e.m.j.i.AbstractJavaProjectConfigurator - Adding resource folder /Backend/src/main/resources
2025-09-22 16:28:31,774 [Worker-52: Updating Maven Project] INFO  o.e.m.j.i.AbstractJavaProjectConfigurator - Adding source folder /Backend/src/test/java
2025-09-22 16:28:31,774 [Worker-52: Updating Maven Project] INFO  o.e.m.j.i.AbstractJavaProjectConfigurator - Adding resource folder /Backend/src/test/resources
2025-09-22 16:28:33,418 [Worker-52: Updating Maven Project] INFO  o.e.m.w.i.f.ResourceFilteringBuildParticipant - Cleaning filtered folder for Backend
2025-09-22 16:28:33,437 [Worker-52: Updating Maven Project] INFO  o.e.m.c.i.p.ProjectConfigurationManager - Update completed for 1 poms: local refresh takes 0.00 sec, refresh facades takes 0.00 sec, update config takes 0.00 sec 
2025-09-22 16:28:33,839 [Worker-42: Building] INFO  o.a.m.s.f.DefaultMavenResourcesFiltering - Copying 1 resource from src\main\resources to target\classes
2025-09-22 16:28:33,852 [Worker-42: Building] INFO  o.a.m.s.f.DefaultMavenResourcesFiltering - Copying 0 resource from src\main\resources to target\classes
2025-09-22 16:28:33,856 [Worker-42: Building] INFO  o.a.m.s.f.DefaultMavenResourcesFiltering - Copying 0 resource from src\test\resources to target\test-classes
2025-09-22 16:28:33,856 [Worker-42: Building] INFO  o.e.m.w.i.f.ResourceFilteringBuildParticipant - Changed resources require a complete clean of filtered resources of Backend
2025-09-22 16:28:33,856 [Worker-42: Building] INFO  o.e.m.w.i.f.ResourceFilteringBuildParticipant - Executing resource filtering for Backend
2025-09-22 16:29:14,901 [Worker-47: Launching Executing clean in D__3-1_watchlist_Backend] INFO  o.eclipse.m2e.core.internal.Bundles - getClasspathEntries(Bundle=org.eclipse.m2e.maven.runtime_3.9.900.20240824-1409 [642])
2025-09-22 16:29:14,902 [Worker-47: Launching Executing clean in D__3-1_watchlist_Backend] INFO  o.eclipse.m2e.core.internal.Bundles - 	Entry: C:\Users\SHYAMALA\.p2\pool\plugins\org.eclipse.m2e.maven.runtime_3.9.900.20240824-1409
2025-09-22 16:29:14,902 [Worker-47: Launching Executing clean in D__3-1_watchlist_Backend] INFO  o.eclipse.m2e.core.internal.Bundles - 	Entry: C:\Users\SHYAMALA\.p2\pool\plugins\org.eclipse.m2e.maven.runtime_3.9.900.20240824-1409\jars\aopalliance-1.0.jar
2025-09-22 16:29:14,902 [Worker-47: Launching Executing clean in D__3-1_watchlist_Backend] INFO  o.eclipse.m2e.core.internal.Bundles - 	Entry: C:\Users\SHYAMALA\.p2\pool\plugins\org.eclipse.m2e.maven.runtime_3.9.900.20240824-1409\jars\guice-5.1.0.jar
2025-09-22 16:29:14,902 [Worker-47: Launching Executing clean in D__3-1_watchlist_Backend] INFO  o.eclipse.m2e.core.internal.Bundles - 	Entry: C:\Users\SHYAMALA\.p2\pool\plugins\org.eclipse.m2e.maven.runtime_3.9.900.20240824-1409\jars\httpclient-4.5.14.jar
2025-09-22 16:29:14,902 [Worker-47: Launching Executing clean in D__3-1_watchlist_Backend] INFO  o.eclipse.m2e.core.internal.Bundles - 	Entry: C:\Users\SHYAMALA\.p2\pool\plugins\org.eclipse.m2e.maven.runtime_3.9.900.20240824-1409\jars\httpcore-4.4.16.jar
2025-09-22 16:29:14,902 [Worker-47: Launching Executing clean in D__3-1_watchlist_Backend] INFO  o.eclipse.m2e.core.internal.Bundles - 	Entry: C:\Users\SHYAMALA\.p2\pool\plugins\org.eclipse.m2e.maven.runtime_3.9.900.20240824-1409\jars\jansi-2.4.1.jar
2025-09-22 16:29:14,903 [Worker-47: Launching Executing clean in D__3-1_watchlist_Backend] INFO  o.eclipse.m2e.core.internal.Bundles - 	Entry: C:\Users\SHYAMALA\.p2\pool\plugins\org.eclipse.m2e.maven.runtime_3.9.900.20240824-1409\jars\jcl-over-slf4j-1.7.36.jar
2025-09-22 16:29:14,903 [Worker-47: Launching Executing clean in D__3-1_watchlist_Backend] INFO  o.eclipse.m2e.core.internal.Bundles - 	Entry: C:\Users\SHYAMALA\.p2\pool\plugins\org.eclipse.m2e.maven.runtime_3.9.900.20240824-1409\jars\maven-artifact-3.9.9.jar
2025-09-22 16:29:14,903 [Worker-47: Launching Executing clean in D__3-1_watchlist_Backend] INFO  o.eclipse.m2e.core.internal.Bundles - 	Entry: C:\Users\SHYAMALA\.p2\pool\plugins\org.eclipse.m2e.maven.runtime_3.9.900.20240824-1409\jars\maven-builder-support-3.9.9.jar
2025-09-22 16:29:14,903 [Worker-47: Launching Executing clean in D__3-1_watchlist_Backend] INFO  o.eclipse.m2e.core.internal.Bundles - 	Entry: C:\Users\SHYAMALA\.p2\pool\plugins\org.eclipse.m2e.maven.runtime_3.9.900.20240824-1409\jars\maven-compat-3.9.9.jar
2025-09-22 16:29:14,903 [Worker-47: Launching Executing clean in D__3-1_watchlist_Backend] INFO  o.eclipse.m2e.core.internal.Bundles - 	Entry: C:\Users\SHYAMALA\.p2\pool\plugins\org.eclipse.m2e.maven.runtime_3.9.900.20240824-1409\jars\maven-core-3.9.9.jar
2025-09-22 16:29:14,903 [Worker-47: Launching Executing clean in D__3-1_watchlist_Backend] INFO  o.eclipse.m2e.core.internal.Bundles - 	Entry: C:\Users\SHYAMALA\.p2\pool\plugins\org.eclipse.m2e.maven.runtime_3.9.900.20240824-1409\jars\maven-embedder-3.9.9.jar
2025-09-22 16:29:14,903 [Worker-47: Launching Executing clean in D__3-1_watchlist_Backend] INFO  o.eclipse.m2e.core.internal.Bundles - 	Entry: C:\Users\SHYAMALA\.p2\pool\plugins\org.eclipse.m2e.maven.runtime_3.9.900.20240824-1409\jars\maven-model-3.9.9.jar
2025-09-22 16:29:14,903 [Worker-47: Launching Executing clean in D__3-1_watchlist_Backend] INFO  o.eclipse.m2e.core.internal.Bundles - 	Entry: C:\Users\SHYAMALA\.p2\pool\plugins\org.eclipse.m2e.maven.runtime_3.9.900.20240824-1409\jars\maven-model-builder-3.9.9.jar
2025-09-22 16:29:14,903 [Worker-47: Launching Executing clean in D__3-1_watchlist_Backend] INFO  o.eclipse.m2e.core.internal.Bundles - 	Entry: C:\Users\SHYAMALA\.p2\pool\plugins\org.eclipse.m2e.maven.runtime_3.9.900.20240824-1409\jars\maven-plugin-api-3.9.9.jar
2025-09-22 16:29:14,904 [Worker-47: Launching Executing clean in D__3-1_watchlist_Backend] INFO  o.eclipse.m2e.core.internal.Bundles - 	Entry: C:\Users\SHYAMALA\.p2\pool\plugins\org.eclipse.m2e.maven.runtime_3.9.900.20240824-1409\jars\maven-repository-metadata-3.9.9.jar
2025-09-22 16:29:14,904 [Worker-47: Launching Executing clean in D__3-1_watchlist_Backend] INFO  o.eclipse.m2e.core.internal.Bundles - 	Entry: C:\Users\SHYAMALA\.p2\pool\plugins\org.eclipse.m2e.maven.runtime_3.9.900.20240824-1409\jars\maven-resolver-api-1.9.22.jar
2025-09-22 16:29:14,904 [Worker-47: Launching Executing clean in D__3-1_watchlist_Backend] INFO  o.eclipse.m2e.core.internal.Bundles - 	Entry: C:\Users\SHYAMALA\.p2\pool\plugins\org.eclipse.m2e.maven.runtime_3.9.900.20240824-1409\jars\maven-resolver-connector-basic-1.9.22.jar
2025-09-22 16:29:14,904 [Worker-47: Launching Executing clean in D__3-1_watchlist_Backend] INFO  o.eclipse.m2e.core.internal.Bundles - 	Entry: C:\Users\SHYAMALA\.p2\pool\plugins\org.eclipse.m2e.maven.runtime_3.9.900.20240824-1409\jars\maven-resolver-impl-1.9.22.jar
2025-09-22 16:29:14,904 [Worker-47: Launching Executing clean in D__3-1_watchlist_Backend] INFO  o.eclipse.m2e.core.internal.Bundles - 	Entry: C:\Users\SHYAMALA\.p2\pool\plugins\org.eclipse.m2e.maven.runtime_3.9.900.20240824-1409\jars\maven-resolver-named-locks-1.9.22.jar
2025-09-22 16:29:14,904 [Worker-47: Launching Executing clean in D__3-1_watchlist_Backend] INFO  o.eclipse.m2e.core.internal.Bundles - 	Entry: C:\Users\SHYAMALA\.p2\pool\plugins\org.eclipse.m2e.maven.runtime_3.9.900.20240824-1409\jars\maven-resolver-provider-3.9.9.jar
2025-09-22 16:29:14,904 [Worker-47: Launching Executing clean in D__3-1_watchlist_Backend] INFO  o.eclipse.m2e.core.internal.Bundles - 	Entry: C:\Users\SHYAMALA\.p2\pool\plugins\org.eclipse.m2e.maven.runtime_3.9.900.20240824-1409\jars\maven-resolver-spi-1.9.22.jar
2025-09-22 16:29:14,904 [Worker-47: Launching Executing clean in D__3-1_watchlist_Backend] INFO  o.eclipse.m2e.core.internal.Bundles - 	Entry: C:\Users\SHYAMALA\.p2\pool\plugins\org.eclipse.m2e.maven.runtime_3.9.900.20240824-1409\jars\maven-resolver-transport-file-1.9.22.jar
2025-09-22 16:29:14,905 [Worker-47: Launching Executing clean in D__3-1_watchlist_Backend] INFO  o.eclipse.m2e.core.internal.Bundles - 	Entry: C:\Users\SHYAMALA\.p2\pool\plugins\org.eclipse.m2e.maven.runtime_3.9.900.20240824-1409\jars\maven-resolver-transport-http-1.9.22.jar
2025-09-22 16:29:14,905 [Worker-47: Launching Executing clean in D__3-1_watchlist_Backend] INFO  o.eclipse.m2e.core.internal.Bundles - 	Entry: C:\Users\SHYAMALA\.p2\pool\plugins\org.eclipse.m2e.maven.runtime_3.9.900.20240824-1409\jars\maven-resolver-transport-wagon-1.9.22.jar
2025-09-22 16:29:14,905 [Worker-47: Launching Executing clean in D__3-1_watchlist_Backend] INFO  o.eclipse.m2e.core.internal.Bundles - 	Entry: C:\Users\SHYAMALA\.p2\pool\plugins\org.eclipse.m2e.maven.runtime_3.9.900.20240824-1409\jars\maven-resolver-util-1.9.22.jar
2025-09-22 16:29:14,905 [Worker-47: Launching Executing clean in D__3-1_watchlist_Backend] INFO  o.eclipse.m2e.core.internal.Bundles - 	Entry: C:\Users\SHYAMALA\.p2\pool\plugins\org.eclipse.m2e.maven.runtime_3.9.900.20240824-1409\jars\maven-settings-3.9.9.jar
2025-09-22 16:29:14,905 [Worker-47: Launching Executing clean in D__3-1_watchlist_Backend] INFO  o.eclipse.m2e.core.internal.Bundles - 	Entry: C:\Users\SHYAMALA\.p2\pool\plugins\org.eclipse.m2e.maven.runtime_3.9.900.20240824-1409\jars\maven-settings-builder-3.9.9.jar
2025-09-22 16:29:14,905 [Worker-47: Launching Executing clean in D__3-1_watchlist_Backend] INFO  o.eclipse.m2e.core.internal.Bundles - 	Entry: C:\Users\SHYAMALA\.p2\pool\plugins\org.eclipse.m2e.maven.runtime_3.9.900.20240824-1409\jars\maven-shared-utils-3.4.2.jar
2025-09-22 16:29:14,905 [Worker-47: Launching Executing clean in D__3-1_watchlist_Backend] INFO  o.eclipse.m2e.core.internal.Bundles - 	Entry: C:\Users\SHYAMALA\.p2\pool\plugins\org.eclipse.m2e.maven.runtime_3.9.900.20240824-1409\jars\org.eclipse.sisu.inject-0.9.0.M3.jar
2025-09-22 16:29:14,905 [Worker-47: Launching Executing clean in D__3-1_watchlist_Backend] INFO  o.eclipse.m2e.core.internal.Bundles - 	Entry: C:\Users\SHYAMALA\.p2\pool\plugins\org.eclipse.m2e.maven.runtime_3.9.900.20240824-1409\jars\org.eclipse.sisu.plexus-0.9.0.M3.jar
2025-09-22 16:29:14,906 [Worker-47: Launching Executing clean in D__3-1_watchlist_Backend] INFO  o.eclipse.m2e.core.internal.Bundles - 	Entry: C:\Users\SHYAMALA\.p2\pool\plugins\org.eclipse.m2e.maven.runtime_3.9.900.20240824-1409\jars\plexus-build-api-0.0.7.jar
2025-09-22 16:29:14,906 [Worker-47: Launching Executing clean in D__3-1_watchlist_Backend] INFO  o.eclipse.m2e.core.internal.Bundles - 	Entry: C:\Users\SHYAMALA\.p2\pool\plugins\org.eclipse.m2e.maven.runtime_3.9.900.20240824-1409\jars\plexus-build-api-1.2.0.jar
2025-09-22 16:29:14,906 [Worker-47: Launching Executing clean in D__3-1_watchlist_Backend] INFO  o.eclipse.m2e.core.internal.Bundles - 	Entry: C:\Users\SHYAMALA\.p2\pool\plugins\org.eclipse.m2e.maven.runtime_3.9.900.20240824-1409\jars\plexus-cipher-2.0.jar
2025-09-22 16:29:14,906 [Worker-47: Launching Executing clean in D__3-1_watchlist_Backend] INFO  o.eclipse.m2e.core.internal.Bundles - 	Entry: C:\Users\SHYAMALA\.p2\pool\plugins\org.eclipse.m2e.maven.runtime_3.9.900.20240824-1409\jars\plexus-classworlds-2.8.0.jar
2025-09-22 16:29:14,906 [Worker-47: Launching Executing clean in D__3-1_watchlist_Backend] INFO  o.eclipse.m2e.core.internal.Bundles - 	Entry: C:\Users\SHYAMALA\.p2\pool\plugins\org.eclipse.m2e.maven.runtime_3.9.900.20240824-1409\jars\plexus-component-annotations-2.1.0.jar
2025-09-22 16:29:14,906 [Worker-47: Launching Executing clean in D__3-1_watchlist_Backend] INFO  o.eclipse.m2e.core.internal.Bundles - 	Entry: C:\Users\SHYAMALA\.p2\pool\plugins\org.eclipse.m2e.maven.runtime_3.9.900.20240824-1409\jars\plexus-interpolation-1.27.jar
2025-09-22 16:29:14,906 [Worker-47: Launching Executing clean in D__3-1_watchlist_Backend] INFO  o.eclipse.m2e.core.internal.Bundles - 	Entry: C:\Users\SHYAMALA\.p2\pool\plugins\org.eclipse.m2e.maven.runtime_3.9.900.20240824-1409\jars\plexus-sec-dispatcher-2.0.jar
2025-09-22 16:29:14,906 [Worker-47: Launching Executing clean in D__3-1_watchlist_Backend] INFO  o.eclipse.m2e.core.internal.Bundles - 	Entry: C:\Users\SHYAMALA\.p2\pool\plugins\org.eclipse.m2e.maven.runtime_3.9.900.20240824-1409\jars\plexus-utils-3.5.1.jar
2025-09-22 16:29:14,907 [Worker-47: Launching Executing clean in D__3-1_watchlist_Backend] INFO  o.eclipse.m2e.core.internal.Bundles - 	Entry: C:\Users\SHYAMALA\.p2\pool\plugins\org.eclipse.m2e.maven.runtime_3.9.900.20240824-1409\jars\plexus-xml-3.0.1.jar
2025-09-22 16:29:14,907 [Worker-47: Launching Executing clean in D__3-1_watchlist_Backend] INFO  o.eclipse.m2e.core.internal.Bundles - 	Entry: C:\Users\SHYAMALA\.p2\pool\plugins\org.eclipse.m2e.maven.runtime_3.9.900.20240824-1409\jars\wagon-file-3.5.3.jar
2025-09-22 16:29:14,907 [Worker-47: Launching Executing clean in D__3-1_watchlist_Backend] INFO  o.eclipse.m2e.core.internal.Bundles - 	Entry: C:\Users\SHYAMALA\.p2\pool\plugins\org.eclipse.m2e.maven.runtime_3.9.900.20240824-1409\jars\wagon-http-3.5.3.jar
2025-09-22 16:29:14,907 [Worker-47: Launching Executing clean in D__3-1_watchlist_Backend] INFO  o.eclipse.m2e.core.internal.Bundles - 	Entry: C:\Users\SHYAMALA\.p2\pool\plugins\org.eclipse.m2e.maven.runtime_3.9.900.20240824-1409\jars\wagon-http-shared-3.5.3.jar
2025-09-22 16:29:14,907 [Worker-47: Launching Executing clean in D__3-1_watchlist_Backend] INFO  o.eclipse.m2e.core.internal.Bundles - 	Entry: C:\Users\SHYAMALA\.p2\pool\plugins\org.eclipse.m2e.maven.runtime_3.9.900.20240824-1409\jars\wagon-provider-api-3.5.3.jar
2025-09-22 16:29:14,907 [Worker-47: Launching Executing clean in D__3-1_watchlist_Backend] INFO  o.eclipse.m2e.core.internal.Bundles - getClasspathEntries(Bundle=com.google.guava_33.3.1.jre [1028])
2025-09-22 16:29:14,908 [Worker-47: Launching Executing clean in D__3-1_watchlist_Backend] INFO  o.eclipse.m2e.core.internal.Bundles - 	Entry: C:\Users\SHYAMALA\.p2\pool\plugins\com.google.guava_33.3.1.jre.jar
2025-09-22 16:29:14,908 [Worker-47: Launching Executing clean in D__3-1_watchlist_Backend] INFO  o.eclipse.m2e.core.internal.Bundles - getClasspathEntries(Bundle=slf4j.api_2.0.16 [1007])
2025-09-22 16:29:14,908 [Worker-47: Launching Executing clean in D__3-1_watchlist_Backend] INFO  o.eclipse.m2e.core.internal.Bundles - 	Entry: C:\Users\SHYAMALA\.p2\pool\plugins\slf4j.api_2.0.16.jar
2025-09-22 16:29:14,908 [Worker-47: Launching Executing clean in D__3-1_watchlist_Backend] INFO  o.eclipse.m2e.core.internal.Bundles - getClasspathEntries(Bundle=jakarta.inject.jakarta.inject-api_1.0.5 [34])
2025-09-22 16:29:14,909 [Worker-47: Launching Executing clean in D__3-1_watchlist_Backend] INFO  o.eclipse.m2e.core.internal.Bundles - 	Entry: C:\Users\SHYAMALA\.p2\pool\plugins\jakarta.inject.jakarta.inject-api_1.0.5.jar
2025-09-22 16:29:14,909 [Worker-47: Launching Executing clean in D__3-1_watchlist_Backend] INFO  o.eclipse.m2e.core.internal.Bundles - getClasspathEntries(Bundle=jakarta.annotation-api_1.3.5 [29])
2025-09-22 16:29:14,909 [Worker-47: Launching Executing clean in D__3-1_watchlist_Backend] INFO  o.eclipse.m2e.core.internal.Bundles - 	Entry: C:\Users\SHYAMALA\.p2\pool\plugins\jakarta.annotation-api_1.3.5.jar
2025-09-22 16:29:14,909 [Worker-47: Launching Executing clean in D__3-1_watchlist_Backend] INFO  o.eclipse.m2e.core.internal.Bundles - getClasspathEntries(Bundle=org.apache.commons.cli_1.9.0 [78])
2025-09-22 16:29:14,909 [Worker-47: Launching Executing clean in D__3-1_watchlist_Backend] INFO  o.eclipse.m2e.core.internal.Bundles - 	Entry: C:\Users\SHYAMALA\.p2\pool\plugins\org.apache.commons.cli_1.9.0.jar
2025-09-22 16:29:14,909 [Worker-47: Launching Executing clean in D__3-1_watchlist_Backend] INFO  o.eclipse.m2e.core.internal.Bundles - getClasspathEntries(Bundle=org.apache.commons.commons-codec_1.16.0 [81])
2025-09-22 16:29:14,909 [Worker-47: Launching Executing clean in D__3-1_watchlist_Backend] INFO  o.eclipse.m2e.core.internal.Bundles - 	Entry: C:\Users\SHYAMALA\.p2\pool\plugins\org.apache.commons.commons-codec_1.16.0.jar
2025-09-22 16:29:14,910 [Worker-47: Launching Executing clean in D__3-1_watchlist_Backend] INFO  o.eclipse.m2e.core.internal.Bundles - getClasspathEntries(Bundle=com.google.guava.failureaccess_1.0.2 [17])
2025-09-22 16:29:14,910 [Worker-47: Launching Executing clean in D__3-1_watchlist_Backend] INFO  o.eclipse.m2e.core.internal.Bundles - 	Entry: C:\Users\SHYAMALA\.p2\pool\plugins\com.google.guava.failureaccess_1.0.2.jar
2025-09-22 16:29:14,911 [Worker-47: Launching Executing clean in D__3-1_watchlist_Backend] INFO  o.e.m.i.launch.MavenLaunchDelegate - Run build in "D:\3-1\watchlist\Backend":
2025-09-22 16:29:14,912 [Worker-47: Launching Executing clean in D__3-1_watchlist_Backend] INFO  o.e.m.i.launch.MavenLaunchDelegate -  mvn  -B -Dstyle.color=always clean
2025-09-22 16:29:49,769 [Worker-55: Updating Maven Project] INFO  o.e.m.c.i.p.ProjectConfigurationManager - Update started
2025-09-22 16:29:50,060 [Worker-55: Updating Maven Project] INFO  o.e.m.c.i.l.LifecycleMappingFactory - Using org.maven.ide.eclipse.wtp.WarLifecycleMapping lifecycle mapping for MavenProject: com.example:ART_GALLERY:0.0.1-SNAPSHOT @ D:\3-1\watchlist\Backend\pom.xml.
2025-09-22 16:29:50,580 [Worker-55: Updating Maven Project] INFO  o.e.m.j.i.AbstractJavaProjectConfigurator - Adding source folder /Backend/src/main/java
2025-09-22 16:29:50,581 [Worker-55: Updating Maven Project] INFO  o.e.m.j.i.AbstractJavaProjectConfigurator - Adding resource folder /Backend/src/main/resources
2025-09-22 16:29:50,581 [Worker-55: Updating Maven Project] INFO  o.e.m.j.i.AbstractJavaProjectConfigurator - Adding resource folder /Backend/src/main/resources
2025-09-22 16:29:50,582 [Worker-55: Updating Maven Project] INFO  o.e.m.j.i.AbstractJavaProjectConfigurator - Adding source folder /Backend/src/test/java
2025-09-22 16:29:50,582 [Worker-55: Updating Maven Project] INFO  o.e.m.j.i.AbstractJavaProjectConfigurator - Adding resource folder /Backend/src/test/resources
2025-09-22 16:29:51,161 [Worker-55: Updating Maven Project] INFO  o.e.m.w.i.f.ResourceFilteringBuildParticipant - Cleaning filtered folder for Backend
2025-09-22 16:29:51,182 [Worker-55: Updating Maven Project] INFO  o.e.m.c.i.p.ProjectConfigurationManager - Update completed for 1 poms: local refresh takes 0.00 sec, refresh facades takes 0.00 sec, update config takes 0.00 sec 
2025-09-22 16:29:51,695 [Worker-34: Building] INFO  o.a.m.s.f.DefaultMavenResourcesFiltering - Copying 1 resource from src\main\resources to target\classes
2025-09-22 16:29:51,709 [Worker-34: Building] INFO  o.a.m.s.f.DefaultMavenResourcesFiltering - Copying 0 resource from src\main\resources to target\classes
2025-09-22 16:29:51,715 [Worker-34: Building] INFO  o.a.m.s.f.DefaultMavenResourcesFiltering - Copying 0 resource from src\test\resources to target\test-classes
2025-09-22 16:29:51,715 [Worker-34: Building] INFO  o.e.m.w.i.f.ResourceFilteringBuildParticipant - Changed resources require a complete clean of filtered resources of Backend
2025-09-22 16:29:51,715 [Worker-34: Building] INFO  o.e.m.w.i.f.ResourceFilteringBuildParticipant - Executing resource filtering for Backend
2025-09-22 16:34:02,220 [Worker-50: Updating Maven Project] INFO  o.e.m.c.i.p.ProjectConfigurationManager - Update started
2025-09-22 16:34:02,524 [Worker-50: Updating Maven Project] INFO  o.e.m.c.i.l.LifecycleMappingFactory - Using org.maven.ide.eclipse.wtp.WarLifecycleMapping lifecycle mapping for MavenProject: com.example:ART_GALLERY:0.0.1-SNAPSHOT @ D:\3-1\watchlist\Backend\pom.xml.
2025-09-22 16:34:02,973 [Worker-50: Updating Maven Project] INFO  o.e.m.j.i.AbstractJavaProjectConfigurator - Adding source folder /Backend/src/main/java
2025-09-22 16:34:02,974 [Worker-50: Updating Maven Project] INFO  o.e.m.j.i.AbstractJavaProjectConfigurator - Adding resource folder /Backend/src/main/resources
2025-09-22 16:34:02,974 [Worker-50: Updating Maven Project] INFO  o.e.m.j.i.AbstractJavaProjectConfigurator - Adding resource folder /Backend/src/main/resources
2025-09-22 16:34:02,975 [Worker-50: Updating Maven Project] INFO  o.e.m.j.i.AbstractJavaProjectConfigurator - Adding source folder /Backend/src/test/java
2025-09-22 16:34:02,975 [Worker-50: Updating Maven Project] INFO  o.e.m.j.i.AbstractJavaProjectConfigurator - Adding resource folder /Backend/src/test/resources
2025-09-22 16:34:03,551 [Worker-50: Updating Maven Project] INFO  o.e.m.w.i.f.ResourceFilteringBuildParticipant - Cleaning filtered folder for Backend
2025-09-22 16:34:03,572 [Worker-50: Updating Maven Project] INFO  o.e.m.c.i.p.ProjectConfigurationManager - Update completed for 1 poms: local refresh takes 0.00 sec, refresh facades takes 0.00 sec, update config takes 0.00 sec 
2025-09-22 16:34:04,003 [Worker-50: Building] INFO  o.a.m.s.f.DefaultMavenResourcesFiltering - Copying 1 resource from src\main\resources to target\classes
2025-09-22 16:34:04,025 [Worker-50: Building] INFO  o.a.m.s.f.DefaultMavenResourcesFiltering - Copying 0 resource from src\main\resources to target\classes
2025-09-22 16:34:04,035 [Worker-50: Building] INFO  o.a.m.s.f.DefaultMavenResourcesFiltering - Copying 0 resource from src\test\resources to target\test-classes
2025-09-22 16:34:04,036 [Worker-50: Building] INFO  o.e.m.w.i.f.ResourceFilteringBuildParticipant - Changed resources require a complete clean of filtered resources of Backend
2025-09-22 16:34:04,036 [Worker-50: Building] INFO  o.e.m.w.i.f.ResourceFilteringBuildParticipant - Executing resource filtering for Backend
2025-09-22 16:35:09,770 [Worker-62: Building] INFO  o.e.m.c.i.l.LifecycleMappingFactory - Using org.maven.ide.eclipse.wtp.WarLifecycleMapping lifecycle mapping for MavenProject: com.example:ART_GALLERY:0.0.1-SNAPSHOT @ D:\3-1\watchlist\Backend\pom.xml.
2025-09-22 16:35:10,300 [Worker-62: Building] INFO  o.a.m.s.f.DefaultMavenResourcesFiltering - Copying 0 resource from src\main\resources to target\classes
2025-09-22 16:35:10,300 [Worker-62: Building] INFO  o.a.m.s.f.DefaultMavenResourcesFiltering - Copying 0 resource from src\main\resources to target\classes
2025-09-22 16:35:10,304 [Worker-62: Building] INFO  o.a.m.s.f.DefaultMavenResourcesFiltering - Copying 0 resource from src\test\resources to target\test-classes
2025-09-22 16:35:10,305 [Worker-62: Building] INFO  o.e.m.w.i.f.ResourceFilteringBuildParticipant - Changed resources require a complete clean of filtered resources of Backend
2025-09-22 16:35:10,305 [Worker-62: Building] INFO  o.e.m.w.i.f.ResourceFilteringBuildParticipant - Executing resource filtering for Backend
2025-09-22 16:35:44,606 [Worker-52: Updating Maven Project] INFO  o.e.m.c.i.p.ProjectConfigurationManager - Update started
2025-09-22 16:35:44,881 [Worker-52: Updating Maven Project] INFO  o.e.m.c.i.l.LifecycleMappingFactory - Using org.maven.ide.eclipse.wtp.WarLifecycleMapping lifecycle mapping for MavenProject: com.example:ART_GALLERY:0.0.1-SNAPSHOT @ D:\3-1\watchlist\Backend\pom.xml.
2025-09-22 16:35:45,302 [Worker-52: Updating Maven Project] INFO  o.e.m.j.i.AbstractJavaProjectConfigurator - Adding source folder /Backend/src/main/java
2025-09-22 16:35:45,302 [Worker-52: Updating Maven Project] INFO  o.e.m.j.i.AbstractJavaProjectConfigurator - Adding resource folder /Backend/src/main/resources
2025-09-22 16:35:45,302 [Worker-52: Updating Maven Project] INFO  o.e.m.j.i.AbstractJavaProjectConfigurator - Adding resource folder /Backend/src/main/resources
2025-09-22 16:35:45,303 [Worker-52: Updating Maven Project] INFO  o.e.m.j.i.AbstractJavaProjectConfigurator - Adding source folder /Backend/src/test/java
2025-09-22 16:35:45,304 [Worker-52: Updating Maven Project] INFO  o.e.m.j.i.AbstractJavaProjectConfigurator - Adding resource folder /Backend/src/test/resources
2025-09-22 16:35:45,918 [Worker-52: Updating Maven Project] INFO  o.e.m.w.i.f.ResourceFilteringBuildParticipant - Cleaning filtered folder for Backend
2025-09-22 16:35:45,946 [Worker-52: Updating Maven Project] INFO  o.e.m.c.i.p.ProjectConfigurationManager - Update completed for 1 poms: local refresh takes 0.00 sec, refresh facades takes 0.00 sec, update config takes 0.00 sec 
2025-09-22 16:35:46,400 [Worker-52: Building] INFO  o.a.m.s.f.DefaultMavenResourcesFiltering - Copying 1 resource from src\main\resources to target\classes
2025-09-22 16:35:46,421 [Worker-52: Building] INFO  o.a.m.s.f.DefaultMavenResourcesFiltering - Copying 0 resource from src\main\resources to target\classes
2025-09-22 16:35:46,429 [Worker-52: Building] INFO  o.a.m.s.f.DefaultMavenResourcesFiltering - Copying 0 resource from src\test\resources to target\test-classes
2025-09-22 16:35:46,429 [Worker-52: Building] INFO  o.e.m.w.i.f.ResourceFilteringBuildParticipant - Changed resources require a complete clean of filtered resources of Backend
2025-09-22 16:35:46,429 [Worker-52: Building] INFO  o.e.m.w.i.f.ResourceFilteringBuildParticipant - Executing resource filtering for Backend
2025-09-22 16:36:13,438 [Worker-62: Launching Executing clean in D__3-1_watchlist_Backend] INFO  o.eclipse.m2e.core.internal.Bundles - getClasspathEntries(Bundle=org.eclipse.m2e.maven.runtime_3.9.900.20240824-1409 [642])
2025-09-22 16:36:13,439 [Worker-62: Launching Executing clean in D__3-1_watchlist_Backend] INFO  o.eclipse.m2e.core.internal.Bundles - 	Entry: C:\Users\SHYAMALA\.p2\pool\plugins\org.eclipse.m2e.maven.runtime_3.9.900.20240824-1409
2025-09-22 16:36:13,439 [Worker-62: Launching Executing clean in D__3-1_watchlist_Backend] INFO  o.eclipse.m2e.core.internal.Bundles - 	Entry: C:\Users\SHYAMALA\.p2\pool\plugins\org.eclipse.m2e.maven.runtime_3.9.900.20240824-1409\jars\aopalliance-1.0.jar
2025-09-22 16:36:13,439 [Worker-62: Launching Executing clean in D__3-1_watchlist_Backend] INFO  o.eclipse.m2e.core.internal.Bundles - 	Entry: C:\Users\SHYAMALA\.p2\pool\plugins\org.eclipse.m2e.maven.runtime_3.9.900.20240824-1409\jars\guice-5.1.0.jar
2025-09-22 16:36:13,439 [Worker-62: Launching Executing clean in D__3-1_watchlist_Backend] INFO  o.eclipse.m2e.core.internal.Bundles - 	Entry: C:\Users\SHYAMALA\.p2\pool\plugins\org.eclipse.m2e.maven.runtime_3.9.900.20240824-1409\jars\httpclient-4.5.14.jar
2025-09-22 16:36:13,439 [Worker-62: Launching Executing clean in D__3-1_watchlist_Backend] INFO  o.eclipse.m2e.core.internal.Bundles - 	Entry: C:\Users\SHYAMALA\.p2\pool\plugins\org.eclipse.m2e.maven.runtime_3.9.900.20240824-1409\jars\httpcore-4.4.16.jar
2025-09-22 16:36:13,439 [Worker-62: Launching Executing clean in D__3-1_watchlist_Backend] INFO  o.eclipse.m2e.core.internal.Bundles - 	Entry: C:\Users\SHYAMALA\.p2\pool\plugins\org.eclipse.m2e.maven.runtime_3.9.900.20240824-1409\jars\jansi-2.4.1.jar
2025-09-22 16:36:13,440 [Worker-62: Launching Executing clean in D__3-1_watchlist_Backend] INFO  o.eclipse.m2e.core.internal.Bundles - 	Entry: C:\Users\SHYAMALA\.p2\pool\plugins\org.eclipse.m2e.maven.runtime_3.9.900.20240824-1409\jars\jcl-over-slf4j-1.7.36.jar
2025-09-22 16:36:13,440 [Worker-62: Launching Executing clean in D__3-1_watchlist_Backend] INFO  o.eclipse.m2e.core.internal.Bundles - 	Entry: C:\Users\SHYAMALA\.p2\pool\plugins\org.eclipse.m2e.maven.runtime_3.9.900.20240824-1409\jars\maven-artifact-3.9.9.jar
2025-09-22 16:36:13,440 [Worker-62: Launching Executing clean in D__3-1_watchlist_Backend] INFO  o.eclipse.m2e.core.internal.Bundles - 	Entry: C:\Users\SHYAMALA\.p2\pool\plugins\org.eclipse.m2e.maven.runtime_3.9.900.20240824-1409\jars\maven-builder-support-3.9.9.jar
2025-09-22 16:36:13,440 [Worker-62: Launching Executing clean in D__3-1_watchlist_Backend] INFO  o.eclipse.m2e.core.internal.Bundles - 	Entry: C:\Users\SHYAMALA\.p2\pool\plugins\org.eclipse.m2e.maven.runtime_3.9.900.20240824-1409\jars\maven-compat-3.9.9.jar
2025-09-22 16:36:13,440 [Worker-62: Launching Executing clean in D__3-1_watchlist_Backend] INFO  o.eclipse.m2e.core.internal.Bundles - 	Entry: C:\Users\SHYAMALA\.p2\pool\plugins\org.eclipse.m2e.maven.runtime_3.9.900.20240824-1409\jars\maven-core-3.9.9.jar
2025-09-22 16:36:13,440 [Worker-62: Launching Executing clean in D__3-1_watchlist_Backend] INFO  o.eclipse.m2e.core.internal.Bundles - 	Entry: C:\Users\SHYAMALA\.p2\pool\plugins\org.eclipse.m2e.maven.runtime_3.9.900.20240824-1409\jars\maven-embedder-3.9.9.jar
2025-09-22 16:36:13,440 [Worker-62: Launching Executing clean in D__3-1_watchlist_Backend] INFO  o.eclipse.m2e.core.internal.Bundles - 	Entry: C:\Users\SHYAMALA\.p2\pool\plugins\org.eclipse.m2e.maven.runtime_3.9.900.20240824-1409\jars\maven-model-3.9.9.jar
2025-09-22 16:36:13,440 [Worker-62: Launching Executing clean in D__3-1_watchlist_Backend] INFO  o.eclipse.m2e.core.internal.Bundles - 	Entry: C:\Users\SHYAMALA\.p2\pool\plugins\org.eclipse.m2e.maven.runtime_3.9.900.20240824-1409\jars\maven-model-builder-3.9.9.jar
2025-09-22 16:36:13,440 [Worker-62: Launching Executing clean in D__3-1_watchlist_Backend] INFO  o.eclipse.m2e.core.internal.Bundles - 	Entry: C:\Users\SHYAMALA\.p2\pool\plugins\org.eclipse.m2e.maven.runtime_3.9.900.20240824-1409\jars\maven-plugin-api-3.9.9.jar
2025-09-22 16:36:13,441 [Worker-62: Launching Executing clean in D__3-1_watchlist_Backend] INFO  o.eclipse.m2e.core.internal.Bundles - 	Entry: C:\Users\SHYAMALA\.p2\pool\plugins\org.eclipse.m2e.maven.runtime_3.9.900.20240824-1409\jars\maven-repository-metadata-3.9.9.jar
2025-09-22 16:36:13,441 [Worker-62: Launching Executing clean in D__3-1_watchlist_Backend] INFO  o.eclipse.m2e.core.internal.Bundles - 	Entry: C:\Users\SHYAMALA\.p2\pool\plugins\org.eclipse.m2e.maven.runtime_3.9.900.20240824-1409\jars\maven-resolver-api-1.9.22.jar
2025-09-22 16:36:13,441 [Worker-62: Launching Executing clean in D__3-1_watchlist_Backend] INFO  o.eclipse.m2e.core.internal.Bundles - 	Entry: C:\Users\SHYAMALA\.p2\pool\plugins\org.eclipse.m2e.maven.runtime_3.9.900.20240824-1409\jars\maven-resolver-connector-basic-1.9.22.jar
2025-09-22 16:36:13,441 [Worker-62: Launching Executing clean in D__3-1_watchlist_Backend] INFO  o.eclipse.m2e.core.internal.Bundles - 	Entry: C:\Users\SHYAMALA\.p2\pool\plugins\org.eclipse.m2e.maven.runtime_3.9.900.20240824-1409\jars\maven-resolver-impl-1.9.22.jar
2025-09-22 16:36:13,441 [Worker-62: Launching Executing clean in D__3-1_watchlist_Backend] INFO  o.eclipse.m2e.core.internal.Bundles - 	Entry: C:\Users\SHYAMALA\.p2\pool\plugins\org.eclipse.m2e.maven.runtime_3.9.900.20240824-1409\jars\maven-resolver-named-locks-1.9.22.jar
2025-09-22 16:36:13,441 [Worker-62: Launching Executing clean in D__3-1_watchlist_Backend] INFO  o.eclipse.m2e.core.internal.Bundles - 	Entry: C:\Users\SHYAMALA\.p2\pool\plugins\org.eclipse.m2e.maven.runtime_3.9.900.20240824-1409\jars\maven-resolver-provider-3.9.9.jar
2025-09-22 16:36:13,441 [Worker-62: Launching Executing clean in D__3-1_watchlist_Backend] INFO  o.eclipse.m2e.core.internal.Bundles - 	Entry: C:\Users\SHYAMALA\.p2\pool\plugins\org.eclipse.m2e.maven.runtime_3.9.900.20240824-1409\jars\maven-resolver-spi-1.9.22.jar
2025-09-22 16:36:13,441 [Worker-62: Launching Executing clean in D__3-1_watchlist_Backend] INFO  o.eclipse.m2e.core.internal.Bundles - 	Entry: C:\Users\SHYAMALA\.p2\pool\plugins\org.eclipse.m2e.maven.runtime_3.9.900.20240824-1409\jars\maven-resolver-transport-file-1.9.22.jar
2025-09-22 16:36:13,442 [Worker-62: Launching Executing clean in D__3-1_watchlist_Backend] INFO  o.eclipse.m2e.core.internal.Bundles - 	Entry: C:\Users\SHYAMALA\.p2\pool\plugins\org.eclipse.m2e.maven.runtime_3.9.900.20240824-1409\jars\maven-resolver-transport-http-1.9.22.jar
2025-09-22 16:36:13,442 [Worker-62: Launching Executing clean in D__3-1_watchlist_Backend] INFO  o.eclipse.m2e.core.internal.Bundles - 	Entry: C:\Users\SHYAMALA\.p2\pool\plugins\org.eclipse.m2e.maven.runtime_3.9.900.20240824-1409\jars\maven-resolver-transport-wagon-1.9.22.jar
2025-09-22 16:36:13,442 [Worker-62: Launching Executing clean in D__3-1_watchlist_Backend] INFO  o.eclipse.m2e.core.internal.Bundles - 	Entry: C:\Users\SHYAMALA\.p2\pool\plugins\org.eclipse.m2e.maven.runtime_3.9.900.20240824-1409\jars\maven-resolver-util-1.9.22.jar
2025-09-22 16:36:13,442 [Worker-62: Launching Executing clean in D__3-1_watchlist_Backend] INFO  o.eclipse.m2e.core.internal.Bundles - 	Entry: C:\Users\SHYAMALA\.p2\pool\plugins\org.eclipse.m2e.maven.runtime_3.9.900.20240824-1409\jars\maven-settings-3.9.9.jar
2025-09-22 16:36:13,442 [Worker-62: Launching Executing clean in D__3-1_watchlist_Backend] INFO  o.eclipse.m2e.core.internal.Bundles - 	Entry: C:\Users\SHYAMALA\.p2\pool\plugins\org.eclipse.m2e.maven.runtime_3.9.900.20240824-1409\jars\maven-settings-builder-3.9.9.jar
2025-09-22 16:36:13,442 [Worker-62: Launching Executing clean in D__3-1_watchlist_Backend] INFO  o.eclipse.m2e.core.internal.Bundles - 	Entry: C:\Users\SHYAMALA\.p2\pool\plugins\org.eclipse.m2e.maven.runtime_3.9.900.20240824-1409\jars\maven-shared-utils-3.4.2.jar
2025-09-22 16:36:13,442 [Worker-62: Launching Executing clean in D__3-1_watchlist_Backend] INFO  o.eclipse.m2e.core.internal.Bundles - 	Entry: C:\Users\SHYAMALA\.p2\pool\plugins\org.eclipse.m2e.maven.runtime_3.9.900.20240824-1409\jars\org.eclipse.sisu.inject-0.9.0.M3.jar
2025-09-22 16:36:13,442 [Worker-62: Launching Executing clean in D__3-1_watchlist_Backend] INFO  o.eclipse.m2e.core.internal.Bundles - 	Entry: C:\Users\SHYAMALA\.p2\pool\plugins\org.eclipse.m2e.maven.runtime_3.9.900.20240824-1409\jars\org.eclipse.sisu.plexus-0.9.0.M3.jar
2025-09-22 16:36:13,442 [Worker-62: Launching Executing clean in D__3-1_watchlist_Backend] INFO  o.eclipse.m2e.core.internal.Bundles - 	Entry: C:\Users\SHYAMALA\.p2\pool\plugins\org.eclipse.m2e.maven.runtime_3.9.900.20240824-1409\jars\plexus-build-api-0.0.7.jar
2025-09-22 16:36:13,443 [Worker-62: Launching Executing clean in D__3-1_watchlist_Backend] INFO  o.eclipse.m2e.core.internal.Bundles - 	Entry: C:\Users\SHYAMALA\.p2\pool\plugins\org.eclipse.m2e.maven.runtime_3.9.900.20240824-1409\jars\plexus-build-api-1.2.0.jar
2025-09-22 16:36:13,443 [Worker-62: Launching Executing clean in D__3-1_watchlist_Backend] INFO  o.eclipse.m2e.core.internal.Bundles - 	Entry: C:\Users\SHYAMALA\.p2\pool\plugins\org.eclipse.m2e.maven.runtime_3.9.900.20240824-1409\jars\plexus-cipher-2.0.jar
2025-09-22 16:36:13,443 [Worker-62: Launching Executing clean in D__3-1_watchlist_Backend] INFO  o.eclipse.m2e.core.internal.Bundles - 	Entry: C:\Users\SHYAMALA\.p2\pool\plugins\org.eclipse.m2e.maven.runtime_3.9.900.20240824-1409\jars\plexus-classworlds-2.8.0.jar
2025-09-22 16:36:13,443 [Worker-62: Launching Executing clean in D__3-1_watchlist_Backend] INFO  o.eclipse.m2e.core.internal.Bundles - 	Entry: C:\Users\SHYAMALA\.p2\pool\plugins\org.eclipse.m2e.maven.runtime_3.9.900.20240824-1409\jars\plexus-component-annotations-2.1.0.jar
2025-09-22 16:36:13,443 [Worker-62: Launching Executing clean in D__3-1_watchlist_Backend] INFO  o.eclipse.m2e.core.internal.Bundles - 	Entry: C:\Users\SHYAMALA\.p2\pool\plugins\org.eclipse.m2e.maven.runtime_3.9.900.20240824-1409\jars\plexus-interpolation-1.27.jar
2025-09-22 16:36:13,443 [Worker-62: Launching Executing clean in D__3-1_watchlist_Backend] INFO  o.eclipse.m2e.core.internal.Bundles - 	Entry: C:\Users\SHYAMALA\.p2\pool\plugins\org.eclipse.m2e.maven.runtime_3.9.900.20240824-1409\jars\plexus-sec-dispatcher-2.0.jar
2025-09-22 16:36:13,443 [Worker-62: Launching Executing clean in D__3-1_watchlist_Backend] INFO  o.eclipse.m2e.core.internal.Bundles - 	Entry: C:\Users\SHYAMALA\.p2\pool\plugins\org.eclipse.m2e.maven.runtime_3.9.900.20240824-1409\jars\plexus-utils-3.5.1.jar
2025-09-22 16:36:13,443 [Worker-62: Launching Executing clean in D__3-1_watchlist_Backend] INFO  o.eclipse.m2e.core.internal.Bundles - 	Entry: C:\Users\SHYAMALA\.p2\pool\plugins\org.eclipse.m2e.maven.runtime_3.9.900.20240824-1409\jars\plexus-xml-3.0.1.jar
2025-09-22 16:36:13,443 [Worker-62: Launching Executing clean in D__3-1_watchlist_Backend] INFO  o.eclipse.m2e.core.internal.Bundles - 	Entry: C:\Users\SHYAMALA\.p2\pool\plugins\org.eclipse.m2e.maven.runtime_3.9.900.20240824-1409\jars\wagon-file-3.5.3.jar
2025-09-22 16:36:13,443 [Worker-62: Launching Executing clean in D__3-1_watchlist_Backend] INFO  o.eclipse.m2e.core.internal.Bundles - 	Entry: C:\Users\SHYAMALA\.p2\pool\plugins\org.eclipse.m2e.maven.runtime_3.9.900.20240824-1409\jars\wagon-http-3.5.3.jar
2025-09-22 16:36:13,444 [Worker-62: Launching Executing clean in D__3-1_watchlist_Backend] INFO  o.eclipse.m2e.core.internal.Bundles - 	Entry: C:\Users\SHYAMALA\.p2\pool\plugins\org.eclipse.m2e.maven.runtime_3.9.900.20240824-1409\jars\wagon-http-shared-3.5.3.jar
2025-09-22 16:36:13,444 [Worker-62: Launching Executing clean in D__3-1_watchlist_Backend] INFO  o.eclipse.m2e.core.internal.Bundles - 	Entry: C:\Users\SHYAMALA\.p2\pool\plugins\org.eclipse.m2e.maven.runtime_3.9.900.20240824-1409\jars\wagon-provider-api-3.5.3.jar
2025-09-22 16:36:13,444 [Worker-62: Launching Executing clean in D__3-1_watchlist_Backend] INFO  o.eclipse.m2e.core.internal.Bundles - getClasspathEntries(Bundle=com.google.guava_33.3.1.jre [1028])
2025-09-22 16:36:13,444 [Worker-62: Launching Executing clean in D__3-1_watchlist_Backend] INFO  o.eclipse.m2e.core.internal.Bundles - 	Entry: C:\Users\SHYAMALA\.p2\pool\plugins\com.google.guava_33.3.1.jre.jar
2025-09-22 16:36:13,444 [Worker-62: Launching Executing clean in D__3-1_watchlist_Backend] INFO  o.eclipse.m2e.core.internal.Bundles - getClasspathEntries(Bundle=slf4j.api_2.0.16 [1007])
2025-09-22 16:36:13,445 [Worker-62: Launching Executing clean in D__3-1_watchlist_Backend] INFO  o.eclipse.m2e.core.internal.Bundles - 	Entry: C:\Users\SHYAMALA\.p2\pool\plugins\slf4j.api_2.0.16.jar
2025-09-22 16:36:13,445 [Worker-62: Launching Executing clean in D__3-1_watchlist_Backend] INFO  o.eclipse.m2e.core.internal.Bundles - getClasspathEntries(Bundle=jakarta.inject.jakarta.inject-api_1.0.5 [34])
2025-09-22 16:36:13,445 [Worker-62: Launching Executing clean in D__3-1_watchlist_Backend] INFO  o.eclipse.m2e.core.internal.Bundles - 	Entry: C:\Users\SHYAMALA\.p2\pool\plugins\jakarta.inject.jakarta.inject-api_1.0.5.jar
2025-09-22 16:36:13,445 [Worker-62: Launching Executing clean in D__3-1_watchlist_Backend] INFO  o.eclipse.m2e.core.internal.Bundles - getClasspathEntries(Bundle=jakarta.annotation-api_1.3.5 [29])
2025-09-22 16:36:13,445 [Worker-62: Launching Executing clean in D__3-1_watchlist_Backend] INFO  o.eclipse.m2e.core.internal.Bundles - 	Entry: C:\Users\SHYAMALA\.p2\pool\plugins\jakarta.annotation-api_1.3.5.jar
2025-09-22 16:36:13,445 [Worker-62: Launching Executing clean in D__3-1_watchlist_Backend] INFO  o.eclipse.m2e.core.internal.Bundles - getClasspathEntries(Bundle=org.apache.commons.cli_1.9.0 [78])
2025-09-22 16:36:13,446 [Worker-62: Launching Executing clean in D__3-1_watchlist_Backend] INFO  o.eclipse.m2e.core.internal.Bundles - 	Entry: C:\Users\SHYAMALA\.p2\pool\plugins\org.apache.commons.cli_1.9.0.jar
2025-09-22 16:36:13,446 [Worker-62: Launching Executing clean in D__3-1_watchlist_Backend] INFO  o.eclipse.m2e.core.internal.Bundles - getClasspathEntries(Bundle=org.apache.commons.commons-codec_1.16.0 [81])
2025-09-22 16:36:13,446 [Worker-62: Launching Executing clean in D__3-1_watchlist_Backend] INFO  o.eclipse.m2e.core.internal.Bundles - 	Entry: C:\Users\SHYAMALA\.p2\pool\plugins\org.apache.commons.commons-codec_1.16.0.jar
2025-09-22 16:36:13,446 [Worker-62: Launching Executing clean in D__3-1_watchlist_Backend] INFO  o.eclipse.m2e.core.internal.Bundles - getClasspathEntries(Bundle=com.google.guava.failureaccess_1.0.2 [17])
2025-09-22 16:36:13,446 [Worker-62: Launching Executing clean in D__3-1_watchlist_Backend] INFO  o.eclipse.m2e.core.internal.Bundles - 	Entry: C:\Users\SHYAMALA\.p2\pool\plugins\com.google.guava.failureaccess_1.0.2.jar
2025-09-22 16:36:13,448 [Worker-62: Launching Executing clean in D__3-1_watchlist_Backend] INFO  o.e.m.i.launch.MavenLaunchDelegate - Run build in "D:\3-1\watchlist\Backend":
2025-09-22 16:36:13,448 [Worker-62: Launching Executing clean in D__3-1_watchlist_Backend] INFO  o.e.m.i.launch.MavenLaunchDelegate -  mvn  -B -Dstyle.color=always clean
2025-09-22 16:36:15,878 [Worker-59: Building] INFO  o.a.m.s.f.DefaultMavenResourcesFiltering - Copying 1 resource from src\main\resources to target\classes
2025-09-22 16:36:15,879 [Worker-59: Building] INFO  o.a.m.s.f.DefaultMavenResourcesFiltering - Copying 0 resource from src\main\resources to target\classes
2025-09-22 16:36:15,882 [Worker-59: Building] INFO  o.a.m.s.f.DefaultMavenResourcesFiltering - Copying 0 resource from src\test\resources to target\test-classes
2025-09-22 16:36:15,882 [Worker-59: Building] INFO  o.e.m.w.i.f.ResourceFilteringBuildParticipant - Changed resources require a complete clean of filtered resources of Backend
2025-09-22 16:36:15,882 [Worker-59: Building] INFO  o.e.m.w.i.f.ResourceFilteringBuildParticipant - Executing resource filtering for Backend
2025-09-22 16:37:09,407 [Worker-50: Updating Maven Project] INFO  o.e.m.c.i.p.ProjectConfigurationManager - Update started
2025-09-22 16:37:09,684 [Worker-50: Updating Maven Project] INFO  o.e.m.c.i.l.LifecycleMappingFactory - Using org.maven.ide.eclipse.wtp.WarLifecycleMapping lifecycle mapping for MavenProject: com.example:ART_GALLERY:0.0.1-SNAPSHOT @ D:\3-1\watchlist\Backend\pom.xml.
2025-09-22 16:37:10,152 [Worker-50: Updating Maven Project] INFO  o.e.m.j.i.AbstractJavaProjectConfigurator - Adding source folder /Backend/src/main/java
2025-09-22 16:37:10,152 [Worker-50: Updating Maven Project] INFO  o.e.m.j.i.AbstractJavaProjectConfigurator - Adding resource folder /Backend/src/main/resources
2025-09-22 16:37:10,153 [Worker-50: Updating Maven Project] INFO  o.e.m.j.i.AbstractJavaProjectConfigurator - Adding resource folder /Backend/src/main/resources
2025-09-22 16:37:10,153 [Worker-50: Updating Maven Project] INFO  o.e.m.j.i.AbstractJavaProjectConfigurator - Adding source folder /Backend/src/test/java
2025-09-22 16:37:10,153 [Worker-50: Updating Maven Project] INFO  o.e.m.j.i.AbstractJavaProjectConfigurator - Adding resource folder /Backend/src/test/resources
2025-09-22 16:37:11,747 [Worker-50: Updating Maven Project] INFO  o.e.m.w.i.f.ResourceFilteringBuildParticipant - Cleaning filtered folder for Backend
2025-09-22 16:37:11,765 [Worker-50: Updating Maven Project] INFO  o.e.m.c.i.p.ProjectConfigurationManager - Update completed for 1 poms: local refresh takes 0.00 sec, refresh facades takes 0.00 sec, update config takes 0.00 sec 
2025-09-22 16:37:12,210 [Worker-50: Building] INFO  o.a.m.s.f.DefaultMavenResourcesFiltering - Copying 1 resource from src\main\resources to target\classes
2025-09-22 16:37:12,226 [Worker-50: Building] INFO  o.a.m.s.f.DefaultMavenResourcesFiltering - Copying 0 resource from src\main\resources to target\classes
2025-09-22 16:37:12,232 [Worker-50: Building] INFO  o.a.m.s.f.DefaultMavenResourcesFiltering - Copying 0 resource from src\test\resources to target\test-classes
2025-09-22 16:37:12,232 [Worker-50: Building] INFO  o.e.m.w.i.f.ResourceFilteringBuildParticipant - Changed resources require a complete clean of filtered resources of Backend
2025-09-22 16:37:12,233 [Worker-50: Building] INFO  o.e.m.w.i.f.ResourceFilteringBuildParticipant - Executing resource filtering for Backend
2025-09-22 16:40:02,860 [Worker-62: Building] ERROR o.e.m.c.i.p.r.ProjectRegistryManager - Could not read pom.xml
org.eclipse.core.runtime.CoreException: Could not read pom.xml
	at org.eclipse.m2e.core.internal.IMavenToolbox.readModel(IMavenToolbox.java:245)
	at org.eclipse.m2e.core.internal.project.registry.ProjectRegistryManager.refreshPhase2(ProjectRegistryManager.java:591)
	at org.eclipse.m2e.core.internal.project.registry.ProjectRegistryManager.refresh(ProjectRegistryManager.java:491)
	at org.eclipse.m2e.core.internal.project.registry.ProjectRegistryManager.refresh(ProjectRegistryManager.java:370)
	at org.eclipse.m2e.core.internal.project.registry.ProjectRegistryManager.refresh(ProjectRegistryManager.java:322)
	at org.eclipse.m2e.core.internal.builder.MavenBuilder$BuildMethod.getProjectFacade(MavenBuilder.java:146)
	at org.eclipse.m2e.core.internal.builder.MavenBuilder$BuildMethod.lambda$0(MavenBuilder.java:84)
	at org.eclipse.m2e.core.internal.embedder.MavenExecutionContext.executeBare(MavenExecutionContext.java:458)
	at org.eclipse.m2e.core.internal.embedder.MavenExecutionContext.execute(MavenExecutionContext.java:339)
	at org.eclipse.m2e.core.internal.embedder.MavenExecutionContext.execute(MavenExecutionContext.java:278)
	at org.eclipse.m2e.core.internal.builder.MavenBuilder$BuildMethod.execute(MavenBuilder.java:83)
	at org.eclipse.m2e.core.internal.builder.MavenBuilder.build(MavenBuilder.java:192)
	at org.eclipse.core.internal.events.BuildManager$2.run(BuildManager.java:1077)
	at org.eclipse.core.runtime.SafeRunner.run(SafeRunner.java:47)
	at org.eclipse.core.internal.events.BuildManager.basicBuild(BuildManager.java:296)
	at org.eclipse.core.internal.events.BuildManager.basicBuild(BuildManager.java:352)
	at org.eclipse.core.internal.events.BuildManager$1.run(BuildManager.java:441)
	at org.eclipse.core.runtime.SafeRunner.run(SafeRunner.java:47)
	at org.eclipse.core.internal.events.BuildManager.basicBuild(BuildManager.java:444)
	at org.eclipse.core.internal.events.BuildManager.basicBuildLoop(BuildManager.java:555)
	at org.eclipse.core.internal.events.BuildManager.basicBuildLoop(BuildManager.java:503)
	at org.eclipse.core.internal.events.BuildManager.build(BuildManager.java:585)
	at org.eclipse.core.internal.events.AutoBuildJob.doBuild(AutoBuildJob.java:207)
	at org.eclipse.core.internal.events.AutoBuildJob.run(AutoBuildJob.java:300)
	at org.eclipse.core.internal.jobs.Worker.run(Worker.java:63)
Caused by: org.apache.maven.model.io.ModelParseException: Duplicated tag: 'packaging' (position: START_TAG seen ...</version>\n\t<packaging>... @15:13) 
	at org.apache.maven.model.io.DefaultModelReader.read(DefaultModelReader.java:96)
	at org.apache.maven.model.io.DefaultModelReader.read(DefaultModelReader.java:74)
	at org.eclipse.m2e.core.internal.IMavenToolbox.readModel(IMavenToolbox.java:243)
	... 24 common frames omitted
Caused by: org.codehaus.plexus.util.xml.pull.XmlPullParserException: Duplicated tag: 'packaging' (position: START_TAG seen ...</version>\n\t<packaging>... @15:13) 
	at org.apache.maven.model.io.xpp3.MavenXpp3Reader.checkFieldWithDuplicate(MavenXpp3Reader.java:141)
	at org.apache.maven.model.io.xpp3.MavenXpp3Reader.parseModel(MavenXpp3Reader.java:2177)
	at org.apache.maven.model.io.xpp3.MavenXpp3Reader.read(MavenXpp3Reader.java:623)
	at org.apache.maven.model.io.xpp3.MavenXpp3Reader.read(MavenXpp3Reader.java:654)
	at org.apache.maven.model.io.DefaultModelReader.read(DefaultModelReader.java:93)
	... 26 common frames omitted
2025-09-22 16:40:03,941 [Worker-59: Building] ERROR o.e.m.c.i.p.r.ProjectRegistryManager - Could not read pom.xml
org.eclipse.core.runtime.CoreException: Could not read pom.xml
	at org.eclipse.m2e.core.internal.IMavenToolbox.readModel(IMavenToolbox.java:245)
	at org.eclipse.m2e.core.internal.project.registry.ProjectRegistryManager.refreshPhase2(ProjectRegistryManager.java:591)
	at org.eclipse.m2e.core.internal.project.registry.ProjectRegistryManager.refresh(ProjectRegistryManager.java:491)
	at org.eclipse.m2e.core.internal.project.registry.ProjectRegistryManager.refresh(ProjectRegistryManager.java:370)
	at org.eclipse.m2e.core.internal.project.registry.ProjectRegistryManager.refresh(ProjectRegistryManager.java:322)
	at org.eclipse.m2e.core.internal.builder.MavenBuilder$BuildMethod.getProjectFacade(MavenBuilder.java:146)
	at org.eclipse.m2e.core.internal.builder.MavenBuilder$BuildMethod.lambda$0(MavenBuilder.java:84)
	at org.eclipse.m2e.core.internal.embedder.MavenExecutionContext.executeBare(MavenExecutionContext.java:458)
	at org.eclipse.m2e.core.internal.embedder.MavenExecutionContext.execute(MavenExecutionContext.java:339)
	at org.eclipse.m2e.core.internal.embedder.MavenExecutionContext.execute(MavenExecutionContext.java:278)
	at org.eclipse.m2e.core.internal.builder.MavenBuilder$BuildMethod.execute(MavenBuilder.java:83)
	at org.eclipse.m2e.core.internal.builder.MavenBuilder.build(MavenBuilder.java:192)
	at org.eclipse.core.internal.events.BuildManager$2.run(BuildManager.java:1077)
	at org.eclipse.core.runtime.SafeRunner.run(SafeRunner.java:47)
	at org.eclipse.core.internal.events.BuildManager.basicBuild(BuildManager.java:296)
	at org.eclipse.core.internal.events.BuildManager.basicBuild(BuildManager.java:352)
	at org.eclipse.core.internal.events.BuildManager$1.run(BuildManager.java:441)
	at org.eclipse.core.runtime.SafeRunner.run(SafeRunner.java:47)
	at org.eclipse.core.internal.events.BuildManager.basicBuild(BuildManager.java:444)
	at org.eclipse.core.internal.events.BuildManager.basicBuildLoop(BuildManager.java:555)
	at org.eclipse.core.internal.events.BuildManager.basicBuildLoop(BuildManager.java:503)
	at org.eclipse.core.internal.events.BuildManager.build(BuildManager.java:585)
	at org.eclipse.core.internal.events.AutoBuildJob.doBuild(AutoBuildJob.java:207)
	at org.eclipse.core.internal.events.AutoBuildJob.run(AutoBuildJob.java:300)
	at org.eclipse.core.internal.jobs.Worker.run(Worker.java:63)
Caused by: org.apache.maven.model.io.ModelParseException: Duplicated tag: 'packaging' (position: START_TAG seen ...</version>\n\t<packaging>... @15:13) 
	at org.apache.maven.model.io.DefaultModelReader.read(DefaultModelReader.java:96)
	at org.apache.maven.model.io.DefaultModelReader.read(DefaultModelReader.java:74)
	at org.eclipse.m2e.core.internal.IMavenToolbox.readModel(IMavenToolbox.java:243)
	... 24 common frames omitted
Caused by: org.codehaus.plexus.util.xml.pull.XmlPullParserException: Duplicated tag: 'packaging' (position: START_TAG seen ...</version>\n\t<packaging>... @15:13) 
	at org.apache.maven.model.io.xpp3.MavenXpp3Reader.checkFieldWithDuplicate(MavenXpp3Reader.java:141)
	at org.apache.maven.model.io.xpp3.MavenXpp3Reader.parseModel(MavenXpp3Reader.java:2177)
	at org.apache.maven.model.io.xpp3.MavenXpp3Reader.read(MavenXpp3Reader.java:623)
	at org.apache.maven.model.io.xpp3.MavenXpp3Reader.read(MavenXpp3Reader.java:654)
	at org.apache.maven.model.io.DefaultModelReader.read(DefaultModelReader.java:93)
	... 26 common frames omitted
2025-09-22 16:40:08,579 [Worker-52: Building] INFO  o.e.m.c.i.l.LifecycleMappingFactory - Using org.maven.ide.eclipse.wtp.WarLifecycleMapping lifecycle mapping for MavenProject: com.example:Backend-1:0.0.1-SNAPSHOT @ D:\3-1\watchlist\Backend-1\pom.xml.
2025-09-22 16:40:09,377 [Worker-52: Building] INFO  o.a.m.s.f.DefaultMavenResourcesFiltering - Copying 0 resource from src\main\resources to target\classes
2025-09-22 16:40:09,378 [Worker-52: Building] INFO  o.a.m.s.f.DefaultMavenResourcesFiltering - Copying 0 resource from src\main\resources to target\classes
2025-09-22 16:40:09,382 [Worker-52: Building] INFO  o.a.m.s.f.DefaultMavenResourcesFiltering - skip non existing resourceDirectory D:\3-1\watchlist\Backend-1\src\test\resources
2025-09-22 16:40:09,383 [Worker-52: Building] INFO  o.e.m.w.i.f.ResourceFilteringBuildParticipant - Changed resources require a complete clean of filtered resources of Backend-1
2025-09-22 16:40:09,383 [Worker-52: Building] INFO  o.e.m.w.i.f.ResourceFilteringBuildParticipant - Executing resource filtering for Backend-1
2025-09-22 16:40:12,664 [Worker-63: Building] INFO  o.a.m.s.f.DefaultMavenResourcesFiltering - Copying 1 resource from src\main\resources to target\classes
2025-09-22 16:40:12,713 [Worker-63: Building] INFO  o.a.m.s.f.DefaultMavenResourcesFiltering - Copying 0 resource from src\main\resources to target\classes
2025-09-22 16:40:12,719 [Worker-63: Building] INFO  o.a.m.s.f.DefaultMavenResourcesFiltering - skip non existing resourceDirectory D:\3-1\watchlist\Backend-1\src\test\resources
2025-09-22 16:40:23,123 [Worker-52: Building] INFO  o.a.m.s.f.DefaultMavenResourcesFiltering - Copying 1 resource from src\main\resources to target\classes
2025-09-22 16:40:23,209 [Worker-52: Building] INFO  o.a.m.s.f.DefaultMavenResourcesFiltering - Copying 0 resource from src\main\resources to target\classes
2025-09-22 16:40:23,218 [Worker-52: Building] INFO  o.a.m.s.f.DefaultMavenResourcesFiltering - skip non existing resourceDirectory D:\3-1\watchlist\Backend-1\src\test\resources
2025-09-22 16:41:35,765 [Worker-64: Building] INFO  o.a.m.s.f.DefaultMavenResourcesFiltering - Copying 1 resource from src\main\resources to target\classes
2025-09-22 16:41:35,773 [Worker-64: Building] INFO  o.a.m.s.f.DefaultMavenResourcesFiltering - Copying 0 resource from src\main\resources to target\classes
2025-09-22 16:41:35,776 [Worker-64: Building] INFO  o.a.m.s.f.DefaultMavenResourcesFiltering - skip non existing resourceDirectory D:\3-1\watchlist\Backend-1\src\test\resources
2025-09-22 16:41:52,549 [Worker-62: Building] INFO  o.a.m.s.f.DefaultMavenResourcesFiltering - Copying 1 resource from src\main\resources to target\classes
2025-09-22 16:41:52,556 [Worker-62: Building] INFO  o.a.m.s.f.DefaultMavenResourcesFiltering - Copying 0 resource from src\main\resources to target\classes
2025-09-22 16:41:52,558 [Worker-62: Building] INFO  o.a.m.s.f.DefaultMavenResourcesFiltering - skip non existing resourceDirectory D:\3-1\watchlist\Backend-1\src\test\resources
2025-09-22 16:42:52,420 [Worker-61: Building] INFO  o.a.m.s.f.DefaultMavenResourcesFiltering - Copying 1 resource from src\main\resources to target\classes
2025-09-22 16:42:52,430 [Worker-61: Building] INFO  o.a.m.s.f.DefaultMavenResourcesFiltering - Copying 0 resource from src\main\resources to target\classes
2025-09-22 16:42:52,434 [Worker-61: Building] INFO  o.a.m.s.f.DefaultMavenResourcesFiltering - skip non existing resourceDirectory D:\3-1\watchlist\Backend-1\src\test\resources
2025-09-22 16:44:31,755 [Worker-64: Building] INFO  o.a.m.s.f.DefaultMavenResourcesFiltering - Copying 1 resource from src\main\resources to target\classes
2025-09-22 16:44:31,762 [Worker-64: Building] INFO  o.a.m.s.f.DefaultMavenResourcesFiltering - Copying 0 resource from src\main\resources to target\classes
2025-09-22 16:44:31,765 [Worker-64: Building] INFO  o.a.m.s.f.DefaultMavenResourcesFiltering - skip non existing resourceDirectory D:\3-1\watchlist\Backend-1\src\test\resources
2025-09-22 16:44:56,406 [Worker-52: Building] INFO  o.a.m.s.f.DefaultMavenResourcesFiltering - Copying 1 resource from src\main\resources to target\classes
2025-09-22 16:44:56,412 [Worker-52: Building] INFO  o.a.m.s.f.DefaultMavenResourcesFiltering - Copying 0 resource from src\main\resources to target\classes
2025-09-22 16:44:56,415 [Worker-52: Building] INFO  o.a.m.s.f.DefaultMavenResourcesFiltering - skip non existing resourceDirectory D:\3-1\watchlist\Backend-1\src\test\resources
2025-09-22 16:45:33,406 [Worker-59: Building] INFO  o.a.m.s.f.DefaultMavenResourcesFiltering - Copying 1 resource from src\main\resources to target\classes
2025-09-22 16:45:33,414 [Worker-59: Building] INFO  o.a.m.s.f.DefaultMavenResourcesFiltering - Copying 0 resource from src\main\resources to target\classes
2025-09-22 16:45:33,416 [Worker-59: Building] INFO  o.a.m.s.f.DefaultMavenResourcesFiltering - skip non existing resourceDirectory D:\3-1\watchlist\Backend-1\src\test\resources
2025-09-22 16:45:54,226 [Worker-63: Building] INFO  o.a.m.s.f.DefaultMavenResourcesFiltering - Copying 1 resource from src\main\resources to target\classes
2025-09-22 16:45:54,233 [Worker-63: Building] INFO  o.a.m.s.f.DefaultMavenResourcesFiltering - Copying 0 resource from src\main\resources to target\classes
2025-09-22 16:45:54,237 [Worker-63: Building] INFO  o.a.m.s.f.DefaultMavenResourcesFiltering - skip non existing resourceDirectory D:\3-1\watchlist\Backend-1\src\test\resources
2025-09-22 16:49:13,757 [Worker-63: Launching Backend-1 - Backend1Application] INFO  o.a.m.s.f.DefaultMavenResourcesFiltering - Copying 1 resource from src\main\resources to target\classes
2025-09-22 16:49:13,767 [Worker-63: Launching Backend-1 - Backend1Application] INFO  o.a.m.s.f.DefaultMavenResourcesFiltering - Copying 0 resource from src\main\resources to target\classes
2025-09-22 16:49:13,770 [Worker-63: Launching Backend-1 - Backend1Application] INFO  o.a.m.s.f.DefaultMavenResourcesFiltering - skip non existing resourceDirectory D:\3-1\watchlist\Backend-1\src\test\resources
2025-09-22 16:50:57,415 [Worker-66: Building] INFO  o.e.m.c.i.l.LifecycleMappingFactory - Using org.maven.ide.eclipse.wtp.WarLifecycleMapping lifecycle mapping for MavenProject: com.example:Backend-1:0.0.1-SNAPSHOT @ D:\3-1\watchlist\Backend-1\pom.xml.
2025-09-22 16:50:58,119 [Worker-66: Building] INFO  o.a.m.s.f.DefaultMavenResourcesFiltering - Copying 0 resource from src\main\resources to target\classes
2025-09-22 16:50:58,120 [Worker-66: Building] INFO  o.a.m.s.f.DefaultMavenResourcesFiltering - Copying 0 resource from src\main\resources to target\classes
2025-09-22 16:50:58,126 [Worker-66: Building] INFO  o.a.m.s.f.DefaultMavenResourcesFiltering - skip non existing resourceDirectory D:\3-1\watchlist\Backend-1\src\test\resources
2025-09-22 16:50:58,127 [Worker-66: Building] INFO  o.e.m.w.i.f.ResourceFilteringBuildParticipant - Changed resources require a complete clean of filtered resources of Backend-1
2025-09-22 16:50:58,127 [Worker-66: Building] INFO  o.e.m.w.i.f.ResourceFilteringBuildParticipant - Executing resource filtering for Backend-1
2025-09-22 16:52:00,777 [Worker-63: Updating Maven Project] INFO  o.e.m.c.i.p.ProjectConfigurationManager - Update started
2025-09-22 16:52:01,113 [Worker-63: Updating Maven Project] INFO  o.e.m.c.i.l.LifecycleMappingFactory - Using org.maven.ide.eclipse.wtp.WarLifecycleMapping lifecycle mapping for MavenProject: com.example:Backend-1:0.0.1-SNAPSHOT @ D:\3-1\watchlist\Backend-1\pom.xml.
2025-09-22 16:52:01,832 [Worker-63: Updating Maven Project] INFO  o.e.m.j.i.AbstractJavaProjectConfigurator - Adding source folder /Backend-1/src/main/java
2025-09-22 16:52:01,833 [Worker-63: Updating Maven Project] INFO  o.e.m.j.i.AbstractJavaProjectConfigurator - Adding resource folder /Backend-1/src/main/resources
2025-09-22 16:52:01,833 [Worker-63: Updating Maven Project] INFO  o.e.m.j.i.AbstractJavaProjectConfigurator - Adding resource folder /Backend-1/src/main/resources
2025-09-22 16:52:01,833 [Worker-63: Updating Maven Project] INFO  o.e.m.j.i.AbstractJavaProjectConfigurator - Adding source folder /Backend-1/src/test/java
2025-09-22 16:52:01,834 [Worker-63: Updating Maven Project] INFO  o.e.m.j.i.AbstractJavaProjectConfigurator - Adding resource folder /Backend-1/src/test/resources
2025-09-22 16:52:03,415 [Worker-63: Updating Maven Project] INFO  o.e.m.w.i.f.ResourceFilteringBuildParticipant - Cleaning filtered folder for Backend-1
2025-09-22 16:52:03,435 [Worker-63: Updating Maven Project] INFO  o.e.m.c.i.p.ProjectConfigurationManager - Update completed for 1 poms: local refresh takes 0.00 sec, refresh facades takes 1.00 sec, update config takes 0.00 sec 
2025-09-22 16:52:03,731 [Worker-60: Building] INFO  o.a.m.s.f.DefaultMavenResourcesFiltering - Copying 1 resource from src\main\resources to target\classes
2025-09-22 16:52:03,755 [Worker-60: Building] INFO  o.a.m.s.f.DefaultMavenResourcesFiltering - Copying 0 resource from src\main\resources to target\classes
2025-09-22 16:52:03,761 [Worker-60: Building] INFO  o.a.m.s.f.DefaultMavenResourcesFiltering - skip non existing resourceDirectory D:\3-1\watchlist\Backend-1\src\test\resources
2025-09-22 16:52:03,761 [Worker-60: Building] INFO  o.e.m.w.i.f.ResourceFilteringBuildParticipant - Changed resources require a complete clean of filtered resources of Backend-1
2025-09-22 16:52:03,761 [Worker-60: Building] INFO  o.e.m.w.i.f.ResourceFilteringBuildParticipant - Executing resource filtering for Backend-1
2025-09-22 16:56:09,768 [Worker-69: Building] INFO  o.a.m.s.f.DefaultMavenResourcesFiltering - Copying 1 resource from src\main\resources to target\classes
2025-09-22 16:56:09,775 [Worker-69: Building] INFO  o.a.m.s.f.DefaultMavenResourcesFiltering - Copying 0 resource from src\main\resources to target\classes
2025-09-22 16:56:09,778 [Worker-69: Building] INFO  o.a.m.s.f.DefaultMavenResourcesFiltering - skip non existing resourceDirectory D:\3-1\watchlist\Backend-1\src\test\resources
2025-09-22 16:56:51,424 [Worker-67: Updating Maven Project] INFO  o.e.m.c.i.p.ProjectConfigurationManager - Update started
2025-09-22 16:56:51,858 [Worker-67: Updating Maven Project] INFO  o.e.m.c.i.l.LifecycleMappingFactory - Using org.maven.ide.eclipse.wtp.WarLifecycleMapping lifecycle mapping for MavenProject: com.example:Backend-1:0.0.1-SNAPSHOT @ D:\3-1\watchlist\Backend-1\pom.xml.
2025-09-22 16:56:52,467 [Worker-67: Updating Maven Project] INFO  o.e.m.j.i.AbstractJavaProjectConfigurator - Adding source folder /Backend-1/src/main/java
2025-09-22 16:56:52,468 [Worker-67: Updating Maven Project] INFO  o.e.m.j.i.AbstractJavaProjectConfigurator - Adding resource folder /Backend-1/src/main/resources
2025-09-22 16:56:52,468 [Worker-67: Updating Maven Project] INFO  o.e.m.j.i.AbstractJavaProjectConfigurator - Adding resource folder /Backend-1/src/main/resources
2025-09-22 16:56:52,469 [Worker-67: Updating Maven Project] INFO  o.e.m.j.i.AbstractJavaProjectConfigurator - Adding source folder /Backend-1/src/test/java
2025-09-22 16:56:52,469 [Worker-67: Updating Maven Project] INFO  o.e.m.j.i.AbstractJavaProjectConfigurator - Adding resource folder /Backend-1/src/test/resources
2025-09-22 16:56:53,001 [Worker-67: Updating Maven Project] INFO  o.e.m.w.i.f.ResourceFilteringBuildParticipant - Cleaning filtered folder for Backend-1
2025-09-22 16:56:53,053 [Worker-67: Updating Maven Project] INFO  o.e.m.c.i.p.ProjectConfigurationManager - Update completed for 1 poms: local refresh takes 0.00 sec, refresh facades takes 0.00 sec, update config takes 0.00 sec 
2025-09-22 16:56:53,364 [Worker-64: Building] INFO  o.a.m.s.f.DefaultMavenResourcesFiltering - Copying 1 resource from src\main\resources to target\classes
2025-09-22 16:56:53,381 [Worker-64: Building] INFO  o.a.m.s.f.DefaultMavenResourcesFiltering - Copying 0 resource from src\main\resources to target\classes
2025-09-22 16:56:53,388 [Worker-64: Building] INFO  o.a.m.s.f.DefaultMavenResourcesFiltering - skip non existing resourceDirectory D:\3-1\watchlist\Backend-1\src\test\resources
2025-09-22 16:56:53,389 [Worker-64: Building] INFO  o.e.m.w.i.f.ResourceFilteringBuildParticipant - Changed resources require a complete clean of filtered resources of Backend-1
2025-09-22 16:56:53,389 [Worker-64: Building] INFO  o.e.m.w.i.f.ResourceFilteringBuildParticipant - Executing resource filtering for Backend-1
2025-09-22 17:06:31,547 [Worker-71: Updating Maven Project] INFO  o.e.m.c.i.p.ProjectConfigurationManager - Update started
2025-09-22 17:06:31,931 [Worker-71: Updating Maven Project] INFO  o.e.m.c.i.l.LifecycleMappingFactory - Using org.maven.ide.eclipse.wtp.WarLifecycleMapping lifecycle mapping for MavenProject: com.example:Backend-1:0.0.1-SNAPSHOT @ D:\3-1\watchlist\Backend-1\pom.xml.
2025-09-22 17:06:32,534 [Worker-71: Updating Maven Project] INFO  o.e.m.j.i.AbstractJavaProjectConfigurator - Adding source folder /Backend-1/src/main/java
2025-09-22 17:06:32,535 [Worker-71: Updating Maven Project] INFO  o.e.m.j.i.AbstractJavaProjectConfigurator - Adding resource folder /Backend-1/src/main/resources
2025-09-22 17:06:32,535 [Worker-71: Updating Maven Project] INFO  o.e.m.j.i.AbstractJavaProjectConfigurator - Adding resource folder /Backend-1/src/main/resources
2025-09-22 17:06:32,535 [Worker-71: Updating Maven Project] INFO  o.e.m.j.i.AbstractJavaProjectConfigurator - Adding source folder /Backend-1/src/test/java
2025-09-22 17:06:32,536 [Worker-71: Updating Maven Project] INFO  o.e.m.j.i.AbstractJavaProjectConfigurator - Adding resource folder /Backend-1/src/test/resources
2025-09-22 17:06:32,990 [Worker-71: Updating Maven Project] INFO  o.e.m.w.i.f.ResourceFilteringBuildParticipant - Cleaning filtered folder for Backend-1
2025-09-22 17:06:33,029 [Worker-71: Updating Maven Project] INFO  o.e.m.c.i.p.ProjectConfigurationManager - Update completed for 1 poms: local refresh takes 0.00 sec, refresh facades takes 0.00 sec, update config takes 0.00 sec 
2025-09-22 17:06:33,353 [Worker-60: Building] INFO  o.a.m.s.f.DefaultMavenResourcesFiltering - Copying 1 resource from src\main\resources to target\classes
2025-09-22 17:06:33,380 [Worker-60: Building] INFO  o.a.m.s.f.DefaultMavenResourcesFiltering - Copying 0 resource from src\main\resources to target\classes
2025-09-22 17:06:33,385 [Worker-60: Building] INFO  o.a.m.s.f.DefaultMavenResourcesFiltering - skip non existing resourceDirectory D:\3-1\watchlist\Backend-1\src\test\resources
2025-09-22 17:06:33,386 [Worker-60: Building] INFO  o.e.m.w.i.f.ResourceFilteringBuildParticipant - Changed resources require a complete clean of filtered resources of Backend-1
2025-09-22 17:06:33,386 [Worker-60: Building] INFO  o.e.m.w.i.f.ResourceFilteringBuildParticipant - Executing resource filtering for Backend-1
2025-09-22 17:08:05,566 [Worker-71: Import Getting Started Content] INFO  o.e.m.c.i.l.LifecycleMappingFactory - Using org.eclipse.m2e.jdt.JarLifecycleMapping lifecycle mapping for MavenProject: com.example:Backend-2:0.0.1-SNAPSHOT @ D:\3-1\watchlist\Backend-2\pom.xml.
2025-09-22 17:08:06,780 [Worker-71: Import Getting Started Content] INFO  o.e.m.j.i.AbstractJavaProjectConfigurator - Adding source folder /Backend-2/src/main/java
2025-09-22 17:08:06,780 [Worker-71: Import Getting Started Content] INFO  o.e.m.j.i.AbstractJavaProjectConfigurator - Adding resource folder /Backend-2/src/main/resources
2025-09-22 17:08:06,786 [Worker-71: Import Getting Started Content] INFO  o.e.m.j.i.AbstractJavaProjectConfigurator - Adding resource folder /Backend-2/src/main/resources
2025-09-22 17:08:06,791 [Worker-71: Import Getting Started Content] INFO  o.e.m.j.i.AbstractJavaProjectConfigurator - Adding source folder /Backend-2/src/test/java
2025-09-22 17:08:06,792 [Worker-71: Import Getting Started Content] INFO  o.e.m.j.i.AbstractJavaProjectConfigurator - Adding resource folder /Backend-2/src/test/resources
2025-09-22 17:08:07,010 [Worker-71: Import Getting Started Content] INFO  o.e.m.c.i.p.ProjectConfigurationManager - Imported and configured 1 project(s) in 2 sec
2025-09-22 17:08:07,011 [Worker-71: Import Getting Started Content] INFO  o.e.m.c.i.p.ProjectConfigurationManager - Update started
2025-09-22 17:08:07,326 [Worker-71: Import Getting Started Content] INFO  o.e.m.c.i.l.LifecycleMappingFactory - Using org.eclipse.m2e.jdt.JarLifecycleMapping lifecycle mapping for MavenProject: com.example:Backend-2:0.0.1-SNAPSHOT @ D:\3-1\watchlist\Backend-2\pom.xml.
2025-09-22 17:08:07,801 [Worker-71: Import Getting Started Content] INFO  o.e.m.j.i.AbstractJavaProjectConfigurator - Adding source folder /Backend-2/src/main/java
2025-09-22 17:08:07,802 [Worker-71: Import Getting Started Content] INFO  o.e.m.j.i.AbstractJavaProjectConfigurator - Adding resource folder /Backend-2/src/main/resources
2025-09-22 17:08:07,802 [Worker-71: Import Getting Started Content] INFO  o.e.m.j.i.AbstractJavaProjectConfigurator - Adding resource folder /Backend-2/src/main/resources
2025-09-22 17:08:07,802 [Worker-71: Import Getting Started Content] INFO  o.e.m.j.i.AbstractJavaProjectConfigurator - Adding source folder /Backend-2/src/test/java
2025-09-22 17:08:07,802 [Worker-71: Import Getting Started Content] INFO  o.e.m.j.i.AbstractJavaProjectConfigurator - Adding resource folder /Backend-2/src/test/resources
2025-09-22 17:08:08,015 [Worker-71: Import Getting Started Content] INFO  o.e.m.c.i.p.ProjectConfigurationManager - Update completed for 1 poms: local refresh takes 0.00 sec, refresh facades takes 0.00 sec, update config takes 0.00 sec 
2025-09-22 17:08:08,513 [Worker-77: Building] INFO  o.a.m.s.f.DefaultMavenResourcesFiltering - Copying 1 resource from src\main\resources to target\classes
2025-09-22 17:08:08,539 [Worker-77: Building] INFO  o.a.m.s.f.DefaultMavenResourcesFiltering - Copying 0 resource from src\main\resources to target\classes
2025-09-22 17:08:08,544 [Worker-77: Building] INFO  o.a.m.s.f.DefaultMavenResourcesFiltering - skip non existing resourceDirectory D:\3-1\watchlist\Backend-2\src\test\resources
2025-09-22 17:09:13,456 [Worker-76: Building] INFO  o.a.m.s.f.DefaultMavenResourcesFiltering - Copying 1 resource from src\main\resources to target\classes
2025-09-22 17:09:13,467 [Worker-76: Building] INFO  o.a.m.s.f.DefaultMavenResourcesFiltering - Copying 0 resource from src\main\resources to target\classes
2025-09-22 17:09:13,471 [Worker-76: Building] INFO  o.a.m.s.f.DefaultMavenResourcesFiltering - skip non existing resourceDirectory D:\3-1\watchlist\Backend-2\src\test\resources
2025-09-22 17:09:27,288 [Worker-79: Building] INFO  o.e.m.c.i.l.LifecycleMappingFactory - Using org.maven.ide.eclipse.wtp.WarLifecycleMapping lifecycle mapping for MavenProject: com.example:MovieWatchlist:0.0.1-SNAPSHOT @ D:\3-1\watchlist\Backend-1\pom.xml.
2025-09-22 17:09:27,862 [Worker-79: Building] INFO  o.a.m.s.f.DefaultMavenResourcesFiltering - Copying 0 resource from src\main\resources to target\classes
2025-09-22 17:09:27,863 [Worker-79: Building] INFO  o.a.m.s.f.DefaultMavenResourcesFiltering - Copying 0 resource from src\main\resources to target\classes
2025-09-22 17:09:27,866 [Worker-79: Building] INFO  o.a.m.s.f.DefaultMavenResourcesFiltering - skip non existing resourceDirectory D:\3-1\watchlist\Backend-1\src\test\resources
2025-09-22 17:09:27,867 [Worker-79: Building] INFO  o.e.m.w.i.f.ResourceFilteringBuildParticipant - Changed resources require a complete clean of filtered resources of Backend-1
2025-09-22 17:09:27,867 [Worker-79: Building] INFO  o.e.m.w.i.f.ResourceFilteringBuildParticipant - Executing resource filtering for Backend-1
2025-09-22 17:09:28,285 [Worker-78: Building] INFO  o.a.m.s.f.DefaultMavenResourcesFiltering - Copying 1 resource from src\main\resources to target\classes
2025-09-22 17:09:28,333 [Worker-78: Building] INFO  o.a.m.s.f.DefaultMavenResourcesFiltering - Copying 0 resource from src\main\resources to target\classes
2025-09-22 17:09:28,337 [Worker-78: Building] INFO  o.a.m.s.f.DefaultMavenResourcesFiltering - skip non existing resourceDirectory D:\3-1\watchlist\Backend-1\src\test\resources
2025-09-22 17:09:52,597 [Worker-76: Building] INFO  o.a.m.s.f.DefaultMavenResourcesFiltering - Copying 1 resource from src\main\resources to target\classes
2025-09-22 17:09:52,608 [Worker-76: Building] INFO  o.a.m.s.f.DefaultMavenResourcesFiltering - Copying 0 resource from src\main\resources to target\classes
2025-09-22 17:09:52,613 [Worker-76: Building] INFO  o.a.m.s.f.DefaultMavenResourcesFiltering - skip non existing resourceDirectory D:\3-1\watchlist\Backend-2\src\test\resources
2025-09-22 17:10:14,814 [Worker-80: Building] INFO  o.a.m.s.f.DefaultMavenResourcesFiltering - Copying 1 resource from src\main\resources to target\classes
2025-09-22 17:10:14,826 [Worker-80: Building] INFO  o.a.m.s.f.DefaultMavenResourcesFiltering - Copying 0 resource from src\main\resources to target\classes
2025-09-22 17:10:14,830 [Worker-80: Building] INFO  o.a.m.s.f.DefaultMavenResourcesFiltering - skip non existing resourceDirectory D:\3-1\watchlist\Backend-2\src\test\resources
2025-09-22 17:10:38,123 [Worker-79: Building] INFO  o.a.m.s.f.DefaultMavenResourcesFiltering - Copying 1 resource from src\main\resources to target\classes
2025-09-22 17:10:38,137 [Worker-79: Building] INFO  o.a.m.s.f.DefaultMavenResourcesFiltering - Copying 0 resource from src\main\resources to target\classes
2025-09-22 17:10:38,142 [Worker-79: Building] INFO  o.a.m.s.f.DefaultMavenResourcesFiltering - skip non existing resourceDirectory D:\3-1\watchlist\Backend-2\src\test\resources
2025-09-22 17:11:03,318 [Worker-77: Building] INFO  o.a.m.s.f.DefaultMavenResourcesFiltering - Copying 1 resource from src\main\resources to target\classes
2025-09-22 17:11:03,330 [Worker-77: Building] INFO  o.a.m.s.f.DefaultMavenResourcesFiltering - Copying 0 resource from src\main\resources to target\classes
2025-09-22 17:11:03,334 [Worker-77: Building] INFO  o.a.m.s.f.DefaultMavenResourcesFiltering - skip non existing resourceDirectory D:\3-1\watchlist\Backend-2\src\test\resources
2025-09-22 17:11:18,686 [Worker-77: Building] INFO  o.a.m.s.f.DefaultMavenResourcesFiltering - Copying 1 resource from src\main\resources to target\classes
2025-09-22 17:11:18,699 [Worker-77: Building] INFO  o.a.m.s.f.DefaultMavenResourcesFiltering - Copying 0 resource from src\main\resources to target\classes
2025-09-22 17:11:18,704 [Worker-77: Building] INFO  o.a.m.s.f.DefaultMavenResourcesFiltering - skip non existing resourceDirectory D:\3-1\watchlist\Backend-2\src\test\resources
2025-09-22 17:12:14,424 [Worker-75: Building] INFO  o.a.m.s.f.DefaultMavenResourcesFiltering - Copying 1 resource from src\main\resources to target\classes
2025-09-22 17:12:14,435 [Worker-75: Building] INFO  o.a.m.s.f.DefaultMavenResourcesFiltering - Copying 0 resource from src\main\resources to target\classes
2025-09-22 17:12:14,438 [Worker-75: Building] INFO  o.a.m.s.f.DefaultMavenResourcesFiltering - skip non existing resourceDirectory D:\3-1\watchlist\Backend-2\src\test\resources
2025-09-22 17:12:37,704 [Worker-71: Launching Backend-2 - Backend2Application] INFO  o.a.m.s.f.DefaultMavenResourcesFiltering - Copying 1 resource from src\main\resources to target\classes
2025-09-22 17:12:37,718 [Worker-71: Launching Backend-2 - Backend2Application] INFO  o.a.m.s.f.DefaultMavenResourcesFiltering - Copying 0 resource from src\main\resources to target\classes
2025-09-22 17:12:37,724 [Worker-71: Launching Backend-2 - Backend2Application] INFO  o.a.m.s.f.DefaultMavenResourcesFiltering - skip non existing resourceDirectory D:\3-1\watchlist\Backend-2\src\test\resources
2025-09-22 17:13:15,469 [Worker-76: Building] INFO  o.e.m.c.i.l.LifecycleMappingFactory - Using org.maven.ide.eclipse.wtp.WarLifecycleMapping lifecycle mapping for MavenProject: com.example:Backend-2:0.0.1-SNAPSHOT @ D:\3-1\watchlist\Backend-2\pom.xml.
2025-09-22 17:13:15,968 [Worker-76: Building] INFO  o.a.m.s.f.DefaultMavenResourcesFiltering - Copying 0 resource from src\main\resources to target\classes
2025-09-22 17:13:15,968 [Worker-76: Building] INFO  o.a.m.s.f.DefaultMavenResourcesFiltering - Copying 0 resource from src\main\resources to target\classes
2025-09-22 17:13:15,971 [Worker-76: Building] INFO  o.a.m.s.f.DefaultMavenResourcesFiltering - skip non existing resourceDirectory D:\3-1\watchlist\Backend-2\src\test\resources
2025-09-22 17:13:15,972 [Worker-76: Building] INFO  o.e.m.w.i.f.ResourceFilteringBuildParticipant - Changed resources require a complete clean of filtered resources of Backend-2
2025-09-22 17:13:15,972 [Worker-76: Building] INFO  o.e.m.w.i.f.ResourceFilteringBuildParticipant - Executing resource filtering for Backend-2
2025-09-22 17:13:16,029 [Worker-75: Updating Maven Project] INFO  o.e.m.c.i.p.ProjectConfigurationManager - Update started
2025-09-22 17:13:16,275 [Worker-75: Updating Maven Project] INFO  o.e.m.c.i.l.LifecycleMappingFactory - Using org.maven.ide.eclipse.wtp.WarLifecycleMapping lifecycle mapping for MavenProject: com.example:Backend-2:0.0.1-SNAPSHOT @ D:\3-1\watchlist\Backend-2\pom.xml.
2025-09-22 17:13:16,747 [Worker-75: Updating Maven Project] INFO  o.e.m.j.i.AbstractJavaProjectConfigurator - Adding source folder /Backend-2/src/main/java
2025-09-22 17:13:16,749 [Worker-75: Updating Maven Project] INFO  o.e.m.j.i.AbstractJavaProjectConfigurator - Adding resource folder /Backend-2/src/main/resources
2025-09-22 17:13:16,749 [Worker-75: Updating Maven Project] INFO  o.e.m.j.i.AbstractJavaProjectConfigurator - Adding resource folder /Backend-2/src/main/resources
2025-09-22 17:13:16,750 [Worker-75: Updating Maven Project] INFO  o.e.m.j.i.AbstractJavaProjectConfigurator - Adding source folder /Backend-2/src/test/java
2025-09-22 17:13:16,751 [Worker-75: Updating Maven Project] INFO  o.e.m.j.i.AbstractJavaProjectConfigurator - Adding resource folder /Backend-2/src/test/resources
2025-09-22 17:13:17,425 [Worker-75: Updating Maven Project] INFO  o.e.m.w.i.f.ResourceFilteringBuildParticipant - Cleaning filtered folder for Backend-2
2025-09-22 17:13:17,460 [Worker-75: Updating Maven Project] INFO  o.e.m.c.i.p.ProjectConfigurationManager - Update completed for 1 poms: local refresh takes 0.00 sec, refresh facades takes 0.00 sec, update config takes 0.00 sec 
2025-09-22 17:13:17,738 [Worker-75: Building] INFO  o.a.m.s.f.DefaultMavenResourcesFiltering - Copying 1 resource from src\main\resources to target\classes
2025-09-22 17:13:17,754 [Worker-75: Building] INFO  o.a.m.s.f.DefaultMavenResourcesFiltering - Copying 0 resource from src\main\resources to target\classes
2025-09-22 17:13:17,758 [Worker-75: Building] INFO  o.a.m.s.f.DefaultMavenResourcesFiltering - skip non existing resourceDirectory D:\3-1\watchlist\Backend-2\src\test\resources
2025-09-22 17:13:17,758 [Worker-75: Building] INFO  o.e.m.w.i.f.ResourceFilteringBuildParticipant - Changed resources require a complete clean of filtered resources of Backend-2
2025-09-22 17:13:17,758 [Worker-75: Building] INFO  o.e.m.w.i.f.ResourceFilteringBuildParticipant - Executing resource filtering for Backend-2
2025-09-22 17:13:18,803 [Worker-75: Building] INFO  o.a.m.s.f.DefaultMavenResourcesFiltering - Copying 0 resource from src\main\resources to target\classes
2025-09-22 17:13:18,803 [Worker-75: Building] INFO  o.a.m.s.f.DefaultMavenResourcesFiltering - Copying 0 resource from src\main\resources to target\classes
2025-09-22 17:13:18,806 [Worker-75: Building] INFO  o.a.m.s.f.DefaultMavenResourcesFiltering - skip non existing resourceDirectory D:\3-1\watchlist\Backend-2\src\test\resources
2025-09-22 17:13:54,192 [Worker-75: Updating Maven Project] INFO  o.e.m.c.i.p.ProjectConfigurationManager - Update started
2025-09-22 17:13:54,486 [Worker-75: Updating Maven Project] INFO  o.e.m.c.i.l.LifecycleMappingFactory - Using org.maven.ide.eclipse.wtp.WarLifecycleMapping lifecycle mapping for MavenProject: com.example:Backend-2:0.0.1-SNAPSHOT @ D:\3-1\watchlist\Backend-2\pom.xml.
2025-09-22 17:13:54,997 [Worker-75: Updating Maven Project] INFO  o.e.m.j.i.AbstractJavaProjectConfigurator - Adding source folder /Backend-2/src/main/java
2025-09-22 17:13:54,997 [Worker-75: Updating Maven Project] INFO  o.e.m.j.i.AbstractJavaProjectConfigurator - Adding resource folder /Backend-2/src/main/resources
2025-09-22 17:13:54,997 [Worker-75: Updating Maven Project] INFO  o.e.m.j.i.AbstractJavaProjectConfigurator - Adding resource folder /Backend-2/src/main/resources
2025-09-22 17:13:54,998 [Worker-75: Updating Maven Project] INFO  o.e.m.j.i.AbstractJavaProjectConfigurator - Adding source folder /Backend-2/src/test/java
2025-09-22 17:13:54,998 [Worker-75: Updating Maven Project] INFO  o.e.m.j.i.AbstractJavaProjectConfigurator - Adding resource folder /Backend-2/src/test/resources
2025-09-22 17:13:55,454 [Worker-75: Updating Maven Project] INFO  o.e.m.w.i.f.ResourceFilteringBuildParticipant - Cleaning filtered folder for Backend-2
2025-09-22 17:13:55,472 [Worker-75: Updating Maven Project] INFO  o.e.m.c.i.p.ProjectConfigurationManager - Update completed for 1 poms: local refresh takes 0.00 sec, refresh facades takes 0.00 sec, update config takes 0.00 sec 
2025-09-22 17:13:55,735 [Worker-61: Building] INFO  o.a.m.s.f.DefaultMavenResourcesFiltering - Copying 1 resource from src\main\resources to target\classes
2025-09-22 17:13:55,746 [Worker-61: Building] INFO  o.a.m.s.f.DefaultMavenResourcesFiltering - Copying 0 resource from src\main\resources to target\classes
2025-09-22 17:13:55,749 [Worker-61: Building] INFO  o.a.m.s.f.DefaultMavenResourcesFiltering - skip non existing resourceDirectory D:\3-1\watchlist\Backend-2\src\test\resources
2025-09-22 17:13:55,750 [Worker-61: Building] INFO  o.e.m.w.i.f.ResourceFilteringBuildParticipant - Changed resources require a complete clean of filtered resources of Backend-2
2025-09-22 17:13:55,750 [Worker-61: Building] INFO  o.e.m.w.i.f.ResourceFilteringBuildParticipant - Executing resource filtering for Backend-2
2025-09-22 17:44:41,661 [Worker-1: Loading available Gradle versions] INFO  o.e.b.c.i.u.g.PublishedGradleVersions - Gradle version information cache is up-to-date. Trying to read.
2025-09-22 17:46:42,892 [Worker-12: Building] INFO  o.e.m.c.i.l.LifecycleMappingFactory - Using org.maven.ide.eclipse.wtp.WarLifecycleMapping lifecycle mapping for MavenProject: com.example:Backend-2:0.0.1-SNAPSHOT @ D:\3-1\watchlist\Backend-2\pom.xml.
2025-09-22 17:46:45,047 [Worker-12: Building] INFO  o.a.m.s.f.DefaultMavenResourcesFiltering - Copying 1 resource from src\main\resources to target\classes
2025-09-22 17:46:45,071 [Worker-12: Building] INFO  o.a.m.s.f.DefaultMavenResourcesFiltering - Copying 0 resource from src\main\resources to target\classes
2025-09-22 17:46:45,078 [Worker-12: Building] INFO  o.a.m.s.f.DefaultMavenResourcesFiltering - skip non existing resourceDirectory D:\3-1\watchlist\Backend-2\src\test\resources
2025-09-22 17:46:45,255 [Worker-12: Building] INFO  o.e.m.w.i.f.ResourceFilteringBuildParticipant - Changed resources require a complete clean of filtered resources of Backend-2
2025-09-22 17:46:45,256 [Worker-12: Building] INFO  o.e.m.w.i.f.ResourceFilteringBuildParticipant - Executing resource filtering for Backend-2
2025-09-22 17:46:46,751 [Worker-3: Building] INFO  o.a.m.s.f.DefaultMavenResourcesFiltering - Copying 1 resource from src\main\resources to target\classes
2025-09-22 17:46:46,767 [Worker-3: Building] INFO  o.a.m.s.f.DefaultMavenResourcesFiltering - Copying 0 resource from src\main\resources to target\classes
2025-09-22 17:46:46,772 [Worker-3: Building] INFO  o.a.m.s.f.DefaultMavenResourcesFiltering - skip non existing resourceDirectory D:\3-1\watchlist\Backend-2\src\test\resources
2025-09-22 17:46:58,087 [Worker-12: Building] INFO  o.a.m.s.f.DefaultMavenResourcesFiltering - Copying 1 resource from src\main\resources to target\classes
2025-09-22 17:46:58,103 [Worker-12: Building] INFO  o.a.m.s.f.DefaultMavenResourcesFiltering - Copying 0 resource from src\main\resources to target\classes
2025-09-22 17:46:58,112 [Worker-12: Building] INFO  o.a.m.s.f.DefaultMavenResourcesFiltering - skip non existing resourceDirectory D:\3-1\watchlist\Backend-2\src\test\resources
2025-09-22 17:48:46,592 [Worker-32: Updating Maven Project] INFO  o.e.m.c.i.p.ProjectConfigurationManager - Update started
2025-09-22 17:48:47,122 [Worker-32: Updating Maven Project] INFO  o.e.m.c.i.l.LifecycleMappingFactory - Using org.maven.ide.eclipse.wtp.WarLifecycleMapping lifecycle mapping for MavenProject: com.example:Backend-2:0.0.1-SNAPSHOT @ D:\3-1\watchlist\Backend-2\pom.xml.
2025-09-22 17:48:48,369 [Worker-32: Updating Maven Project] INFO  o.e.m.j.i.AbstractJavaProjectConfigurator - Adding source folder /Backend-2/src/main/java
2025-09-22 17:48:48,370 [Worker-32: Updating Maven Project] INFO  o.e.m.j.i.AbstractJavaProjectConfigurator - Adding resource folder /Backend-2/src/main/resources
2025-09-22 17:48:48,371 [Worker-32: Updating Maven Project] INFO  o.e.m.j.i.AbstractJavaProjectConfigurator - Adding resource folder /Backend-2/src/main/resources
2025-09-22 17:48:48,372 [Worker-32: Updating Maven Project] INFO  o.e.m.j.i.AbstractJavaProjectConfigurator - Adding source folder /Backend-2/src/test/java
2025-09-22 17:48:48,373 [Worker-32: Updating Maven Project] INFO  o.e.m.j.i.AbstractJavaProjectConfigurator - Adding resource folder /Backend-2/src/test/resources
2025-09-22 17:48:49,099 [Worker-32: Updating Maven Project] INFO  o.e.m.w.i.f.ResourceFilteringBuildParticipant - Cleaning filtered folder for Backend-2
2025-09-22 17:48:49,147 [Worker-32: Updating Maven Project] INFO  o.e.m.c.i.p.ProjectConfigurationManager - Update completed for 1 poms: local refresh takes 0.00 sec, refresh facades takes 1.00 sec, update config takes 0.00 sec 
2025-09-22 17:48:49,519 [Worker-32: Building] INFO  o.a.m.s.f.DefaultMavenResourcesFiltering - Copying 1 resource from src\main\resources to target\classes
2025-09-22 17:48:49,537 [Worker-32: Building] INFO  o.a.m.s.f.DefaultMavenResourcesFiltering - Copying 0 resource from src\main\resources to target\classes
2025-09-22 17:48:49,542 [Worker-32: Building] INFO  o.a.m.s.f.DefaultMavenResourcesFiltering - skip non existing resourceDirectory D:\3-1\watchlist\Backend-2\src\test\resources
2025-09-22 17:48:49,542 [Worker-32: Building] INFO  o.e.m.w.i.f.ResourceFilteringBuildParticipant - Changed resources require a complete clean of filtered resources of Backend-2
2025-09-22 17:48:49,542 [Worker-32: Building] INFO  o.e.m.w.i.f.ResourceFilteringBuildParticipant - Executing resource filtering for Backend-2
2025-09-22 17:49:03,586 [Worker-34: Launching Executing clean in D__3-1_watchlist_Backend-2] INFO  o.eclipse.m2e.core.internal.Bundles - getClasspathEntries(Bundle=org.eclipse.m2e.maven.runtime_3.9.900.20240824-1409 [642])
2025-09-22 17:49:03,588 [Worker-34: Launching Executing clean in D__3-1_watchlist_Backend-2] INFO  o.eclipse.m2e.core.internal.Bundles - 	Entry: C:\Users\SHYAMALA\.p2\pool\plugins\org.eclipse.m2e.maven.runtime_3.9.900.20240824-1409
2025-09-22 17:49:03,589 [Worker-34: Launching Executing clean in D__3-1_watchlist_Backend-2] INFO  o.eclipse.m2e.core.internal.Bundles - 	Entry: C:\Users\SHYAMALA\.p2\pool\plugins\org.eclipse.m2e.maven.runtime_3.9.900.20240824-1409\jars\aopalliance-1.0.jar
2025-09-22 17:49:03,589 [Worker-34: Launching Executing clean in D__3-1_watchlist_Backend-2] INFO  o.eclipse.m2e.core.internal.Bundles - 	Entry: C:\Users\SHYAMALA\.p2\pool\plugins\org.eclipse.m2e.maven.runtime_3.9.900.20240824-1409\jars\guice-5.1.0.jar
2025-09-22 17:49:03,589 [Worker-34: Launching Executing clean in D__3-1_watchlist_Backend-2] INFO  o.eclipse.m2e.core.internal.Bundles - 	Entry: C:\Users\SHYAMALA\.p2\pool\plugins\org.eclipse.m2e.maven.runtime_3.9.900.20240824-1409\jars\httpclient-4.5.14.jar
2025-09-22 17:49:03,589 [Worker-34: Launching Executing clean in D__3-1_watchlist_Backend-2] INFO  o.eclipse.m2e.core.internal.Bundles - 	Entry: C:\Users\SHYAMALA\.p2\pool\plugins\org.eclipse.m2e.maven.runtime_3.9.900.20240824-1409\jars\httpcore-4.4.16.jar
2025-09-22 17:49:03,589 [Worker-34: Launching Executing clean in D__3-1_watchlist_Backend-2] INFO  o.eclipse.m2e.core.internal.Bundles - 	Entry: C:\Users\SHYAMALA\.p2\pool\plugins\org.eclipse.m2e.maven.runtime_3.9.900.20240824-1409\jars\jansi-2.4.1.jar
2025-09-22 17:49:03,589 [Worker-34: Launching Executing clean in D__3-1_watchlist_Backend-2] INFO  o.eclipse.m2e.core.internal.Bundles - 	Entry: C:\Users\SHYAMALA\.p2\pool\plugins\org.eclipse.m2e.maven.runtime_3.9.900.20240824-1409\jars\jcl-over-slf4j-1.7.36.jar
2025-09-22 17:49:03,589 [Worker-34: Launching Executing clean in D__3-1_watchlist_Backend-2] INFO  o.eclipse.m2e.core.internal.Bundles - 	Entry: C:\Users\SHYAMALA\.p2\pool\plugins\org.eclipse.m2e.maven.runtime_3.9.900.20240824-1409\jars\maven-artifact-3.9.9.jar
2025-09-22 17:49:03,590 [Worker-34: Launching Executing clean in D__3-1_watchlist_Backend-2] INFO  o.eclipse.m2e.core.internal.Bundles - 	Entry: C:\Users\SHYAMALA\.p2\pool\plugins\org.eclipse.m2e.maven.runtime_3.9.900.20240824-1409\jars\maven-builder-support-3.9.9.jar
2025-09-22 17:49:03,590 [Worker-34: Launching Executing clean in D__3-1_watchlist_Backend-2] INFO  o.eclipse.m2e.core.internal.Bundles - 	Entry: C:\Users\SHYAMALA\.p2\pool\plugins\org.eclipse.m2e.maven.runtime_3.9.900.20240824-1409\jars\maven-compat-3.9.9.jar
2025-09-22 17:49:03,590 [Worker-34: Launching Executing clean in D__3-1_watchlist_Backend-2] INFO  o.eclipse.m2e.core.internal.Bundles - 	Entry: C:\Users\SHYAMALA\.p2\pool\plugins\org.eclipse.m2e.maven.runtime_3.9.900.20240824-1409\jars\maven-core-3.9.9.jar
2025-09-22 17:49:03,590 [Worker-34: Launching Executing clean in D__3-1_watchlist_Backend-2] INFO  o.eclipse.m2e.core.internal.Bundles - 	Entry: C:\Users\SHYAMALA\.p2\pool\plugins\org.eclipse.m2e.maven.runtime_3.9.900.20240824-1409\jars\maven-embedder-3.9.9.jar
2025-09-22 17:49:03,590 [Worker-34: Launching Executing clean in D__3-1_watchlist_Backend-2] INFO  o.eclipse.m2e.core.internal.Bundles - 	Entry: C:\Users\SHYAMALA\.p2\pool\plugins\org.eclipse.m2e.maven.runtime_3.9.900.20240824-1409\jars\maven-model-3.9.9.jar
2025-09-22 17:49:03,590 [Worker-34: Launching Executing clean in D__3-1_watchlist_Backend-2] INFO  o.eclipse.m2e.core.internal.Bundles - 	Entry: C:\Users\SHYAMALA\.p2\pool\plugins\org.eclipse.m2e.maven.runtime_3.9.900.20240824-1409\jars\maven-model-builder-3.9.9.jar
2025-09-22 17:49:03,591 [Worker-34: Launching Executing clean in D__3-1_watchlist_Backend-2] INFO  o.eclipse.m2e.core.internal.Bundles - 	Entry: C:\Users\SHYAMALA\.p2\pool\plugins\org.eclipse.m2e.maven.runtime_3.9.900.20240824-1409\jars\maven-plugin-api-3.9.9.jar
2025-09-22 17:49:03,591 [Worker-34: Launching Executing clean in D__3-1_watchlist_Backend-2] INFO  o.eclipse.m2e.core.internal.Bundles - 	Entry: C:\Users\SHYAMALA\.p2\pool\plugins\org.eclipse.m2e.maven.runtime_3.9.900.20240824-1409\jars\maven-repository-metadata-3.9.9.jar
2025-09-22 17:49:03,591 [Worker-34: Launching Executing clean in D__3-1_watchlist_Backend-2] INFO  o.eclipse.m2e.core.internal.Bundles - 	Entry: C:\Users\SHYAMALA\.p2\pool\plugins\org.eclipse.m2e.maven.runtime_3.9.900.20240824-1409\jars\maven-resolver-api-1.9.22.jar
2025-09-22 17:49:03,591 [Worker-34: Launching Executing clean in D__3-1_watchlist_Backend-2] INFO  o.eclipse.m2e.core.internal.Bundles - 	Entry: C:\Users\SHYAMALA\.p2\pool\plugins\org.eclipse.m2e.maven.runtime_3.9.900.20240824-1409\jars\maven-resolver-connector-basic-1.9.22.jar
2025-09-22 17:49:03,591 [Worker-34: Launching Executing clean in D__3-1_watchlist_Backend-2] INFO  o.eclipse.m2e.core.internal.Bundles - 	Entry: C:\Users\SHYAMALA\.p2\pool\plugins\org.eclipse.m2e.maven.runtime_3.9.900.20240824-1409\jars\maven-resolver-impl-1.9.22.jar
2025-09-22 17:49:03,591 [Worker-34: Launching Executing clean in D__3-1_watchlist_Backend-2] INFO  o.eclipse.m2e.core.internal.Bundles - 	Entry: C:\Users\SHYAMALA\.p2\pool\plugins\org.eclipse.m2e.maven.runtime_3.9.900.20240824-1409\jars\maven-resolver-named-locks-1.9.22.jar
2025-09-22 17:49:03,591 [Worker-34: Launching Executing clean in D__3-1_watchlist_Backend-2] INFO  o.eclipse.m2e.core.internal.Bundles - 	Entry: C:\Users\SHYAMALA\.p2\pool\plugins\org.eclipse.m2e.maven.runtime_3.9.900.20240824-1409\jars\maven-resolver-provider-3.9.9.jar
2025-09-22 17:49:03,592 [Worker-34: Launching Executing clean in D__3-1_watchlist_Backend-2] INFO  o.eclipse.m2e.core.internal.Bundles - 	Entry: C:\Users\SHYAMALA\.p2\pool\plugins\org.eclipse.m2e.maven.runtime_3.9.900.20240824-1409\jars\maven-resolver-spi-1.9.22.jar
2025-09-22 17:49:03,592 [Worker-34: Launching Executing clean in D__3-1_watchlist_Backend-2] INFO  o.eclipse.m2e.core.internal.Bundles - 	Entry: C:\Users\SHYAMALA\.p2\pool\plugins\org.eclipse.m2e.maven.runtime_3.9.900.20240824-1409\jars\maven-resolver-transport-file-1.9.22.jar
2025-09-22 17:49:03,592 [Worker-34: Launching Executing clean in D__3-1_watchlist_Backend-2] INFO  o.eclipse.m2e.core.internal.Bundles - 	Entry: C:\Users\SHYAMALA\.p2\pool\plugins\org.eclipse.m2e.maven.runtime_3.9.900.20240824-1409\jars\maven-resolver-transport-http-1.9.22.jar
2025-09-22 17:49:03,592 [Worker-34: Launching Executing clean in D__3-1_watchlist_Backend-2] INFO  o.eclipse.m2e.core.internal.Bundles - 	Entry: C:\Users\SHYAMALA\.p2\pool\plugins\org.eclipse.m2e.maven.runtime_3.9.900.20240824-1409\jars\maven-resolver-transport-wagon-1.9.22.jar
2025-09-22 17:49:03,592 [Worker-34: Launching Executing clean in D__3-1_watchlist_Backend-2] INFO  o.eclipse.m2e.core.internal.Bundles - 	Entry: C:\Users\SHYAMALA\.p2\pool\plugins\org.eclipse.m2e.maven.runtime_3.9.900.20240824-1409\jars\maven-resolver-util-1.9.22.jar
2025-09-22 17:49:03,592 [Worker-34: Launching Executing clean in D__3-1_watchlist_Backend-2] INFO  o.eclipse.m2e.core.internal.Bundles - 	Entry: C:\Users\SHYAMALA\.p2\pool\plugins\org.eclipse.m2e.maven.runtime_3.9.900.20240824-1409\jars\maven-settings-3.9.9.jar
2025-09-22 17:49:03,593 [Worker-34: Launching Executing clean in D__3-1_watchlist_Backend-2] INFO  o.eclipse.m2e.core.internal.Bundles - 	Entry: C:\Users\SHYAMALA\.p2\pool\plugins\org.eclipse.m2e.maven.runtime_3.9.900.20240824-1409\jars\maven-settings-builder-3.9.9.jar
2025-09-22 17:49:03,593 [Worker-34: Launching Executing clean in D__3-1_watchlist_Backend-2] INFO  o.eclipse.m2e.core.internal.Bundles - 	Entry: C:\Users\SHYAMALA\.p2\pool\plugins\org.eclipse.m2e.maven.runtime_3.9.900.20240824-1409\jars\maven-shared-utils-3.4.2.jar
2025-09-22 17:49:03,593 [Worker-34: Launching Executing clean in D__3-1_watchlist_Backend-2] INFO  o.eclipse.m2e.core.internal.Bundles - 	Entry: C:\Users\SHYAMALA\.p2\pool\plugins\org.eclipse.m2e.maven.runtime_3.9.900.20240824-1409\jars\org.eclipse.sisu.inject-0.9.0.M3.jar
2025-09-22 17:49:03,593 [Worker-34: Launching Executing clean in D__3-1_watchlist_Backend-2] INFO  o.eclipse.m2e.core.internal.Bundles - 	Entry: C:\Users\SHYAMALA\.p2\pool\plugins\org.eclipse.m2e.maven.runtime_3.9.900.20240824-1409\jars\org.eclipse.sisu.plexus-0.9.0.M3.jar
2025-09-22 17:49:03,593 [Worker-34: Launching Executing clean in D__3-1_watchlist_Backend-2] INFO  o.eclipse.m2e.core.internal.Bundles - 	Entry: C:\Users\SHYAMALA\.p2\pool\plugins\org.eclipse.m2e.maven.runtime_3.9.900.20240824-1409\jars\plexus-build-api-0.0.7.jar
2025-09-22 17:49:03,593 [Worker-34: Launching Executing clean in D__3-1_watchlist_Backend-2] INFO  o.eclipse.m2e.core.internal.Bundles - 	Entry: C:\Users\SHYAMALA\.p2\pool\plugins\org.eclipse.m2e.maven.runtime_3.9.900.20240824-1409\jars\plexus-build-api-1.2.0.jar
2025-09-22 17:49:03,594 [Worker-34: Launching Executing clean in D__3-1_watchlist_Backend-2] INFO  o.eclipse.m2e.core.internal.Bundles - 	Entry: C:\Users\SHYAMALA\.p2\pool\plugins\org.eclipse.m2e.maven.runtime_3.9.900.20240824-1409\jars\plexus-cipher-2.0.jar
2025-09-22 17:49:03,594 [Worker-34: Launching Executing clean in D__3-1_watchlist_Backend-2] INFO  o.eclipse.m2e.core.internal.Bundles - 	Entry: C:\Users\SHYAMALA\.p2\pool\plugins\org.eclipse.m2e.maven.runtime_3.9.900.20240824-1409\jars\plexus-classworlds-2.8.0.jar
2025-09-22 17:49:03,594 [Worker-34: Launching Executing clean in D__3-1_watchlist_Backend-2] INFO  o.eclipse.m2e.core.internal.Bundles - 	Entry: C:\Users\SHYAMALA\.p2\pool\plugins\org.eclipse.m2e.maven.runtime_3.9.900.20240824-1409\jars\plexus-component-annotations-2.1.0.jar
2025-09-22 17:49:03,594 [Worker-34: Launching Executing clean in D__3-1_watchlist_Backend-2] INFO  o.eclipse.m2e.core.internal.Bundles - 	Entry: C:\Users\SHYAMALA\.p2\pool\plugins\org.eclipse.m2e.maven.runtime_3.9.900.20240824-1409\jars\plexus-interpolation-1.27.jar
2025-09-22 17:49:03,594 [Worker-34: Launching Executing clean in D__3-1_watchlist_Backend-2] INFO  o.eclipse.m2e.core.internal.Bundles - 	Entry: C:\Users\SHYAMALA\.p2\pool\plugins\org.eclipse.m2e.maven.runtime_3.9.900.20240824-1409\jars\plexus-sec-dispatcher-2.0.jar
2025-09-22 17:49:03,595 [Worker-34: Launching Executing clean in D__3-1_watchlist_Backend-2] INFO  o.eclipse.m2e.core.internal.Bundles - 	Entry: C:\Users\SHYAMALA\.p2\pool\plugins\org.eclipse.m2e.maven.runtime_3.9.900.20240824-1409\jars\plexus-utils-3.5.1.jar
2025-09-22 17:49:03,595 [Worker-34: Launching Executing clean in D__3-1_watchlist_Backend-2] INFO  o.eclipse.m2e.core.internal.Bundles - 	Entry: C:\Users\SHYAMALA\.p2\pool\plugins\org.eclipse.m2e.maven.runtime_3.9.900.20240824-1409\jars\plexus-xml-3.0.1.jar
2025-09-22 17:49:03,595 [Worker-34: Launching Executing clean in D__3-1_watchlist_Backend-2] INFO  o.eclipse.m2e.core.internal.Bundles - 	Entry: C:\Users\SHYAMALA\.p2\pool\plugins\org.eclipse.m2e.maven.runtime_3.9.900.20240824-1409\jars\wagon-file-3.5.3.jar
2025-09-22 17:49:03,595 [Worker-34: Launching Executing clean in D__3-1_watchlist_Backend-2] INFO  o.eclipse.m2e.core.internal.Bundles - 	Entry: C:\Users\SHYAMALA\.p2\pool\plugins\org.eclipse.m2e.maven.runtime_3.9.900.20240824-1409\jars\wagon-http-3.5.3.jar
2025-09-22 17:49:03,595 [Worker-34: Launching Executing clean in D__3-1_watchlist_Backend-2] INFO  o.eclipse.m2e.core.internal.Bundles - 	Entry: C:\Users\SHYAMALA\.p2\pool\plugins\org.eclipse.m2e.maven.runtime_3.9.900.20240824-1409\jars\wagon-http-shared-3.5.3.jar
2025-09-22 17:49:03,596 [Worker-34: Launching Executing clean in D__3-1_watchlist_Backend-2] INFO  o.eclipse.m2e.core.internal.Bundles - 	Entry: C:\Users\SHYAMALA\.p2\pool\plugins\org.eclipse.m2e.maven.runtime_3.9.900.20240824-1409\jars\wagon-provider-api-3.5.3.jar
2025-09-22 17:49:03,597 [Worker-34: Launching Executing clean in D__3-1_watchlist_Backend-2] INFO  o.eclipse.m2e.core.internal.Bundles - getClasspathEntries(Bundle=com.google.guava_33.3.1.jre [1028])
2025-09-22 17:49:03,598 [Worker-34: Launching Executing clean in D__3-1_watchlist_Backend-2] INFO  o.eclipse.m2e.core.internal.Bundles - 	Entry: C:\Users\SHYAMALA\.p2\pool\plugins\com.google.guava_33.3.1.jre.jar
2025-09-22 17:49:03,598 [Worker-34: Launching Executing clean in D__3-1_watchlist_Backend-2] INFO  o.eclipse.m2e.core.internal.Bundles - getClasspathEntries(Bundle=slf4j.api_2.0.16 [1007])
2025-09-22 17:49:03,599 [Worker-34: Launching Executing clean in D__3-1_watchlist_Backend-2] INFO  o.eclipse.m2e.core.internal.Bundles - 	Entry: C:\Users\SHYAMALA\.p2\pool\plugins\slf4j.api_2.0.16.jar
2025-09-22 17:49:03,599 [Worker-34: Launching Executing clean in D__3-1_watchlist_Backend-2] INFO  o.eclipse.m2e.core.internal.Bundles - getClasspathEntries(Bundle=jakarta.inject.jakarta.inject-api_1.0.5 [34])
2025-09-22 17:49:03,599 [Worker-34: Launching Executing clean in D__3-1_watchlist_Backend-2] INFO  o.eclipse.m2e.core.internal.Bundles - 	Entry: C:\Users\SHYAMALA\.p2\pool\plugins\jakarta.inject.jakarta.inject-api_1.0.5.jar
2025-09-22 17:49:03,599 [Worker-34: Launching Executing clean in D__3-1_watchlist_Backend-2] INFO  o.eclipse.m2e.core.internal.Bundles - getClasspathEntries(Bundle=jakarta.annotation-api_1.3.5 [29])
2025-09-22 17:49:03,600 [Worker-34: Launching Executing clean in D__3-1_watchlist_Backend-2] INFO  o.eclipse.m2e.core.internal.Bundles - 	Entry: C:\Users\SHYAMALA\.p2\pool\plugins\jakarta.annotation-api_1.3.5.jar
2025-09-22 17:49:03,600 [Worker-34: Launching Executing clean in D__3-1_watchlist_Backend-2] INFO  o.eclipse.m2e.core.internal.Bundles - getClasspathEntries(Bundle=org.apache.commons.cli_1.9.0 [78])
2025-09-22 17:49:03,600 [Worker-34: Launching Executing clean in D__3-1_watchlist_Backend-2] INFO  o.eclipse.m2e.core.internal.Bundles - 	Entry: C:\Users\SHYAMALA\.p2\pool\plugins\org.apache.commons.cli_1.9.0.jar
2025-09-22 17:49:03,600 [Worker-34: Launching Executing clean in D__3-1_watchlist_Backend-2] INFO  o.eclipse.m2e.core.internal.Bundles - getClasspathEntries(Bundle=org.apache.commons.commons-codec_1.16.0 [81])
2025-09-22 17:49:03,600 [Worker-34: Launching Executing clean in D__3-1_watchlist_Backend-2] INFO  o.eclipse.m2e.core.internal.Bundles - 	Entry: C:\Users\SHYAMALA\.p2\pool\plugins\org.apache.commons.commons-codec_1.16.0.jar
2025-09-22 17:49:03,600 [Worker-34: Launching Executing clean in D__3-1_watchlist_Backend-2] INFO  o.eclipse.m2e.core.internal.Bundles - getClasspathEntries(Bundle=com.google.guava.failureaccess_1.0.2 [17])
2025-09-22 17:49:03,601 [Worker-34: Launching Executing clean in D__3-1_watchlist_Backend-2] INFO  o.eclipse.m2e.core.internal.Bundles - 	Entry: C:\Users\SHYAMALA\.p2\pool\plugins\com.google.guava.failureaccess_1.0.2.jar
2025-09-22 17:49:03,606 [Worker-34: Launching Executing clean in D__3-1_watchlist_Backend-2] INFO  o.e.m.i.launch.MavenLaunchDelegate - Run build in "D:\3-1\watchlist\Backend-2":
2025-09-22 17:49:03,611 [Worker-34: Launching Executing clean in D__3-1_watchlist_Backend-2] INFO  o.e.m.i.launch.MavenLaunchDelegate -  mvn  -Ppom.xml -B -Dstyle.color=always clean
2025-09-22 17:49:06,314 [Worker-35: Building] INFO  o.a.m.s.f.DefaultMavenResourcesFiltering - Copying 1 resource from src\main\resources to target\classes
2025-09-22 17:49:06,317 [Worker-35: Building] INFO  o.a.m.s.f.DefaultMavenResourcesFiltering - Copying 0 resource from src\main\resources to target\classes
2025-09-22 17:49:06,319 [Worker-35: Building] INFO  o.a.m.s.f.DefaultMavenResourcesFiltering - skip non existing resourceDirectory D:\3-1\watchlist\Backend-2\src\test\resources
2025-09-22 17:49:06,320 [Worker-35: Building] INFO  o.e.m.w.i.f.ResourceFilteringBuildParticipant - Changed resources require a complete clean of filtered resources of Backend-2
2025-09-22 17:49:06,320 [Worker-35: Building] INFO  o.e.m.w.i.f.ResourceFilteringBuildParticipant - Executing resource filtering for Backend-2
2025-09-22 17:51:23,113 [Worker-33: Launching Executing clean in D__3-1_watchlist_Backend-2] INFO  o.eclipse.m2e.core.internal.Bundles - getClasspathEntries(Bundle=org.eclipse.m2e.maven.runtime_3.9.900.20240824-1409 [642])
2025-09-22 17:51:23,114 [Worker-33: Launching Executing clean in D__3-1_watchlist_Backend-2] INFO  o.eclipse.m2e.core.internal.Bundles - 	Entry: C:\Users\SHYAMALA\.p2\pool\plugins\org.eclipse.m2e.maven.runtime_3.9.900.20240824-1409
2025-09-22 17:51:23,114 [Worker-33: Launching Executing clean in D__3-1_watchlist_Backend-2] INFO  o.eclipse.m2e.core.internal.Bundles - 	Entry: C:\Users\SHYAMALA\.p2\pool\plugins\org.eclipse.m2e.maven.runtime_3.9.900.20240824-1409\jars\aopalliance-1.0.jar
2025-09-22 17:51:23,114 [Worker-33: Launching Executing clean in D__3-1_watchlist_Backend-2] INFO  o.eclipse.m2e.core.internal.Bundles - 	Entry: C:\Users\SHYAMALA\.p2\pool\plugins\org.eclipse.m2e.maven.runtime_3.9.900.20240824-1409\jars\guice-5.1.0.jar
2025-09-22 17:51:23,114 [Worker-33: Launching Executing clean in D__3-1_watchlist_Backend-2] INFO  o.eclipse.m2e.core.internal.Bundles - 	Entry: C:\Users\SHYAMALA\.p2\pool\plugins\org.eclipse.m2e.maven.runtime_3.9.900.20240824-1409\jars\httpclient-4.5.14.jar
2025-09-22 17:51:23,114 [Worker-33: Launching Executing clean in D__3-1_watchlist_Backend-2] INFO  o.eclipse.m2e.core.internal.Bundles - 	Entry: C:\Users\SHYAMALA\.p2\pool\plugins\org.eclipse.m2e.maven.runtime_3.9.900.20240824-1409\jars\httpcore-4.4.16.jar
2025-09-22 17:51:23,114 [Worker-33: Launching Executing clean in D__3-1_watchlist_Backend-2] INFO  o.eclipse.m2e.core.internal.Bundles - 	Entry: C:\Users\SHYAMALA\.p2\pool\plugins\org.eclipse.m2e.maven.runtime_3.9.900.20240824-1409\jars\jansi-2.4.1.jar
2025-09-22 17:51:23,115 [Worker-33: Launching Executing clean in D__3-1_watchlist_Backend-2] INFO  o.eclipse.m2e.core.internal.Bundles - 	Entry: C:\Users\SHYAMALA\.p2\pool\plugins\org.eclipse.m2e.maven.runtime_3.9.900.20240824-1409\jars\jcl-over-slf4j-1.7.36.jar
2025-09-22 17:51:23,115 [Worker-33: Launching Executing clean in D__3-1_watchlist_Backend-2] INFO  o.eclipse.m2e.core.internal.Bundles - 	Entry: C:\Users\SHYAMALA\.p2\pool\plugins\org.eclipse.m2e.maven.runtime_3.9.900.20240824-1409\jars\maven-artifact-3.9.9.jar
2025-09-22 17:51:23,115 [Worker-33: Launching Executing clean in D__3-1_watchlist_Backend-2] INFO  o.eclipse.m2e.core.internal.Bundles - 	Entry: C:\Users\SHYAMALA\.p2\pool\plugins\org.eclipse.m2e.maven.runtime_3.9.900.20240824-1409\jars\maven-builder-support-3.9.9.jar
2025-09-22 17:51:23,115 [Worker-33: Launching Executing clean in D__3-1_watchlist_Backend-2] INFO  o.eclipse.m2e.core.internal.Bundles - 	Entry: C:\Users\SHYAMALA\.p2\pool\plugins\org.eclipse.m2e.maven.runtime_3.9.900.20240824-1409\jars\maven-compat-3.9.9.jar
2025-09-22 17:51:23,115 [Worker-33: Launching Executing clean in D__3-1_watchlist_Backend-2] INFO  o.eclipse.m2e.core.internal.Bundles - 	Entry: C:\Users\SHYAMALA\.p2\pool\plugins\org.eclipse.m2e.maven.runtime_3.9.900.20240824-1409\jars\maven-core-3.9.9.jar
2025-09-22 17:51:23,116 [Worker-33: Launching Executing clean in D__3-1_watchlist_Backend-2] INFO  o.eclipse.m2e.core.internal.Bundles - 	Entry: C:\Users\SHYAMALA\.p2\pool\plugins\org.eclipse.m2e.maven.runtime_3.9.900.20240824-1409\jars\maven-embedder-3.9.9.jar
2025-09-22 17:51:23,116 [Worker-33: Launching Executing clean in D__3-1_watchlist_Backend-2] INFO  o.eclipse.m2e.core.internal.Bundles - 	Entry: C:\Users\SHYAMALA\.p2\pool\plugins\org.eclipse.m2e.maven.runtime_3.9.900.20240824-1409\jars\maven-model-3.9.9.jar
2025-09-22 17:51:23,116 [Worker-33: Launching Executing clean in D__3-1_watchlist_Backend-2] INFO  o.eclipse.m2e.core.internal.Bundles - 	Entry: C:\Users\SHYAMALA\.p2\pool\plugins\org.eclipse.m2e.maven.runtime_3.9.900.20240824-1409\jars\maven-model-builder-3.9.9.jar
2025-09-22 17:51:23,116 [Worker-33: Launching Executing clean in D__3-1_watchlist_Backend-2] INFO  o.eclipse.m2e.core.internal.Bundles - 	Entry: C:\Users\SHYAMALA\.p2\pool\plugins\org.eclipse.m2e.maven.runtime_3.9.900.20240824-1409\jars\maven-plugin-api-3.9.9.jar
2025-09-22 17:51:23,116 [Worker-33: Launching Executing clean in D__3-1_watchlist_Backend-2] INFO  o.eclipse.m2e.core.internal.Bundles - 	Entry: C:\Users\SHYAMALA\.p2\pool\plugins\org.eclipse.m2e.maven.runtime_3.9.900.20240824-1409\jars\maven-repository-metadata-3.9.9.jar
2025-09-22 17:51:23,116 [Worker-33: Launching Executing clean in D__3-1_watchlist_Backend-2] INFO  o.eclipse.m2e.core.internal.Bundles - 	Entry: C:\Users\SHYAMALA\.p2\pool\plugins\org.eclipse.m2e.maven.runtime_3.9.900.20240824-1409\jars\maven-resolver-api-1.9.22.jar
2025-09-22 17:51:23,117 [Worker-33: Launching Executing clean in D__3-1_watchlist_Backend-2] INFO  o.eclipse.m2e.core.internal.Bundles - 	Entry: C:\Users\SHYAMALA\.p2\pool\plugins\org.eclipse.m2e.maven.runtime_3.9.900.20240824-1409\jars\maven-resolver-connector-basic-1.9.22.jar
2025-09-22 17:51:23,117 [Worker-33: Launching Executing clean in D__3-1_watchlist_Backend-2] INFO  o.eclipse.m2e.core.internal.Bundles - 	Entry: C:\Users\SHYAMALA\.p2\pool\plugins\org.eclipse.m2e.maven.runtime_3.9.900.20240824-1409\jars\maven-resolver-impl-1.9.22.jar
2025-09-22 17:51:23,117 [Worker-33: Launching Executing clean in D__3-1_watchlist_Backend-2] INFO  o.eclipse.m2e.core.internal.Bundles - 	Entry: C:\Users\SHYAMALA\.p2\pool\plugins\org.eclipse.m2e.maven.runtime_3.9.900.20240824-1409\jars\maven-resolver-named-locks-1.9.22.jar
2025-09-22 17:51:23,117 [Worker-33: Launching Executing clean in D__3-1_watchlist_Backend-2] INFO  o.eclipse.m2e.core.internal.Bundles - 	Entry: C:\Users\SHYAMALA\.p2\pool\plugins\org.eclipse.m2e.maven.runtime_3.9.900.20240824-1409\jars\maven-resolver-provider-3.9.9.jar
2025-09-22 17:51:23,117 [Worker-33: Launching Executing clean in D__3-1_watchlist_Backend-2] INFO  o.eclipse.m2e.core.internal.Bundles - 	Entry: C:\Users\SHYAMALA\.p2\pool\plugins\org.eclipse.m2e.maven.runtime_3.9.900.20240824-1409\jars\maven-resolver-spi-1.9.22.jar
2025-09-22 17:51:23,117 [Worker-33: Launching Executing clean in D__3-1_watchlist_Backend-2] INFO  o.eclipse.m2e.core.internal.Bundles - 	Entry: C:\Users\SHYAMALA\.p2\pool\plugins\org.eclipse.m2e.maven.runtime_3.9.900.20240824-1409\jars\maven-resolver-transport-file-1.9.22.jar
2025-09-22 17:51:23,117 [Worker-33: Launching Executing clean in D__3-1_watchlist_Backend-2] INFO  o.eclipse.m2e.core.internal.Bundles - 	Entry: C:\Users\SHYAMALA\.p2\pool\plugins\org.eclipse.m2e.maven.runtime_3.9.900.20240824-1409\jars\maven-resolver-transport-http-1.9.22.jar
2025-09-22 17:51:23,118 [Worker-33: Launching Executing clean in D__3-1_watchlist_Backend-2] INFO  o.eclipse.m2e.core.internal.Bundles - 	Entry: C:\Users\SHYAMALA\.p2\pool\plugins\org.eclipse.m2e.maven.runtime_3.9.900.20240824-1409\jars\maven-resolver-transport-wagon-1.9.22.jar
2025-09-22 17:51:23,118 [Worker-33: Launching Executing clean in D__3-1_watchlist_Backend-2] INFO  o.eclipse.m2e.core.internal.Bundles - 	Entry: C:\Users\SHYAMALA\.p2\pool\plugins\org.eclipse.m2e.maven.runtime_3.9.900.20240824-1409\jars\maven-resolver-util-1.9.22.jar
2025-09-22 17:51:23,118 [Worker-33: Launching Executing clean in D__3-1_watchlist_Backend-2] INFO  o.eclipse.m2e.core.internal.Bundles - 	Entry: C:\Users\SHYAMALA\.p2\pool\plugins\org.eclipse.m2e.maven.runtime_3.9.900.20240824-1409\jars\maven-settings-3.9.9.jar
2025-09-22 17:51:23,118 [Worker-33: Launching Executing clean in D__3-1_watchlist_Backend-2] INFO  o.eclipse.m2e.core.internal.Bundles - 	Entry: C:\Users\SHYAMALA\.p2\pool\plugins\org.eclipse.m2e.maven.runtime_3.9.900.20240824-1409\jars\maven-settings-builder-3.9.9.jar
2025-09-22 17:51:23,118 [Worker-33: Launching Executing clean in D__3-1_watchlist_Backend-2] INFO  o.eclipse.m2e.core.internal.Bundles - 	Entry: C:\Users\SHYAMALA\.p2\pool\plugins\org.eclipse.m2e.maven.runtime_3.9.900.20240824-1409\jars\maven-shared-utils-3.4.2.jar
2025-09-22 17:51:23,118 [Worker-33: Launching Executing clean in D__3-1_watchlist_Backend-2] INFO  o.eclipse.m2e.core.internal.Bundles - 	Entry: C:\Users\SHYAMALA\.p2\pool\plugins\org.eclipse.m2e.maven.runtime_3.9.900.20240824-1409\jars\org.eclipse.sisu.inject-0.9.0.M3.jar
2025-09-22 17:51:23,119 [Worker-33: Launching Executing clean in D__3-1_watchlist_Backend-2] INFO  o.eclipse.m2e.core.internal.Bundles - 	Entry: C:\Users\SHYAMALA\.p2\pool\plugins\org.eclipse.m2e.maven.runtime_3.9.900.20240824-1409\jars\org.eclipse.sisu.plexus-0.9.0.M3.jar
2025-09-22 17:51:23,119 [Worker-33: Launching Executing clean in D__3-1_watchlist_Backend-2] INFO  o.eclipse.m2e.core.internal.Bundles - 	Entry: C:\Users\SHYAMALA\.p2\pool\plugins\org.eclipse.m2e.maven.runtime_3.9.900.20240824-1409\jars\plexus-build-api-0.0.7.jar
2025-09-22 17:51:23,119 [Worker-33: Launching Executing clean in D__3-1_watchlist_Backend-2] INFO  o.eclipse.m2e.core.internal.Bundles - 	Entry: C:\Users\SHYAMALA\.p2\pool\plugins\org.eclipse.m2e.maven.runtime_3.9.900.20240824-1409\jars\plexus-build-api-1.2.0.jar
2025-09-22 17:51:23,119 [Worker-33: Launching Executing clean in D__3-1_watchlist_Backend-2] INFO  o.eclipse.m2e.core.internal.Bundles - 	Entry: C:\Users\SHYAMALA\.p2\pool\plugins\org.eclipse.m2e.maven.runtime_3.9.900.20240824-1409\jars\plexus-cipher-2.0.jar
2025-09-22 17:51:23,119 [Worker-33: Launching Executing clean in D__3-1_watchlist_Backend-2] INFO  o.eclipse.m2e.core.internal.Bundles - 	Entry: C:\Users\SHYAMALA\.p2\pool\plugins\org.eclipse.m2e.maven.runtime_3.9.900.20240824-1409\jars\plexus-classworlds-2.8.0.jar
2025-09-22 17:51:23,119 [Worker-33: Launching Executing clean in D__3-1_watchlist_Backend-2] INFO  o.eclipse.m2e.core.internal.Bundles - 	Entry: C:\Users\SHYAMALA\.p2\pool\plugins\org.eclipse.m2e.maven.runtime_3.9.900.20240824-1409\jars\plexus-component-annotations-2.1.0.jar
2025-09-22 17:51:23,120 [Worker-33: Launching Executing clean in D__3-1_watchlist_Backend-2] INFO  o.eclipse.m2e.core.internal.Bundles - 	Entry: C:\Users\SHYAMALA\.p2\pool\plugins\org.eclipse.m2e.maven.runtime_3.9.900.20240824-1409\jars\plexus-interpolation-1.27.jar
2025-09-22 17:51:23,120 [Worker-33: Launching Executing clean in D__3-1_watchlist_Backend-2] INFO  o.eclipse.m2e.core.internal.Bundles - 	Entry: C:\Users\SHYAMALA\.p2\pool\plugins\org.eclipse.m2e.maven.runtime_3.9.900.20240824-1409\jars\plexus-sec-dispatcher-2.0.jar
2025-09-22 17:51:23,120 [Worker-33: Launching Executing clean in D__3-1_watchlist_Backend-2] INFO  o.eclipse.m2e.core.internal.Bundles - 	Entry: C:\Users\SHYAMALA\.p2\pool\plugins\org.eclipse.m2e.maven.runtime_3.9.900.20240824-1409\jars\plexus-utils-3.5.1.jar
2025-09-22 17:51:23,120 [Worker-33: Launching Executing clean in D__3-1_watchlist_Backend-2] INFO  o.eclipse.m2e.core.internal.Bundles - 	Entry: C:\Users\SHYAMALA\.p2\pool\plugins\org.eclipse.m2e.maven.runtime_3.9.900.20240824-1409\jars\plexus-xml-3.0.1.jar
2025-09-22 17:51:23,121 [Worker-33: Launching Executing clean in D__3-1_watchlist_Backend-2] INFO  o.eclipse.m2e.core.internal.Bundles - 	Entry: C:\Users\SHYAMALA\.p2\pool\plugins\org.eclipse.m2e.maven.runtime_3.9.900.20240824-1409\jars\wagon-file-3.5.3.jar
2025-09-22 17:51:23,121 [Worker-33: Launching Executing clean in D__3-1_watchlist_Backend-2] INFO  o.eclipse.m2e.core.internal.Bundles - 	Entry: C:\Users\SHYAMALA\.p2\pool\plugins\org.eclipse.m2e.maven.runtime_3.9.900.20240824-1409\jars\wagon-http-3.5.3.jar
2025-09-22 17:51:23,121 [Worker-33: Launching Executing clean in D__3-1_watchlist_Backend-2] INFO  o.eclipse.m2e.core.internal.Bundles - 	Entry: C:\Users\SHYAMALA\.p2\pool\plugins\org.eclipse.m2e.maven.runtime_3.9.900.20240824-1409\jars\wagon-http-shared-3.5.3.jar
2025-09-22 17:51:23,121 [Worker-33: Launching Executing clean in D__3-1_watchlist_Backend-2] INFO  o.eclipse.m2e.core.internal.Bundles - 	Entry: C:\Users\SHYAMALA\.p2\pool\plugins\org.eclipse.m2e.maven.runtime_3.9.900.20240824-1409\jars\wagon-provider-api-3.5.3.jar
2025-09-22 17:51:23,121 [Worker-33: Launching Executing clean in D__3-1_watchlist_Backend-2] INFO  o.eclipse.m2e.core.internal.Bundles - getClasspathEntries(Bundle=com.google.guava_33.3.1.jre [1028])
2025-09-22 17:51:23,122 [Worker-33: Launching Executing clean in D__3-1_watchlist_Backend-2] INFO  o.eclipse.m2e.core.internal.Bundles - 	Entry: C:\Users\SHYAMALA\.p2\pool\plugins\com.google.guava_33.3.1.jre.jar
2025-09-22 17:51:23,122 [Worker-33: Launching Executing clean in D__3-1_watchlist_Backend-2] INFO  o.eclipse.m2e.core.internal.Bundles - getClasspathEntries(Bundle=slf4j.api_2.0.16 [1007])
2025-09-22 17:51:23,122 [Worker-33: Launching Executing clean in D__3-1_watchlist_Backend-2] INFO  o.eclipse.m2e.core.internal.Bundles - 	Entry: C:\Users\SHYAMALA\.p2\pool\plugins\slf4j.api_2.0.16.jar
2025-09-22 17:51:23,122 [Worker-33: Launching Executing clean in D__3-1_watchlist_Backend-2] INFO  o.eclipse.m2e.core.internal.Bundles - getClasspathEntries(Bundle=jakarta.inject.jakarta.inject-api_1.0.5 [34])
2025-09-22 17:51:23,123 [Worker-33: Launching Executing clean in D__3-1_watchlist_Backend-2] INFO  o.eclipse.m2e.core.internal.Bundles - 	Entry: C:\Users\SHYAMALA\.p2\pool\plugins\jakarta.inject.jakarta.inject-api_1.0.5.jar
2025-09-22 17:51:23,123 [Worker-33: Launching Executing clean in D__3-1_watchlist_Backend-2] INFO  o.eclipse.m2e.core.internal.Bundles - getClasspathEntries(Bundle=jakarta.annotation-api_1.3.5 [29])
2025-09-22 17:51:23,123 [Worker-33: Launching Executing clean in D__3-1_watchlist_Backend-2] INFO  o.eclipse.m2e.core.internal.Bundles - 	Entry: C:\Users\SHYAMALA\.p2\pool\plugins\jakarta.annotation-api_1.3.5.jar
2025-09-22 17:51:23,123 [Worker-33: Launching Executing clean in D__3-1_watchlist_Backend-2] INFO  o.eclipse.m2e.core.internal.Bundles - getClasspathEntries(Bundle=org.apache.commons.cli_1.9.0 [78])
2025-09-22 17:51:23,124 [Worker-33: Launching Executing clean in D__3-1_watchlist_Backend-2] INFO  o.eclipse.m2e.core.internal.Bundles - 	Entry: C:\Users\SHYAMALA\.p2\pool\plugins\org.apache.commons.cli_1.9.0.jar
2025-09-22 17:51:23,124 [Worker-33: Launching Executing clean in D__3-1_watchlist_Backend-2] INFO  o.eclipse.m2e.core.internal.Bundles - getClasspathEntries(Bundle=org.apache.commons.commons-codec_1.16.0 [81])
2025-09-22 17:51:23,125 [Worker-33: Launching Executing clean in D__3-1_watchlist_Backend-2] INFO  o.eclipse.m2e.core.internal.Bundles - 	Entry: C:\Users\SHYAMALA\.p2\pool\plugins\org.apache.commons.commons-codec_1.16.0.jar
2025-09-22 17:51:23,125 [Worker-33: Launching Executing clean in D__3-1_watchlist_Backend-2] INFO  o.eclipse.m2e.core.internal.Bundles - getClasspathEntries(Bundle=com.google.guava.failureaccess_1.0.2 [17])
2025-09-22 17:51:23,126 [Worker-33: Launching Executing clean in D__3-1_watchlist_Backend-2] INFO  o.eclipse.m2e.core.internal.Bundles - 	Entry: C:\Users\SHYAMALA\.p2\pool\plugins\com.google.guava.failureaccess_1.0.2.jar
2025-09-22 17:51:23,128 [Worker-33: Launching Executing clean in D__3-1_watchlist_Backend-2] INFO  o.e.m.i.launch.MavenLaunchDelegate - Run build in "D:\3-1\watchlist\Backend-2":
2025-09-22 17:51:23,128 [Worker-33: Launching Executing clean in D__3-1_watchlist_Backend-2] INFO  o.e.m.i.launch.MavenLaunchDelegate -  mvn  -Ppom.xml -B -Dstyle.color=always clean
2025-09-22 17:51:25,625 [Worker-37: Building] INFO  o.a.m.s.f.DefaultMavenResourcesFiltering - Copying 1 resource from src\main\resources to target\classes
2025-09-22 17:51:25,627 [Worker-37: Building] INFO  o.a.m.s.f.DefaultMavenResourcesFiltering - Copying 0 resource from src\main\resources to target\classes
2025-09-22 17:51:25,630 [Worker-37: Building] INFO  o.a.m.s.f.DefaultMavenResourcesFiltering - skip non existing resourceDirectory D:\3-1\watchlist\Backend-2\src\test\resources
2025-09-22 17:51:25,631 [Worker-37: Building] INFO  o.e.m.w.i.f.ResourceFilteringBuildParticipant - Changed resources require a complete clean of filtered resources of Backend-2
2025-09-22 17:51:25,631 [Worker-37: Building] INFO  o.e.m.w.i.f.ResourceFilteringBuildParticipant - Executing resource filtering for Backend-2
2025-09-22 17:51:32,742 [Worker-33: Updating Maven Project] INFO  o.e.m.c.i.p.ProjectConfigurationManager - Update started
2025-09-22 17:51:33,055 [Worker-33: Updating Maven Project] INFO  o.e.m.c.i.l.LifecycleMappingFactory - Using org.maven.ide.eclipse.wtp.WarLifecycleMapping lifecycle mapping for MavenProject: com.example:Backend-2:0.0.1-SNAPSHOT @ D:\3-1\watchlist\Backend-2\pom.xml.
2025-09-22 17:51:33,526 [Worker-33: Updating Maven Project] INFO  o.e.m.j.i.AbstractJavaProjectConfigurator - Adding source folder /Backend-2/src/main/java
2025-09-22 17:51:33,527 [Worker-33: Updating Maven Project] INFO  o.e.m.j.i.AbstractJavaProjectConfigurator - Adding resource folder /Backend-2/src/main/resources
2025-09-22 17:51:33,527 [Worker-33: Updating Maven Project] INFO  o.e.m.j.i.AbstractJavaProjectConfigurator - Adding resource folder /Backend-2/src/main/resources
2025-09-22 17:51:33,528 [Worker-33: Updating Maven Project] INFO  o.e.m.j.i.AbstractJavaProjectConfigurator - Adding source folder /Backend-2/src/test/java
2025-09-22 17:51:33,529 [Worker-33: Updating Maven Project] INFO  o.e.m.j.i.AbstractJavaProjectConfigurator - Adding resource folder /Backend-2/src/test/resources
2025-09-22 17:51:34,053 [Worker-33: Updating Maven Project] INFO  o.e.m.w.i.f.ResourceFilteringBuildParticipant - Cleaning filtered folder for Backend-2
2025-09-22 17:51:34,115 [Worker-33: Updating Maven Project] INFO  o.e.m.c.i.p.ProjectConfigurationManager - Update completed for 1 poms: local refresh takes 0.00 sec, refresh facades takes 0.00 sec, update config takes 0.00 sec 
2025-09-22 17:51:34,444 [Worker-20: Building] INFO  o.a.m.s.f.DefaultMavenResourcesFiltering - Copying 1 resource from src\main\resources to target\classes
2025-09-22 17:51:34,457 [Worker-20: Building] INFO  o.a.m.s.f.DefaultMavenResourcesFiltering - Copying 0 resource from src\main\resources to target\classes
2025-09-22 17:51:34,462 [Worker-20: Building] INFO  o.a.m.s.f.DefaultMavenResourcesFiltering - skip non existing resourceDirectory D:\3-1\watchlist\Backend-2\src\test\resources
2025-09-22 17:51:34,463 [Worker-20: Building] INFO  o.e.m.w.i.f.ResourceFilteringBuildParticipant - Changed resources require a complete clean of filtered resources of Backend-2
2025-09-22 17:51:34,463 [Worker-20: Building] INFO  o.e.m.w.i.f.ResourceFilteringBuildParticipant - Executing resource filtering for Backend-2
2025-09-22 17:58:03,185 [Worker-39: Launching Executing clean in D__3-1_watchlist_Backend-2] INFO  o.eclipse.m2e.core.internal.Bundles - getClasspathEntries(Bundle=org.eclipse.m2e.maven.runtime_3.9.900.20240824-1409 [642])
2025-09-22 17:58:03,186 [Worker-39: Launching Executing clean in D__3-1_watchlist_Backend-2] INFO  o.eclipse.m2e.core.internal.Bundles - 	Entry: C:\Users\SHYAMALA\.p2\pool\plugins\org.eclipse.m2e.maven.runtime_3.9.900.20240824-1409
2025-09-22 17:58:03,187 [Worker-39: Launching Executing clean in D__3-1_watchlist_Backend-2] INFO  o.eclipse.m2e.core.internal.Bundles - 	Entry: C:\Users\SHYAMALA\.p2\pool\plugins\org.eclipse.m2e.maven.runtime_3.9.900.20240824-1409\jars\aopalliance-1.0.jar
2025-09-22 17:58:03,187 [Worker-39: Launching Executing clean in D__3-1_watchlist_Backend-2] INFO  o.eclipse.m2e.core.internal.Bundles - 	Entry: C:\Users\SHYAMALA\.p2\pool\plugins\org.eclipse.m2e.maven.runtime_3.9.900.20240824-1409\jars\guice-5.1.0.jar
2025-09-22 17:58:03,187 [Worker-39: Launching Executing clean in D__3-1_watchlist_Backend-2] INFO  o.eclipse.m2e.core.internal.Bundles - 	Entry: C:\Users\SHYAMALA\.p2\pool\plugins\org.eclipse.m2e.maven.runtime_3.9.900.20240824-1409\jars\httpclient-4.5.14.jar
2025-09-22 17:58:03,187 [Worker-39: Launching Executing clean in D__3-1_watchlist_Backend-2] INFO  o.eclipse.m2e.core.internal.Bundles - 	Entry: C:\Users\SHYAMALA\.p2\pool\plugins\org.eclipse.m2e.maven.runtime_3.9.900.20240824-1409\jars\httpcore-4.4.16.jar
2025-09-22 17:58:03,187 [Worker-39: Launching Executing clean in D__3-1_watchlist_Backend-2] INFO  o.eclipse.m2e.core.internal.Bundles - 	Entry: C:\Users\SHYAMALA\.p2\pool\plugins\org.eclipse.m2e.maven.runtime_3.9.900.20240824-1409\jars\jansi-2.4.1.jar
2025-09-22 17:58:03,187 [Worker-39: Launching Executing clean in D__3-1_watchlist_Backend-2] INFO  o.eclipse.m2e.core.internal.Bundles - 	Entry: C:\Users\SHYAMALA\.p2\pool\plugins\org.eclipse.m2e.maven.runtime_3.9.900.20240824-1409\jars\jcl-over-slf4j-1.7.36.jar
2025-09-22 17:58:03,187 [Worker-39: Launching Executing clean in D__3-1_watchlist_Backend-2] INFO  o.eclipse.m2e.core.internal.Bundles - 	Entry: C:\Users\SHYAMALA\.p2\pool\plugins\org.eclipse.m2e.maven.runtime_3.9.900.20240824-1409\jars\maven-artifact-3.9.9.jar
2025-09-22 17:58:03,187 [Worker-39: Launching Executing clean in D__3-1_watchlist_Backend-2] INFO  o.eclipse.m2e.core.internal.Bundles - 	Entry: C:\Users\SHYAMALA\.p2\pool\plugins\org.eclipse.m2e.maven.runtime_3.9.900.20240824-1409\jars\maven-builder-support-3.9.9.jar
2025-09-22 17:58:03,188 [Worker-39: Launching Executing clean in D__3-1_watchlist_Backend-2] INFO  o.eclipse.m2e.core.internal.Bundles - 	Entry: C:\Users\SHYAMALA\.p2\pool\plugins\org.eclipse.m2e.maven.runtime_3.9.900.20240824-1409\jars\maven-compat-3.9.9.jar
2025-09-22 17:58:03,188 [Worker-39: Launching Executing clean in D__3-1_watchlist_Backend-2] INFO  o.eclipse.m2e.core.internal.Bundles - 	Entry: C:\Users\SHYAMALA\.p2\pool\plugins\org.eclipse.m2e.maven.runtime_3.9.900.20240824-1409\jars\maven-core-3.9.9.jar
2025-09-22 17:58:03,188 [Worker-39: Launching Executing clean in D__3-1_watchlist_Backend-2] INFO  o.eclipse.m2e.core.internal.Bundles - 	Entry: C:\Users\SHYAMALA\.p2\pool\plugins\org.eclipse.m2e.maven.runtime_3.9.900.20240824-1409\jars\maven-embedder-3.9.9.jar
2025-09-22 17:58:03,188 [Worker-39: Launching Executing clean in D__3-1_watchlist_Backend-2] INFO  o.eclipse.m2e.core.internal.Bundles - 	Entry: C:\Users\SHYAMALA\.p2\pool\plugins\org.eclipse.m2e.maven.runtime_3.9.900.20240824-1409\jars\maven-model-3.9.9.jar
2025-09-22 17:58:03,188 [Worker-39: Launching Executing clean in D__3-1_watchlist_Backend-2] INFO  o.eclipse.m2e.core.internal.Bundles - 	Entry: C:\Users\SHYAMALA\.p2\pool\plugins\org.eclipse.m2e.maven.runtime_3.9.900.20240824-1409\jars\maven-model-builder-3.9.9.jar
2025-09-22 17:58:03,188 [Worker-39: Launching Executing clean in D__3-1_watchlist_Backend-2] INFO  o.eclipse.m2e.core.internal.Bundles - 	Entry: C:\Users\SHYAMALA\.p2\pool\plugins\org.eclipse.m2e.maven.runtime_3.9.900.20240824-1409\jars\maven-plugin-api-3.9.9.jar
2025-09-22 17:58:03,188 [Worker-39: Launching Executing clean in D__3-1_watchlist_Backend-2] INFO  o.eclipse.m2e.core.internal.Bundles - 	Entry: C:\Users\SHYAMALA\.p2\pool\plugins\org.eclipse.m2e.maven.runtime_3.9.900.20240824-1409\jars\maven-repository-metadata-3.9.9.jar
2025-09-22 17:58:03,189 [Worker-39: Launching Executing clean in D__3-1_watchlist_Backend-2] INFO  o.eclipse.m2e.core.internal.Bundles - 	Entry: C:\Users\SHYAMALA\.p2\pool\plugins\org.eclipse.m2e.maven.runtime_3.9.900.20240824-1409\jars\maven-resolver-api-1.9.22.jar
2025-09-22 17:58:03,189 [Worker-39: Launching Executing clean in D__3-1_watchlist_Backend-2] INFO  o.eclipse.m2e.core.internal.Bundles - 	Entry: C:\Users\SHYAMALA\.p2\pool\plugins\org.eclipse.m2e.maven.runtime_3.9.900.20240824-1409\jars\maven-resolver-connector-basic-1.9.22.jar
2025-09-22 17:58:03,189 [Worker-39: Launching Executing clean in D__3-1_watchlist_Backend-2] INFO  o.eclipse.m2e.core.internal.Bundles - 	Entry: C:\Users\SHYAMALA\.p2\pool\plugins\org.eclipse.m2e.maven.runtime_3.9.900.20240824-1409\jars\maven-resolver-impl-1.9.22.jar
2025-09-22 17:58:03,190 [Worker-39: Launching Executing clean in D__3-1_watchlist_Backend-2] INFO  o.eclipse.m2e.core.internal.Bundles - 	Entry: C:\Users\SHYAMALA\.p2\pool\plugins\org.eclipse.m2e.maven.runtime_3.9.900.20240824-1409\jars\maven-resolver-named-locks-1.9.22.jar
2025-09-22 17:58:03,190 [Worker-39: Launching Executing clean in D__3-1_watchlist_Backend-2] INFO  o.eclipse.m2e.core.internal.Bundles - 	Entry: C:\Users\SHYAMALA\.p2\pool\plugins\org.eclipse.m2e.maven.runtime_3.9.900.20240824-1409\jars\maven-resolver-provider-3.9.9.jar
2025-09-22 17:58:03,190 [Worker-39: Launching Executing clean in D__3-1_watchlist_Backend-2] INFO  o.eclipse.m2e.core.internal.Bundles - 	Entry: C:\Users\SHYAMALA\.p2\pool\plugins\org.eclipse.m2e.maven.runtime_3.9.900.20240824-1409\jars\maven-resolver-spi-1.9.22.jar
2025-09-22 17:58:03,190 [Worker-39: Launching Executing clean in D__3-1_watchlist_Backend-2] INFO  o.eclipse.m2e.core.internal.Bundles - 	Entry: C:\Users\SHYAMALA\.p2\pool\plugins\org.eclipse.m2e.maven.runtime_3.9.900.20240824-1409\jars\maven-resolver-transport-file-1.9.22.jar
2025-09-22 17:58:03,190 [Worker-39: Launching Executing clean in D__3-1_watchlist_Backend-2] INFO  o.eclipse.m2e.core.internal.Bundles - 	Entry: C:\Users\SHYAMALA\.p2\pool\plugins\org.eclipse.m2e.maven.runtime_3.9.900.20240824-1409\jars\maven-resolver-transport-http-1.9.22.jar
2025-09-22 17:58:03,190 [Worker-39: Launching Executing clean in D__3-1_watchlist_Backend-2] INFO  o.eclipse.m2e.core.internal.Bundles - 	Entry: C:\Users\SHYAMALA\.p2\pool\plugins\org.eclipse.m2e.maven.runtime_3.9.900.20240824-1409\jars\maven-resolver-transport-wagon-1.9.22.jar
2025-09-22 17:58:03,190 [Worker-39: Launching Executing clean in D__3-1_watchlist_Backend-2] INFO  o.eclipse.m2e.core.internal.Bundles - 	Entry: C:\Users\SHYAMALA\.p2\pool\plugins\org.eclipse.m2e.maven.runtime_3.9.900.20240824-1409\jars\maven-resolver-util-1.9.22.jar
2025-09-22 17:58:03,191 [Worker-39: Launching Executing clean in D__3-1_watchlist_Backend-2] INFO  o.eclipse.m2e.core.internal.Bundles - 	Entry: C:\Users\SHYAMALA\.p2\pool\plugins\org.eclipse.m2e.maven.runtime_3.9.900.20240824-1409\jars\maven-settings-3.9.9.jar
2025-09-22 17:58:03,191 [Worker-39: Launching Executing clean in D__3-1_watchlist_Backend-2] INFO  o.eclipse.m2e.core.internal.Bundles - 	Entry: C:\Users\SHYAMALA\.p2\pool\plugins\org.eclipse.m2e.maven.runtime_3.9.900.20240824-1409\jars\maven-settings-builder-3.9.9.jar
2025-09-22 17:58:03,191 [Worker-39: Launching Executing clean in D__3-1_watchlist_Backend-2] INFO  o.eclipse.m2e.core.internal.Bundles - 	Entry: C:\Users\SHYAMALA\.p2\pool\plugins\org.eclipse.m2e.maven.runtime_3.9.900.20240824-1409\jars\maven-shared-utils-3.4.2.jar
2025-09-22 17:58:03,191 [Worker-39: Launching Executing clean in D__3-1_watchlist_Backend-2] INFO  o.eclipse.m2e.core.internal.Bundles - 	Entry: C:\Users\SHYAMALA\.p2\pool\plugins\org.eclipse.m2e.maven.runtime_3.9.900.20240824-1409\jars\org.eclipse.sisu.inject-0.9.0.M3.jar
2025-09-22 17:58:03,191 [Worker-39: Launching Executing clean in D__3-1_watchlist_Backend-2] INFO  o.eclipse.m2e.core.internal.Bundles - 	Entry: C:\Users\SHYAMALA\.p2\pool\plugins\org.eclipse.m2e.maven.runtime_3.9.900.20240824-1409\jars\org.eclipse.sisu.plexus-0.9.0.M3.jar
2025-09-22 17:58:03,191 [Worker-39: Launching Executing clean in D__3-1_watchlist_Backend-2] INFO  o.eclipse.m2e.core.internal.Bundles - 	Entry: C:\Users\SHYAMALA\.p2\pool\plugins\org.eclipse.m2e.maven.runtime_3.9.900.20240824-1409\jars\plexus-build-api-0.0.7.jar
2025-09-22 17:58:03,191 [Worker-39: Launching Executing clean in D__3-1_watchlist_Backend-2] INFO  o.eclipse.m2e.core.internal.Bundles - 	Entry: C:\Users\SHYAMALA\.p2\pool\plugins\org.eclipse.m2e.maven.runtime_3.9.900.20240824-1409\jars\plexus-build-api-1.2.0.jar
2025-09-22 17:58:03,191 [Worker-39: Launching Executing clean in D__3-1_watchlist_Backend-2] INFO  o.eclipse.m2e.core.internal.Bundles - 	Entry: C:\Users\SHYAMALA\.p2\pool\plugins\org.eclipse.m2e.maven.runtime_3.9.900.20240824-1409\jars\plexus-cipher-2.0.jar
2025-09-22 17:58:03,192 [Worker-39: Launching Executing clean in D__3-1_watchlist_Backend-2] INFO  o.eclipse.m2e.core.internal.Bundles - 	Entry: C:\Users\SHYAMALA\.p2\pool\plugins\org.eclipse.m2e.maven.runtime_3.9.900.20240824-1409\jars\plexus-classworlds-2.8.0.jar
2025-09-22 17:58:03,192 [Worker-39: Launching Executing clean in D__3-1_watchlist_Backend-2] INFO  o.eclipse.m2e.core.internal.Bundles - 	Entry: C:\Users\SHYAMALA\.p2\pool\plugins\org.eclipse.m2e.maven.runtime_3.9.900.20240824-1409\jars\plexus-component-annotations-2.1.0.jar
2025-09-22 17:58:03,192 [Worker-39: Launching Executing clean in D__3-1_watchlist_Backend-2] INFO  o.eclipse.m2e.core.internal.Bundles - 	Entry: C:\Users\SHYAMALA\.p2\pool\plugins\org.eclipse.m2e.maven.runtime_3.9.900.20240824-1409\jars\plexus-interpolation-1.27.jar
2025-09-22 17:58:03,192 [Worker-39: Launching Executing clean in D__3-1_watchlist_Backend-2] INFO  o.eclipse.m2e.core.internal.Bundles - 	Entry: C:\Users\SHYAMALA\.p2\pool\plugins\org.eclipse.m2e.maven.runtime_3.9.900.20240824-1409\jars\plexus-sec-dispatcher-2.0.jar
2025-09-22 17:58:03,192 [Worker-39: Launching Executing clean in D__3-1_watchlist_Backend-2] INFO  o.eclipse.m2e.core.internal.Bundles - 	Entry: C:\Users\SHYAMALA\.p2\pool\plugins\org.eclipse.m2e.maven.runtime_3.9.900.20240824-1409\jars\plexus-utils-3.5.1.jar
2025-09-22 17:58:03,192 [Worker-39: Launching Executing clean in D__3-1_watchlist_Backend-2] INFO  o.eclipse.m2e.core.internal.Bundles - 	Entry: C:\Users\SHYAMALA\.p2\pool\plugins\org.eclipse.m2e.maven.runtime_3.9.900.20240824-1409\jars\plexus-xml-3.0.1.jar
2025-09-22 17:58:03,192 [Worker-39: Launching Executing clean in D__3-1_watchlist_Backend-2] INFO  o.eclipse.m2e.core.internal.Bundles - 	Entry: C:\Users\SHYAMALA\.p2\pool\plugins\org.eclipse.m2e.maven.runtime_3.9.900.20240824-1409\jars\wagon-file-3.5.3.jar
2025-09-22 17:58:03,192 [Worker-39: Launching Executing clean in D__3-1_watchlist_Backend-2] INFO  o.eclipse.m2e.core.internal.Bundles - 	Entry: C:\Users\SHYAMALA\.p2\pool\plugins\org.eclipse.m2e.maven.runtime_3.9.900.20240824-1409\jars\wagon-http-3.5.3.jar
2025-09-22 17:58:03,193 [Worker-39: Launching Executing clean in D__3-1_watchlist_Backend-2] INFO  o.eclipse.m2e.core.internal.Bundles - 	Entry: C:\Users\SHYAMALA\.p2\pool\plugins\org.eclipse.m2e.maven.runtime_3.9.900.20240824-1409\jars\wagon-http-shared-3.5.3.jar
2025-09-22 17:58:03,193 [Worker-39: Launching Executing clean in D__3-1_watchlist_Backend-2] INFO  o.eclipse.m2e.core.internal.Bundles - 	Entry: C:\Users\SHYAMALA\.p2\pool\plugins\org.eclipse.m2e.maven.runtime_3.9.900.20240824-1409\jars\wagon-provider-api-3.5.3.jar
2025-09-22 17:58:03,193 [Worker-39: Launching Executing clean in D__3-1_watchlist_Backend-2] INFO  o.eclipse.m2e.core.internal.Bundles - getClasspathEntries(Bundle=com.google.guava_33.3.1.jre [1028])
2025-09-22 17:58:03,193 [Worker-39: Launching Executing clean in D__3-1_watchlist_Backend-2] INFO  o.eclipse.m2e.core.internal.Bundles - 	Entry: C:\Users\SHYAMALA\.p2\pool\plugins\com.google.guava_33.3.1.jre.jar
2025-09-22 17:58:03,193 [Worker-39: Launching Executing clean in D__3-1_watchlist_Backend-2] INFO  o.eclipse.m2e.core.internal.Bundles - getClasspathEntries(Bundle=slf4j.api_2.0.16 [1007])
2025-09-22 17:58:03,194 [Worker-39: Launching Executing clean in D__3-1_watchlist_Backend-2] INFO  o.eclipse.m2e.core.internal.Bundles - 	Entry: C:\Users\SHYAMALA\.p2\pool\plugins\slf4j.api_2.0.16.jar
2025-09-22 17:58:03,194 [Worker-39: Launching Executing clean in D__3-1_watchlist_Backend-2] INFO  o.eclipse.m2e.core.internal.Bundles - getClasspathEntries(Bundle=jakarta.inject.jakarta.inject-api_1.0.5 [34])
2025-09-22 17:58:03,194 [Worker-39: Launching Executing clean in D__3-1_watchlist_Backend-2] INFO  o.eclipse.m2e.core.internal.Bundles - 	Entry: C:\Users\SHYAMALA\.p2\pool\plugins\jakarta.inject.jakarta.inject-api_1.0.5.jar
2025-09-22 17:58:03,194 [Worker-39: Launching Executing clean in D__3-1_watchlist_Backend-2] INFO  o.eclipse.m2e.core.internal.Bundles - getClasspathEntries(Bundle=jakarta.annotation-api_1.3.5 [29])
2025-09-22 17:58:03,195 [Worker-39: Launching Executing clean in D__3-1_watchlist_Backend-2] INFO  o.eclipse.m2e.core.internal.Bundles - 	Entry: C:\Users\SHYAMALA\.p2\pool\plugins\jakarta.annotation-api_1.3.5.jar
2025-09-22 17:58:03,195 [Worker-39: Launching Executing clean in D__3-1_watchlist_Backend-2] INFO  o.eclipse.m2e.core.internal.Bundles - getClasspathEntries(Bundle=org.apache.commons.cli_1.9.0 [78])
2025-09-22 17:58:03,195 [Worker-39: Launching Executing clean in D__3-1_watchlist_Backend-2] INFO  o.eclipse.m2e.core.internal.Bundles - 	Entry: C:\Users\SHYAMALA\.p2\pool\plugins\org.apache.commons.cli_1.9.0.jar
2025-09-22 17:58:03,195 [Worker-39: Launching Executing clean in D__3-1_watchlist_Backend-2] INFO  o.eclipse.m2e.core.internal.Bundles - getClasspathEntries(Bundle=org.apache.commons.commons-codec_1.16.0 [81])
2025-09-22 17:58:03,195 [Worker-39: Launching Executing clean in D__3-1_watchlist_Backend-2] INFO  o.eclipse.m2e.core.internal.Bundles - 	Entry: C:\Users\SHYAMALA\.p2\pool\plugins\org.apache.commons.commons-codec_1.16.0.jar
2025-09-22 17:58:03,196 [Worker-39: Launching Executing clean in D__3-1_watchlist_Backend-2] INFO  o.eclipse.m2e.core.internal.Bundles - getClasspathEntries(Bundle=com.google.guava.failureaccess_1.0.2 [17])
2025-09-22 17:58:03,196 [Worker-39: Launching Executing clean in D__3-1_watchlist_Backend-2] INFO  o.eclipse.m2e.core.internal.Bundles - 	Entry: C:\Users\SHYAMALA\.p2\pool\plugins\com.google.guava.failureaccess_1.0.2.jar
2025-09-22 17:58:03,198 [Worker-39: Launching Executing clean in D__3-1_watchlist_Backend-2] INFO  o.e.m.i.launch.MavenLaunchDelegate - Run build in "D:\3-1\watchlist\Backend-2":
2025-09-22 17:58:03,198 [Worker-39: Launching Executing clean in D__3-1_watchlist_Backend-2] INFO  o.e.m.i.launch.MavenLaunchDelegate -  mvn  -Ppom.xml -B -Dstyle.color=always clean
2025-09-22 17:58:05,727 [Worker-34: Building] INFO  o.a.m.s.f.DefaultMavenResourcesFiltering - Copying 1 resource from src\main\resources to target\classes
2025-09-22 17:58:05,729 [Worker-34: Building] INFO  o.a.m.s.f.DefaultMavenResourcesFiltering - Copying 0 resource from src\main\resources to target\classes
2025-09-22 17:58:05,732 [Worker-34: Building] INFO  o.a.m.s.f.DefaultMavenResourcesFiltering - skip non existing resourceDirectory D:\3-1\watchlist\Backend-2\src\test\resources
2025-09-22 17:58:05,732 [Worker-34: Building] INFO  o.e.m.w.i.f.ResourceFilteringBuildParticipant - Changed resources require a complete clean of filtered resources of Backend-2
2025-09-22 17:58:05,732 [Worker-34: Building] INFO  o.e.m.w.i.f.ResourceFilteringBuildParticipant - Executing resource filtering for Backend-2
2025-09-22 17:58:45,365 [Worker-39: Updating Maven Project] INFO  o.e.m.c.i.p.ProjectConfigurationManager - Update started
2025-09-22 17:58:45,707 [Worker-39: Updating Maven Project] INFO  o.e.m.c.i.l.LifecycleMappingFactory - Using org.maven.ide.eclipse.wtp.WarLifecycleMapping lifecycle mapping for MavenProject: com.example:Backend-2:0.0.1-SNAPSHOT @ D:\3-1\watchlist\Backend-2\pom.xml.
2025-09-22 17:58:46,184 [Worker-39: Updating Maven Project] INFO  o.e.m.j.i.AbstractJavaProjectConfigurator - Adding source folder /Backend-2/src/main/java
2025-09-22 17:58:46,185 [Worker-39: Updating Maven Project] INFO  o.e.m.j.i.AbstractJavaProjectConfigurator - Adding resource folder /Backend-2/src/main/resources
2025-09-22 17:58:46,185 [Worker-39: Updating Maven Project] INFO  o.e.m.j.i.AbstractJavaProjectConfigurator - Adding resource folder /Backend-2/src/main/resources
2025-09-22 17:58:46,185 [Worker-39: Updating Maven Project] INFO  o.e.m.j.i.AbstractJavaProjectConfigurator - Adding source folder /Backend-2/src/test/java
2025-09-22 17:58:46,186 [Worker-39: Updating Maven Project] INFO  o.e.m.j.i.AbstractJavaProjectConfigurator - Adding resource folder /Backend-2/src/test/resources
2025-09-22 17:58:46,656 [Worker-39: Updating Maven Project] INFO  o.e.m.w.i.f.ResourceFilteringBuildParticipant - Cleaning filtered folder for Backend-2
2025-09-22 17:58:46,690 [Worker-39: Updating Maven Project] INFO  o.e.m.c.i.p.ProjectConfigurationManager - Update completed for 1 poms: local refresh takes 0.00 sec, refresh facades takes 0.00 sec, update config takes 0.00 sec 
2025-09-22 17:58:46,961 [Worker-39: Building] INFO  o.a.m.s.f.DefaultMavenResourcesFiltering - Copying 1 resource from src\main\resources to target\classes
2025-09-22 17:58:46,975 [Worker-39: Building] INFO  o.a.m.s.f.DefaultMavenResourcesFiltering - Copying 0 resource from src\main\resources to target\classes
2025-09-22 17:58:46,980 [Worker-39: Building] INFO  o.a.m.s.f.DefaultMavenResourcesFiltering - skip non existing resourceDirectory D:\3-1\watchlist\Backend-2\src\test\resources
2025-09-22 17:58:46,981 [Worker-39: Building] INFO  o.e.m.w.i.f.ResourceFilteringBuildParticipant - Changed resources require a complete clean of filtered resources of Backend-2
2025-09-22 17:58:46,981 [Worker-39: Building] INFO  o.e.m.w.i.f.ResourceFilteringBuildParticipant - Executing resource filtering for Backend-2
2025-09-22 18:04:36,364 [Worker-45: Building] INFO  o.e.m.c.i.l.LifecycleMappingFactory - Using org.maven.ide.eclipse.wtp.WarLifecycleMapping lifecycle mapping for MavenProject: com.example:Backend-2:0.0.1-SNAPSHOT @ D:\3-1\watchlist\Backend-2\pom.xml.
2025-09-22 18:04:36,962 [Worker-45: Building] INFO  o.a.m.s.f.DefaultMavenResourcesFiltering - Copying 0 resource from src\main\resources to target\classes
2025-09-22 18:04:36,962 [Worker-45: Building] INFO  o.a.m.s.f.DefaultMavenResourcesFiltering - Copying 0 resource from src\main\resources to target\classes
2025-09-22 18:04:36,967 [Worker-45: Building] INFO  o.a.m.s.f.DefaultMavenResourcesFiltering - skip non existing resourceDirectory D:\3-1\watchlist\Backend-2\src\test\resources
2025-09-22 18:04:36,968 [Worker-45: Building] INFO  o.e.m.w.i.f.ResourceFilteringBuildParticipant - Changed resources require a complete clean of filtered resources of Backend-2
2025-09-22 18:04:36,968 [Worker-45: Building] INFO  o.e.m.w.i.f.ResourceFilteringBuildParticipant - Executing resource filtering for Backend-2
2025-09-22 18:05:05,785 [Worker-47: Updating Maven Project] INFO  o.e.m.c.i.p.ProjectConfigurationManager - Update started
2025-09-22 18:05:06,083 [Worker-47: Updating Maven Project] INFO  o.e.m.c.i.l.LifecycleMappingFactory - Using org.maven.ide.eclipse.wtp.WarLifecycleMapping lifecycle mapping for MavenProject: com.example:Backend-2:0.0.1-SNAPSHOT @ D:\3-1\watchlist\Backend-2\pom.xml.
2025-09-22 18:05:06,571 [Worker-47: Updating Maven Project] INFO  o.e.m.j.i.AbstractJavaProjectConfigurator - Adding source folder /Backend-2/src/main/java
2025-09-22 18:05:06,571 [Worker-47: Updating Maven Project] INFO  o.e.m.j.i.AbstractJavaProjectConfigurator - Adding resource folder /Backend-2/src/main/resources
2025-09-22 18:05:06,572 [Worker-47: Updating Maven Project] INFO  o.e.m.j.i.AbstractJavaProjectConfigurator - Adding resource folder /Backend-2/src/main/resources
2025-09-22 18:05:06,572 [Worker-47: Updating Maven Project] INFO  o.e.m.j.i.AbstractJavaProjectConfigurator - Adding source folder /Backend-2/src/test/java
2025-09-22 18:05:06,573 [Worker-47: Updating Maven Project] INFO  o.e.m.j.i.AbstractJavaProjectConfigurator - Adding resource folder /Backend-2/src/test/resources
2025-09-22 18:05:07,067 [Worker-47: Updating Maven Project] INFO  o.e.m.w.i.f.ResourceFilteringBuildParticipant - Cleaning filtered folder for Backend-2
2025-09-22 18:05:07,087 [Worker-47: Updating Maven Project] INFO  o.e.m.c.i.p.ProjectConfigurationManager - Update completed for 1 poms: local refresh takes 0.00 sec, refresh facades takes 0.00 sec, update config takes 0.00 sec 
2025-09-22 18:05:07,403 [Worker-45: Building] INFO  o.a.m.s.f.DefaultMavenResourcesFiltering - Copying 1 resource from src\main\resources to target\classes
2025-09-22 18:05:07,423 [Worker-45: Building] INFO  o.a.m.s.f.DefaultMavenResourcesFiltering - Copying 0 resource from src\main\resources to target\classes
2025-09-22 18:05:07,429 [Worker-45: Building] INFO  o.a.m.s.f.DefaultMavenResourcesFiltering - skip non existing resourceDirectory D:\3-1\watchlist\Backend-2\src\test\resources
2025-09-22 18:05:07,429 [Worker-45: Building] INFO  o.e.m.w.i.f.ResourceFilteringBuildParticipant - Changed resources require a complete clean of filtered resources of Backend-2
2025-09-22 18:05:07,429 [Worker-45: Building] INFO  o.e.m.w.i.f.ResourceFilteringBuildParticipant - Executing resource filtering for Backend-2
2025-09-22 18:07:17,911 [Worker-47: Updating Maven Project] INFO  o.e.m.c.i.p.ProjectConfigurationManager - Update started
2025-09-22 18:07:18,254 [Worker-47: Updating Maven Project] INFO  o.e.m.c.i.l.LifecycleMappingFactory - Using org.maven.ide.eclipse.wtp.WarLifecycleMapping lifecycle mapping for MavenProject: com.example:Backend-2:0.0.1-SNAPSHOT @ D:\3-1\watchlist\Backend-2\pom.xml.
2025-09-22 18:07:18,753 [Worker-47: Updating Maven Project] INFO  o.e.m.j.i.AbstractJavaProjectConfigurator - Adding source folder /Backend-2/src/main/java
2025-09-22 18:07:18,754 [Worker-47: Updating Maven Project] INFO  o.e.m.j.i.AbstractJavaProjectConfigurator - Adding resource folder /Backend-2/src/main/resources
2025-09-22 18:07:18,754 [Worker-47: Updating Maven Project] INFO  o.e.m.j.i.AbstractJavaProjectConfigurator - Adding resource folder /Backend-2/src/main/resources
2025-09-22 18:07:18,754 [Worker-47: Updating Maven Project] INFO  o.e.m.j.i.AbstractJavaProjectConfigurator - Adding source folder /Backend-2/src/test/java
2025-09-22 18:07:18,755 [Worker-47: Updating Maven Project] INFO  o.e.m.j.i.AbstractJavaProjectConfigurator - Adding resource folder /Backend-2/src/test/resources
2025-09-22 18:07:19,217 [Worker-47: Updating Maven Project] INFO  o.e.m.w.i.f.ResourceFilteringBuildParticipant - Cleaning filtered folder for Backend-2
2025-09-22 18:07:19,240 [Worker-47: Updating Maven Project] INFO  o.e.m.c.i.p.ProjectConfigurationManager - Update completed for 1 poms: local refresh takes 0.00 sec, refresh facades takes 0.00 sec, update config takes 0.00 sec 
2025-09-22 18:07:19,545 [Worker-46: Building] INFO  o.a.m.s.f.DefaultMavenResourcesFiltering - Copying 1 resource from src\main\resources to target\classes
2025-09-22 18:07:19,558 [Worker-46: Building] INFO  o.a.m.s.f.DefaultMavenResourcesFiltering - Copying 0 resource from src\main\resources to target\classes
2025-09-22 18:07:19,562 [Worker-46: Building] INFO  o.a.m.s.f.DefaultMavenResourcesFiltering - skip non existing resourceDirectory D:\3-1\watchlist\Backend-2\src\test\resources
2025-09-22 18:07:19,562 [Worker-46: Building] INFO  o.e.m.w.i.f.ResourceFilteringBuildParticipant - Changed resources require a complete clean of filtered resources of Backend-2
2025-09-22 18:07:19,562 [Worker-46: Building] INFO  o.e.m.w.i.f.ResourceFilteringBuildParticipant - Executing resource filtering for Backend-2
2025-09-22 18:07:50,476 [Worker-48: Building] INFO  o.e.m.c.i.l.LifecycleMappingFactory - Using org.maven.ide.eclipse.wtp.WarLifecycleMapping lifecycle mapping for MavenProject: com.example:Backend-2:0.0.1-SNAPSHOT @ D:\3-1\watchlist\Backend-2\pom.xml.
2025-09-22 18:07:50,988 [Worker-48: Building] INFO  o.a.m.s.f.DefaultMavenResourcesFiltering - Copying 0 resource from src\main\resources to target\classes
2025-09-22 18:07:50,988 [Worker-48: Building] INFO  o.a.m.s.f.DefaultMavenResourcesFiltering - Copying 0 resource from src\main\resources to target\classes
2025-09-22 18:07:50,992 [Worker-48: Building] INFO  o.a.m.s.f.DefaultMavenResourcesFiltering - skip non existing resourceDirectory D:\3-1\watchlist\Backend-2\src\test\resources
2025-09-22 18:07:50,992 [Worker-48: Building] INFO  o.e.m.w.i.f.ResourceFilteringBuildParticipant - Changed resources require a complete clean of filtered resources of Backend-2
2025-09-22 18:07:50,992 [Worker-48: Building] INFO  o.e.m.w.i.f.ResourceFilteringBuildParticipant - Executing resource filtering for Backend-2
2025-09-22 18:08:39,994 [Worker-50: Updating Maven Project] INFO  o.e.m.c.i.p.ProjectConfigurationManager - Update started
2025-09-22 18:08:40,292 [Worker-50: Updating Maven Project] INFO  o.e.m.c.i.l.LifecycleMappingFactory - Using org.maven.ide.eclipse.wtp.WarLifecycleMapping lifecycle mapping for MavenProject: com.example:Backend-2:0.0.1-SNAPSHOT @ D:\3-1\watchlist\Backend-2\pom.xml.
2025-09-22 18:08:40,741 [Worker-50: Updating Maven Project] INFO  o.e.m.j.i.AbstractJavaProjectConfigurator - Adding source folder /Backend-2/src/main/java
2025-09-22 18:08:40,741 [Worker-50: Updating Maven Project] INFO  o.e.m.j.i.AbstractJavaProjectConfigurator - Adding resource folder /Backend-2/src/main/resources
2025-09-22 18:08:40,741 [Worker-50: Updating Maven Project] INFO  o.e.m.j.i.AbstractJavaProjectConfigurator - Adding resource folder /Backend-2/src/main/resources
2025-09-22 18:08:40,742 [Worker-50: Updating Maven Project] INFO  o.e.m.j.i.AbstractJavaProjectConfigurator - Adding source folder /Backend-2/src/test/java
2025-09-22 18:08:40,742 [Worker-50: Updating Maven Project] INFO  o.e.m.j.i.AbstractJavaProjectConfigurator - Adding resource folder /Backend-2/src/test/resources
2025-09-22 18:08:41,283 [Worker-50: Updating Maven Project] INFO  o.e.m.w.i.f.ResourceFilteringBuildParticipant - Cleaning filtered folder for Backend-2
2025-09-22 18:08:41,305 [Worker-50: Updating Maven Project] INFO  o.e.m.c.i.p.ProjectConfigurationManager - Update completed for 1 poms: local refresh takes 0.00 sec, refresh facades takes 0.00 sec, update config takes 0.00 sec 
2025-09-22 18:08:41,561 [Worker-46: Building] INFO  o.a.m.s.f.DefaultMavenResourcesFiltering - Copying 1 resource from src\main\resources to target\classes
2025-09-22 18:08:41,575 [Worker-46: Building] INFO  o.a.m.s.f.DefaultMavenResourcesFiltering - Copying 0 resource from src\main\resources to target\classes
2025-09-22 18:08:41,580 [Worker-46: Building] INFO  o.a.m.s.f.DefaultMavenResourcesFiltering - skip non existing resourceDirectory D:\3-1\watchlist\Backend-2\src\test\resources
2025-09-22 18:08:41,581 [Worker-46: Building] INFO  o.e.m.w.i.f.ResourceFilteringBuildParticipant - Changed resources require a complete clean of filtered resources of Backend-2
2025-09-22 18:08:41,581 [Worker-46: Building] INFO  o.e.m.w.i.f.ResourceFilteringBuildParticipant - Executing resource filtering for Backend-2
2025-09-22 18:11:18,063 [Worker-49: Updating Maven Project] INFO  o.e.m.c.i.p.ProjectConfigurationManager - Update started
2025-09-22 18:11:18,376 [Worker-49: Updating Maven Project] INFO  o.e.m.c.i.l.LifecycleMappingFactory - Using org.maven.ide.eclipse.wtp.WarLifecycleMapping lifecycle mapping for MavenProject: com.example:Backend-2:0.0.1-SNAPSHOT @ D:\3-1\watchlist\Backend-2\pom.xml.
2025-09-22 18:11:18,849 [Worker-49: Updating Maven Project] INFO  o.e.m.j.i.AbstractJavaProjectConfigurator - Adding source folder /Backend-2/src/main/java
2025-09-22 18:11:18,849 [Worker-49: Updating Maven Project] INFO  o.e.m.j.i.AbstractJavaProjectConfigurator - Adding resource folder /Backend-2/src/main/resources
2025-09-22 18:11:18,850 [Worker-49: Updating Maven Project] INFO  o.e.m.j.i.AbstractJavaProjectConfigurator - Adding resource folder /Backend-2/src/main/resources
2025-09-22 18:11:18,850 [Worker-49: Updating Maven Project] INFO  o.e.m.j.i.AbstractJavaProjectConfigurator - Adding source folder /Backend-2/src/test/java
2025-09-22 18:11:18,850 [Worker-49: Updating Maven Project] INFO  o.e.m.j.i.AbstractJavaProjectConfigurator - Adding resource folder /Backend-2/src/test/resources
2025-09-22 18:11:19,294 [Worker-49: Updating Maven Project] INFO  o.e.m.w.i.f.ResourceFilteringBuildParticipant - Cleaning filtered folder for Backend-2
2025-09-22 18:11:19,313 [Worker-49: Updating Maven Project] INFO  o.e.m.c.i.p.ProjectConfigurationManager - Update completed for 1 poms: local refresh takes 0.00 sec, refresh facades takes 0.00 sec, update config takes 0.00 sec 
2025-09-22 18:11:19,569 [Worker-51: Building] INFO  o.a.m.s.f.DefaultMavenResourcesFiltering - Copying 1 resource from src\main\resources to target\classes
2025-09-22 18:11:19,580 [Worker-51: Building] INFO  o.a.m.s.f.DefaultMavenResourcesFiltering - Copying 0 resource from src\main\resources to target\classes
2025-09-22 18:11:19,583 [Worker-51: Building] INFO  o.a.m.s.f.DefaultMavenResourcesFiltering - skip non existing resourceDirectory D:\3-1\watchlist\Backend-2\src\test\resources
2025-09-22 18:11:19,584 [Worker-51: Building] INFO  o.e.m.w.i.f.ResourceFilteringBuildParticipant - Changed resources require a complete clean of filtered resources of Backend-2
2025-09-22 18:11:19,584 [Worker-51: Building] INFO  o.e.m.w.i.f.ResourceFilteringBuildParticipant - Executing resource filtering for Backend-2
2025-09-22 18:15:42,678 [Worker-55: Building] INFO  o.e.m.c.i.l.LifecycleMappingFactory - Using org.maven.ide.eclipse.wtp.WarLifecycleMapping lifecycle mapping for MavenProject: com.example:Backend-2:0.0.1-SNAPSHOT @ D:\3-1\watchlist\Backend-2\pom.xml.
2025-09-22 18:15:43,653 [Worker-55: Building] INFO  o.a.m.s.f.DefaultMavenResourcesFiltering - Copying 0 resource from src\main\resources to target\classes
2025-09-22 18:15:43,654 [Worker-55: Building] INFO  o.a.m.s.f.DefaultMavenResourcesFiltering - Copying 0 resource from src\main\resources to target\classes
2025-09-22 18:15:43,661 [Worker-55: Building] INFO  o.a.m.s.f.DefaultMavenResourcesFiltering - skip non existing resourceDirectory D:\3-1\watchlist\Backend-2\src\test\resources
2025-09-22 18:15:43,663 [Worker-55: Building] INFO  o.e.m.w.i.f.ResourceFilteringBuildParticipant - Changed resources require a complete clean of filtered resources of Backend-2
2025-09-22 18:15:43,666 [Worker-55: Building] INFO  o.e.m.w.i.f.ResourceFilteringBuildParticipant - Executing resource filtering for Backend-2
2025-09-22 18:16:29,094 [Worker-47: Updating Maven Project] INFO  o.e.m.c.i.p.ProjectConfigurationManager - Update started
2025-09-22 18:16:29,396 [Worker-47: Updating Maven Project] INFO  o.e.m.c.i.l.LifecycleMappingFactory - Using org.maven.ide.eclipse.wtp.WarLifecycleMapping lifecycle mapping for MavenProject: com.example:Backend-2:0.0.1-SNAPSHOT @ D:\3-1\watchlist\Backend-2\pom.xml.
2025-09-22 18:16:29,887 [Worker-47: Updating Maven Project] INFO  o.e.m.j.i.AbstractJavaProjectConfigurator - Adding source folder /Backend-2/src/main/java
2025-09-22 18:16:29,887 [Worker-47: Updating Maven Project] INFO  o.e.m.j.i.AbstractJavaProjectConfigurator - Adding resource folder /Backend-2/src/main/resources
2025-09-22 18:16:29,887 [Worker-47: Updating Maven Project] INFO  o.e.m.j.i.AbstractJavaProjectConfigurator - Adding resource folder /Backend-2/src/main/resources
2025-09-22 18:16:29,887 [Worker-47: Updating Maven Project] INFO  o.e.m.j.i.AbstractJavaProjectConfigurator - Adding source folder /Backend-2/src/test/java
2025-09-22 18:16:29,888 [Worker-47: Updating Maven Project] INFO  o.e.m.j.i.AbstractJavaProjectConfigurator - Adding resource folder /Backend-2/src/test/resources
2025-09-22 18:16:30,375 [Worker-47: Updating Maven Project] INFO  o.e.m.w.i.f.ResourceFilteringBuildParticipant - Cleaning filtered folder for Backend-2
2025-09-22 18:16:30,394 [Worker-47: Updating Maven Project] INFO  o.e.m.c.i.p.ProjectConfigurationManager - Update completed for 1 poms: local refresh takes 0.00 sec, refresh facades takes 0.00 sec, update config takes 0.00 sec 
2025-09-22 18:16:30,659 [Worker-54: Building] INFO  o.a.m.s.f.DefaultMavenResourcesFiltering - Copying 1 resource from src\main\resources to target\classes
2025-09-22 18:16:30,671 [Worker-54: Building] INFO  o.a.m.s.f.DefaultMavenResourcesFiltering - Copying 0 resource from src\main\resources to target\classes
2025-09-22 18:16:30,675 [Worker-54: Building] INFO  o.a.m.s.f.DefaultMavenResourcesFiltering - skip non existing resourceDirectory D:\3-1\watchlist\Backend-2\src\test\resources
2025-09-22 18:16:30,675 [Worker-54: Building] INFO  o.e.m.w.i.f.ResourceFilteringBuildParticipant - Changed resources require a complete clean of filtered resources of Backend-2
2025-09-22 18:16:30,675 [Worker-54: Building] INFO  o.e.m.w.i.f.ResourceFilteringBuildParticipant - Executing resource filtering for Backend-2
2025-09-22 18:26:13,607 [Worker-59: Building] INFO  o.a.m.s.f.DefaultMavenResourcesFiltering - Copying 1 resource from src\main\resources to target\classes
2025-09-22 18:26:13,618 [Worker-59: Building] INFO  o.a.m.s.f.DefaultMavenResourcesFiltering - Copying 0 resource from src\main\resources to target\classes
2025-09-22 18:26:13,622 [Worker-59: Building] INFO  o.a.m.s.f.DefaultMavenResourcesFiltering - skip non existing resourceDirectory D:\3-1\watchlist\Backend-2\src\test\resources
2025-09-22 18:33:02,924 [Worker-6: Loading available Gradle versions] INFO  o.e.b.c.i.u.g.PublishedGradleVersions - Gradle version information cache is up-to-date. Trying to read.
2025-09-22 18:33:07,650 [Worker-9: Building] INFO  o.a.m.s.f.DefaultMavenResourcesFiltering - Copying 1 resource from src\main\resources to target\classes
2025-09-22 18:33:07,694 [Worker-9: Building] INFO  o.a.m.s.f.DefaultMavenResourcesFiltering - Copying 0 resource from src\main\resources to target\classes
2025-09-22 18:33:07,705 [Worker-9: Building] INFO  o.a.m.s.f.DefaultMavenResourcesFiltering - skip non existing resourceDirectory D:\3-1\watchlist\Backend-2\src\test\resources
